,championName,item0,item1,item2,item3,item4,item5,item6,teamPosition,win,matchId
0,Jayce,1036,1036,3070,1055,6691,2422,3340,TOP,False,KR_6823337832
1,Poppy,3158,1103,6632,0,0,1055,3340,JUNGLE,False,KR_6823337832
2,Orianna,6655,0,1052,1056,1082,3020,3363,MIDDLE,False,KR_6823337832
3,Varus,3153,1055,1042,3047,1042,2055,3340,BOTTOM,False,KR_6823337832
4,Braum,3855,3190,1029,3047,0,0,3364,UTILITY,False,KR_6823337832
5,Rumble,2031,4636,1058,1052,3020,1056,3340,TOP,True,KR_6823337832
6,Belveth,6631,3111,1055,2055,6672,0,3513,JUNGLE,True,KR_6823337832
7,Akali,3152,3145,2055,1082,1054,3020,3364,MIDDLE,True,KR_6823337832
8,Draven,2422,3078,6676,1036,0,1055,3363,BOTTOM,True,KR_6823337832
9,Nautilus,6667,2055,3859,3047,0,0,3364,UTILITY,True,KR_6823337832
0,Aatrox,3047,3074,3044,3161,6691,1037,3364,TOP,True,KR_6823319067
1,Graves,3071,3142,3047,1038,6676,1053,3364,JUNGLE,True,KR_6823319067
2,Akali,4645,2421,3152,3111,2055,0,3364,MIDDLE,True,KR_6823319067
3,Xayah,1038,3006,6675,3095,3094,1036,3363,BOTTOM,True,KR_6823319067
4,Bard,3853,4632,3158,4636,3108,2055,3364,UTILITY,True,KR_6823319067
5,Quinn,1055,3091,3095,3134,3006,0,3340,TOP,False,KR_6823319067
6,Vi,6632,3071,1036,3158,0,0,3364,JUNGLE,False,KR_6823319067
7,Leblanc,3158,6655,1058,1082,1058,1052,3340,MIDDLE,False,KR_6823319067
8,Draven,2422,3078,6676,1053,2055,0,3363,BOTTOM,False,KR_6823319067
9,Renata,3853,0,6667,3916,0,3158,3364,UTILITY,False,KR_6823319067
0,Aatrox,6691,3156,3134,1054,3111,1028,3340,TOP,False,KR_6823283319
1,LeeSin,6692,3814,0,3158,3156,3134,3340,JUNGLE,False,KR_6823283319
2,Orianna,4629,6655,1058,3111,1056,2055,3363,MIDDLE,False,KR_6823283319
3,Kaisa,3115,2421,3095,0,3006,3124,3363,BOTTOM,False,KR_6823283319
4,Nautilus,3860,3047,2055,3050,6667,0,3364,UTILITY,False,KR_6823283319
5,Cassiopeia,3116,6656,3191,2421,3040,3916,3363,TOP,True,KR_6823283319
6,Kindred,3078,6672,3047,3053,1033,3051,3340,JUNGLE,True,KR_6823283319
7,Neeko,3152,3157,4645,3135,1058,3158,3364,MIDDLE,True,KR_6823283319
8,Jhin,3094,6671,0,3095,3009,0,3363,BOTTOM,True,KR_6823283319
9,Blitzcrank,3001,3023,3860,0,1029,3117,3364,UTILITY,True,KR_6823283319
0,Teemo,3157,4632,3165,3135,3009,6653,3363,TOP,True,KR_6823194977
1,Rell,3050,6667,3109,3047,3075,3082,3364,JUNGLE,True,KR_6823194977
2,Orianna,3089,6655,3115,4629,3040,3135,3363,MIDDLE,True,KR_6823194977
3,Varus,6673,6035,3085,3153,3124,3026,3363,BOTTOM,True,KR_6823194977
4,Janna,3853,4638,0,3102,3009,4644,3364,UTILITY,True,KR_6823194977
5,Aatrox,6691,2421,3111,3814,3156,1038,3364,TOP,False,KR_6823194977
6,FiddleSticks,3157,4630,3152,3102,3020,3089,3330,JUNGLE,False,KR_6823194977
7,Zed,2421,3142,3158,6693,6695,3814,3363,MIDDLE,False,KR_6823194977
8,Ezreal,3508,3042,6691,3074,6694,4629,3363,BOTTOM,False,KR_6823194977
9,Gragas,4638,3853,2065,2421,4645,4005,3364,UTILITY,False,KR_6823194977
0,Yone,3181,6672,0,2031,3006,0,3363,TOP,False,KR_6823150265
1,LeeSin,3071,6630,2055,3111,0,0,3340,JUNGLE,False,KR_6823150265
2,Fizz,2033,6655,0,0,1082,3111,3364,MIDDLE,False,KR_6823150265
3,Varus,1052,1037,3153,1055,6677,3006,3363,BOTTOM,False,KR_6823150265
4,Janna,3853,6656,1082,3009,2055,0,3364,UTILITY,False,KR_6823150265
5,Poppy,3067,1054,3068,3047,3057,1031,3364,TOP,True,KR_6823150265
6,Khazix,0,0,6691,2422,3814,3179,3364,JUNGLE,True,KR_6823150265
7,Zoe,3145,6655,0,3020,3108,3041,3364,MIDDLE,True,KR_6823150265
8,Jhin,3142,3009,2055,1055,6676,1036,3363,BOTTOM,True,KR_6823150265
9,Bard,3853,3190,3222,3117,2055,0,3364,UTILITY,True,KR_6823150265
0,Jax,6632,3047,1054,1036,1028,0,3340,TOP,False,KR_6823105298
1,Graves,1102,6676,3142,0,0,2422,3364,JUNGLE,False,KR_6823105298
2,Orianna,6655,1052,3020,0,1056,1082,3363,MIDDLE,False,KR_6823105298
3,Draven,2422,3078,3134,1055,0,0,3340,BOTTOM,False,KR_6823105298
4,Nautilus,1033,0,3859,1054,3111,1028,3364,UTILITY,False,KR_6823105298
5,Trundle,3078,3009,0,1036,1055,3077,3363,TOP,True,KR_6823105298
6,FiddleSticks,3152,2421,1082,1102,3191,3020,3330,JUNGLE,True,KR_6823105298
7,Yone,1054,2031,3153,1018,1036,3006,3364,MIDDLE,True,KR_6823105298
8,Renata,2031,3859,2055,1011,3047,3105,3364,UTILITY,True,KR_6823105298
9,Varus,6677,0,3153,3006,1055,1037,3363,BOTTOM,True,KR_6823105298
0,Fiora,3074,3047,6630,3181,3133,3123,3340,TOP,False,KR_6822759170
1,Graves,2055,3071,6630,3155,3179,3111,3364,JUNGLE,False,KR_6822759170
2,Sylas,6656,1058,3157,1082,3020,4645,3364,MIDDLE,False,KR_6822759170
3,Varus,3153,3124,3091,3006,1053,1018,3363,BOTTOM,False,KR_6822759170
4,Blitzcrank,3860,6656,0,2055,3075,3117,3364,UTILITY,False,KR_6822759170
5,Trundle,3065,0,3076,6632,3748,3009,3363,TOP,True,KR_6822759170
6,LeeSin,6630,3071,2055,3047,1029,3053,3340,JUNGLE,True,KR_6822759170
7,Cassiopeia,6656,3157,4645,3116,3916,3040,3364,MIDDLE,True,KR_6822759170
8,Kaisa,3135,3179,6691,3006,3115,2055,3363,BOTTOM,True,KR_6822759170
9,Leona,6667,3076,3857,0,1028,3111,3364,UTILITY,True,KR_6822759170
0,Jax,6632,3067,0,1036,1036,3047,3340,TOP,False,KR_6821747606
1,Graves,3142,3133,3067,2422,1036,1036,3364,JUNGLE,False,KR_6821747606
2,TwistedFate,3100,6656,3009,0,0,0,3340,MIDDLE,False,KR_6821747606
3,Lucian,1055,3095,1036,1038,3086,2422,3363,BOTTOM,False,KR_6821747606
4,Milio,2065,2055,3851,1004,0,3158,3364,UTILITY,False,KR_6821747606
5,Poppy,1054,6632,3075,6660,1031,3047,3364,TOP,True,KR_6821747606
6,Nidalee,2421,1052,3108,4636,1082,3158,3364,JUNGLE,True,KR_6821747606
7,Yone,3181,3006,2055,6672,1038,1037,3364,MIDDLE,True,KR_6821747606
8,Ezreal,3042,3078,3133,3158,1055,0,3363,BOTTOM,True,KR_6821747606
9,Velkoz,3853,0,2420,3020,6653,0,3364,UTILITY,True,KR_6821747606
0,KSante,8020,3105,6662,1029,3111,1054,3364,TOP,True,KR_6804240897
1,Ekko,3152,3100,1058,1058,3041,3020,3364,JUNGLE,True,KR_6804240897
2,Yone,6662,6672,3091,3044,3006,1028,3364,MIDDLE,True,KR_6804240897
3,Samira,2421,3031,6676,3047,6673,1038,3364,BOTTOM,True,KR_6804240897
4,Nautilus,3860,3109,2055,3158,3001,1028,3364,UTILITY,True,KR_6804240897
5,Gwen,3115,1056,2055,4633,4645,3047,3364,TOP,False,KR_6804240897
6,Graves,3142,0,1018,3035,3071,3047,3364,JUNGLE,False,KR_6804240897
7,Jayce,3042,6691,2055,3158,1055,1036,3363,MIDDLE,False,KR_6804240897
8,Kaisa,6691,3179,3006,1036,1055,0,3363,BOTTOM,False,KR_6804240897
9,Rakan,6667,3860,2055,3047,1028,0,3364,UTILITY,False,KR_6804240897
0,Zac,8001,2031,3047,6662,0,0,3340,TOP,False,KR_6804173281
1,Kindred,3078,1043,3051,3047,0,0,3364,JUNGLE,False,KR_6804173281
2,Ahri,6653,2031,1033,1056,1082,3158,3364,MIDDLE,False,KR_6804173281
3,Kaisa,1055,3051,1038,6672,3006,1042,3363,BOTTOM,False,KR_6804173281
4,Nautilus,3001,3860,0,3111,0,0,3364,UTILITY,False,KR_6804173281
5,KSante,3068,0,0,6662,3047,0,3364,TOP,True,KR_6804173281
6,Graves,3095,3142,1036,1036,1055,2422,3364,JUNGLE,True,KR_6804173281
7,Sylas,6656,3135,2420,4645,1082,3020,3364,MIDDLE,True,KR_6804173281
8,Cassiopeia,6656,2031,1056,3040,0,4629,3363,BOTTOM,True,KR_6804173281
9,Alistar,2031,6667,0,3158,3067,3860,3364,UTILITY,True,KR_6804173281
0,KSante,2031,3067,1031,3057,2422,1054,3340,TOP,False,KR_6804125628
1,LeeSin,3111,3067,6630,2055,1103,0,3340,JUNGLE,False,KR_6804125628
2,Azir,1056,1026,1082,3802,3108,3020,3340,MIDDLE,False,KR_6804125628
3,Varus,1055,3153,2031,3006,0,0,3340,BOTTOM,False,KR_6804125628
4,Pyke,3133,3855,2055,3117,0,3134,3364,UTILITY,False,KR_6804125628
5,Jax,2031,3133,3047,6632,3067,1054,3340,TOP,True,KR_6804125628
6,Taliyah,0,6653,3020,3041,1052,1058,3364,JUNGLE,True,KR_6804125628
7,Yone,6672,3066,2055,3006,3044,1037,3340,MIDDLE,True,KR_6804125628
8,Kaisa,2031,3134,3006,3133,3179,1055,3363,BOTTOM,True,KR_6804125628
9,Nautilus,3859,6667,2055,0,0,3047,3364,UTILITY,True,KR_6804125628
0,KSante,3193,3111,3075,6662,3065,8020,3364,TOP,True,KR_6804045290
1,JarvanIV,3161,6630,2055,3158,3065,3110,3364,JUNGLE,True,KR_6804045290
2,Taliyah,6655,3040,1082,3020,4645,1058,3363,MIDDLE,True,KR_6804045290
3,Ziggs,1056,1058,3157,6653,3040,3020,3363,BOTTOM,True,KR_6804045290
4,Bard,3853,2055,3190,3107,3111,3094,3364,UTILITY,True,KR_6804045290
5,Gwen,4633,0,3115,3089,3158,4645,3364,TOP,False,KR_6804045290
6,Nocturne,2421,6631,2055,3071,3158,1029,3364,JUNGLE,False,KR_6804045290
7,Akali,3152,3916,3135,4645,3020,1082,3364,MIDDLE,False,KR_6804045290
8,Sivir,3072,3087,3006,6675,1036,1036,3363,BOTTOM,False,KR_6804045290
9,Leona,2055,1028,1011,3111,6667,3860,3364,UTILITY,False,KR_6804045290
0,Aatrox,2031,6691,0,3047,1054,0,3340,TOP,True,KR_6802296849
1,Viego,1102,0,3078,1036,1036,3047,3364,JUNGLE,True,KR_6802296849
2,Akali,2031,1082,1026,3145,3020,1054,3340,MIDDLE,True,KR_6802296849
3,Tristana,6672,3006,0,3133,1038,1055,3363,BOTTOM,True,KR_6802296849
4,Pyke,3855,3179,1036,1036,2055,3117,3364,UTILITY,True,KR_6802296849
5,Yone,1055,2031,1043,1083,3006,1036,3340,TOP,False,KR_6802296849
6,JarvanIV,3047,6630,1028,2055,1102,0,3364,JUNGLE,False,KR_6802296849
7,Leblanc,1056,2031,1026,3802,3020,1082,3340,MIDDLE,False,KR_6802296849
8,Kaisa,2031,3133,3134,2422,3179,1055,3363,BOTTOM,False,KR_6802296849
9,Senna,0,3863,3009,1036,3179,1036,3364,UTILITY,False,KR_6802296849
0,KSante,6660,1054,2055,6662,3047,1029,3340,TOP,True,KR_6802256864
1,JarvanIV,2055,6630,2420,3047,1055,3161,3364,JUNGLE,True,KR_6802256864
2,Akali,3152,3020,0,1082,1054,1058,3364,MIDDLE,True,KR_6802256864
3,Ziggs,2031,4645,2055,6653,3020,1056,3363,BOTTOM,True,KR_6802256864
4,Rell,3859,0,6667,0,0,3158,3364,UTILITY,True,KR_6802256864
5,Jayce,3158,2055,0,3035,3004,6692,3340,TOP,False,KR_6802256864
6,LeeSin,0,6630,2055,3047,0,0,3340,JUNGLE,False,KR_6802256864
7,Syndra,2031,6655,2055,3108,1056,3158,3363,MIDDLE,False,KR_6802256864
8,Draven,2055,3142,6672,3134,3006,0,3363,BOTTOM,False,KR_6802256864
9,Rakan,3859,2423,3158,1011,3105,2055,3364,UTILITY,False,KR_6802256864
0,Vayne,3051,0,0,1055,3153,3006,3340,TOP,True,KR_6802154986
1,LeeSin,1101,6630,2055,3067,3111,3133,3340,JUNGLE,True,KR_6802154986
2,Sylas,3111,6656,2031,1054,2424,0,3364,MIDDLE,True,KR_6802154986
3,Heimerdinger,1056,6653,1058,2003,2422,1058,3363,BOTTOM,True,KR_6802154986
4,Nautilus,6667,0,3859,0,0,3117,3364,UTILITY,True,KR_6802154986
5,Nasus,1056,3078,3158,0,0,0,3363,TOP,False,KR_6802154986
6,Graves,1036,2422,1036,0,1101,3142,3513,JUNGLE,False,KR_6802154986
7,Syndra,2031,3158,2423,3802,1056,1026,3340,MIDDLE,False,KR_6802154986
8,Swain,2031,3111,6653,1056,0,0,3340,BOTTOM,False,KR_6802154986
9,Senna,2031,3009,2055,3179,1018,3863,3364,UTILITY,False,KR_6802154986
0,Cassiopeia,3193,6657,0,3116,1082,0,3363,TOP,True,KR_6801726590
1,LeeSin,3071,6630,0,3133,3053,3111,3340,JUNGLE,True,KR_6801726590
2,Malphite,3089,6655,0,0,3158,0,3364,MIDDLE,True,KR_6801726590
3,Senna,3864,3094,3142,3134,3179,3009,3364,UTILITY,True,KR_6801726590
4,TahmKench,3068,3190,8001,1028,3111,3067,3340,BOTTOM,True,KR_6801726590
5,KSante,1054,2031,6662,3068,1057,3111,3340,TOP,False,KR_6801726590
6,Graves,3095,3142,3035,3047,0,1018,3363,JUNGLE,False,KR_6801726590
7,Syndra,1026,3158,3108,6655,4630,1082,3340,MIDDLE,False,KR_6801726590
8,Kaisa,3006,3046,1055,0,6672,6675,3363,BOTTOM,False,KR_6801726590
9,Rakan,3860,6667,3076,2055,1028,3158,3364,UTILITY,False,KR_6801726590
0,KSante,6665,4401,3105,3111,1054,1029,3340,TOP,False,KR_6801648262
1,Nidalee,4645,2421,3152,1082,3108,3020,3364,JUNGLE,False,KR_6801648262
2,Syndra,6655,3135,3089,3041,0,3158,3340,MIDDLE,False,KR_6801648262
3,Aphelios,1055,6671,3006,3072,1036,3095,3363,BOTTOM,False,KR_6801648262
4,Thresh,3857,6667,2055,3111,3023,1006,3364,UTILITY,False,KR_6801648262
5,Gwen,3089,3157,3115,4633,3158,3041,3364,TOP,True,KR_6801648262
6,Khazix,2055,3179,6691,3814,3158,6694,3364,JUNGLE,True,KR_6801648262
7,Taliyah,6655,4645,1082,3111,1056,0,3363,MIDDLE,True,KR_6801648262
8,Kaisa,3046,6672,2421,3006,3155,6675,3363,BOTTOM,True,KR_6801648262
9,Nautilus,2055,3860,1057,6667,3111,3076,3364,UTILITY,True,KR_6801648262
0,Ryze,6656,2031,3158,3040,4630,0,3340,TOP,False,KR_6800617104
1,Graves,0,3142,2055,3134,6670,3047,3364,JUNGLE,False,KR_6800617104
2,Akali,3152,1082,2421,3191,3020,3145,3364,MIDDLE,False,KR_6800617104
3,Xayah,1055,2055,0,6675,6672,3006,3363,BOTTOM,False,KR_6800617104
4,Rakan,2055,6667,3860,1004,0,3111,3364,UTILITY,False,KR_6800617104
5,Aatrox,6694,0,3111,6691,0,6696,3363,TOP,True,KR_6800617104
6,Taliyah,3157,4645,6655,3020,0,1082,3364,JUNGLE,True,KR_6800617104
7,Jayce,1036,3142,1055,3155,3042,3158,3364,MIDDLE,True,KR_6800617104
8,Kaisa,1055,6691,3179,3006,3115,1052,3363,BOTTOM,True,KR_6800617104
9,Rell,3860,6667,0,1031,3158,3066,3364,UTILITY,True,KR_6800617104
0,Rumble,1082,3152,2031,3020,4630,1052,3364,TOP,True,KR_6800588816
1,Poppy,1102,6667,0,6660,0,3158,3364,JUNGLE,True,KR_6800588816
2,Irelia,1001,1054,1033,3153,1043,3051,3340,MIDDLE,True,KR_6800588816
3,Ashe,3864,0,1052,3158,3179,0,3364,UTILITY,True,KR_6800588816
4,Kalista,1055,3006,3153,6677,1037,0,3363,BOTTOM,True,KR_6800588816
5,KSante,3067,1057,1054,1001,1031,3057,3340,TOP,False,KR_6800588816
6,LeeSin,1103,6630,0,2422,1036,0,3340,JUNGLE,False,KR_6800588816
7,Akali,3020,1082,1052,1026,1056,3145,3364,MIDDLE,False,KR_6800588816
8,Varus,3142,1001,2031,0,3070,1055,3340,BOTTOM,False,KR_6800588816
9,Pyke,3855,3179,3134,3009,2055,1036,3364,UTILITY,False,KR_6800588816
0,Renekton,1054,6631,3111,1011,0,3155,3340,TOP,False,KR_6800554596
1,Hecarim,6632,2055,3133,3067,3158,1057,3364,JUNGLE,False,KR_6800554596
2,Orianna,4644,1058,0,1082,4645,3020,3363,MIDDLE,False,KR_6800554596
3,Senna,3864,3142,1042,2015,3009,3179,3364,UTILITY,False,KR_6800554596
4,TahmKench,3111,2055,6665,1028,3068,1054,3363,BOTTOM,False,KR_6800554596
5,Rumble,1056,3152,4637,3041,4630,3020,3363,TOP,True,KR_6800554596
6,JarvanIV,3161,6630,0,3110,2422,1033,3364,JUNGLE,True,KR_6800554596
7,Akali,3152,3135,2055,1082,4645,3020,3364,MIDDLE,True,KR_6800554596
8,Varus,3142,2055,3134,3042,3158,6694,3363,BOTTOM,True,KR_6800554596
9,Ashe,3179,3864,2055,4005,3158,0,3364,UTILITY,True,KR_6800554596
0,KSante,1054,1057,1001,6662,0,0,3340,TOP,False,KR_6800509589
1,Taliyah,1101,6655,3145,0,2422,0,3364,JUNGLE,False,KR_6800509589
2,Yone,2031,1043,0,3006,1054,1042,3340,MIDDLE,False,KR_6800509589
3,Kalista,1055,3153,1042,3006,1036,0,3340,BOTTOM,False,KR_6800509589
4,Blitzcrank,3117,3067,3859,0,1004,1052,3364,UTILITY,False,KR_6800509589
5,Gwen,2031,0,1056,3108,4633,3158,3363,TOP,True,KR_6800509589
6,LeeSin,6630,1055,3071,0,2422,1101,3340,JUNGLE,True,KR_6800509589
7,Azir,1056,4644,0,0,3020,1082,3340,MIDDLE,True,KR_6800509589
8,Draven,6676,0,3078,3006,0,0,3363,BOTTOM,True,KR_6800509589
9,Renata,6667,3851,0,1001,0,0,3364,UTILITY,True,KR_6800509589
0,LeeSin,6630,2055,1054,3067,3133,3158,3340,TOP,True,KR_6800472351
1,JarvanIV,3158,6630,3133,1055,1103,1028,3364,JUNGLE,True,KR_6800472351
2,Syndra,2031,6655,2423,3108,1056,3158,3364,MIDDLE,True,KR_6800472351
3,Kalista,2031,2055,3124,3153,3006,1055,3363,BOTTOM,True,KR_6800472351
4,Renata,3853,3158,2031,6667,0,1028,3364,UTILITY,True,KR_6800472351
5,Rumble,1052,3047,3916,1056,1026,3145,3340,TOP,False,KR_6800472351
6,Vi,1103,2422,6632,1055,1028,2055,3364,JUNGLE,False,KR_6800472351
7,Ziggs,1056,2031,6653,3145,0,3020,3363,MIDDLE,False,KR_6800472351
8,Senna,3863,3142,2031,3009,0,0,3364,BOTTOM,False,KR_6800472351
9,TahmKench,2031,3068,1054,2422,0,0,3340,UTILITY,False,KR_6800472351
0,Renekton,0,1055,6029,1028,1001,3044,3340,TOP,False,KR_6799060740
1,LeeSin,0,6630,0,1036,1101,2422,3340,JUNGLE,False,KR_6799060740
2,Swain,2055,0,0,6657,1001,1056,3364,MIDDLE,False,KR_6799060740
3,Kaisa,1055,2031,1042,1083,3095,2422,3340,BOTTOM,False,KR_6799060740
4,Senna,3864,2031,3179,3009,3134,0,3364,UTILITY,False,KR_6799060740
5,Aatrox,3047,2031,0,1036,1054,6691,3364,TOP,True,KR_6799060740
6,Taliyah,3020,6653,0,1101,3041,0,3364,JUNGLE,True,KR_6799060740
7,Yone,6672,3006,0,1037,1054,1018,3364,MIDDLE,True,KR_6799060740
8,Varus,2031,3153,3006,1042,1042,1055,3340,BOTTOM,True,KR_6799060740
9,Rakan,3859,6667,3158,2031,0,1028,3364,UTILITY,True,KR_6799060740
0,Aatrox,0,0,0,3047,6691,3156,3364,TOP,True,KR_6799051035
1,LeeSin,3133,6630,0,3111,1036,3067,3340,JUNGLE,True,KR_6799051035
2,Orianna,3020,2420,3108,1056,6655,4645,3364,MIDDLE,True,KR_6799051035
3,Samira,6676,3031,0,0,1001,0,3363,BOTTOM,True,KR_6799051035
4,Rell,3860,2055,6667,0,0,3158,3364,UTILITY,True,KR_6799051035
5,Yone,1054,1018,1038,3006,6672,1037,3364,TOP,False,KR_6799051035
6,Nidalee,0,3191,3916,1082,4636,3020,3513,JUNGLE,False,KR_6799051035
7,Akali,3152,3145,2055,3020,1054,1082,3364,MIDDLE,False,KR_6799051035
8,Aphelios,1055,2055,6672,1036,3006,6671,3363,BOTTOM,False,KR_6799051035
9,Alistar,3860,6667,0,3158,1028,0,3364,UTILITY,False,KR_6799051035
0,Rumble,1052,2031,1026,4637,1056,3009,3363,TOP,False,KR_6799028369
1,JarvanIV,1103,3047,6630,3161,3067,2055,3364,JUNGLE,False,KR_6799028369
2,Akali,3152,1054,1058,3020,1082,1052,3364,MIDDLE,False,KR_6799028369
3,Varus,1055,3153,3006,6677,1037,0,3363,BOTTOM,False,KR_6799028369
4,Alistar,2055,3860,1011,3117,3105,0,3364,UTILITY,False,KR_6799028369
5,Aatrox,6630,2031,3158,1054,3156,0,3364,TOP,True,KR_6799028369
6,LeeSin,0,6630,0,3047,3133,0,3340,JUNGLE,True,KR_6799028369
7,Orianna,6653,3020,3041,3191,1056,2055,3364,MIDDLE,True,KR_6799028369
8,Samira,6676,3155,0,3047,3031,1055,3363,BOTTOM,True,KR_6799028369
9,Rell,6667,0,0,3859,3158,0,3364,UTILITY,True,KR_6799028369
0,Rumble,3089,3041,3020,3916,4637,4636,3363,TOP,True,KR_6799007009
1,Kindred,2420,3047,3078,3091,1038,6672,3364,JUNGLE,True,KR_6799007009
2,Akali,3152,3135,3157,2055,1054,3111,3364,MIDDLE,True,KR_6799007009
3,Varus,3153,3124,3006,1043,1055,1036,3363,BOTTOM,True,KR_6799007009
4,Renata,3853,6667,3107,2055,3916,3158,3364,UTILITY,True,KR_6799007009
5,Irelia,3153,3091,2055,3044,3111,1028,3340,TOP,False,KR_6799007009
6,JarvanIV,1103,6630,3082,1055,3111,3024,3364,JUNGLE,False,KR_6799007009
7,Syndra,6655,3020,1058,1058,1056,4629,3363,MIDDLE,False,KR_6799007009
8,Xayah,3072,0,6675,3006,1055,6672,3363,BOTTOM,False,KR_6799007009
9,Rakan,3107,3860,3190,2055,3111,0,3364,UTILITY,False,KR_6799007009
0,Kennen,3157,3152,3009,4645,3135,1058,3364,TOP,True,KR_6797605060
1,Gragas,3157,4636,4645,3089,3135,3020,3364,JUNGLE,True,KR_6797605060
2,Yone,3031,6672,8001,3006,6673,3181,3364,MIDDLE,True,KR_6797605060
3,Caitlyn,3094,6671,3095,3006,3036,3072,3363,BOTTOM,True,KR_6797605060
4,Karma,2065,3222,3853,0,3158,3113,3364,UTILITY,True,KR_6797605060
5,Jax,3111,3157,3193,6632,3181,3161,3340,TOP,False,KR_6797605060
6,JarvanIV,3161,6630,8020,3110,3111,2055,3364,JUNGLE,False,KR_6797605060
7,Leblanc,4645,2055,3157,6655,3020,3102,3364,MIDDLE,False,KR_6797605060
8,Ezreal,3158,3110,3078,3042,6694,3156,3363,BOTTOM,False,KR_6797605060
9,Ashe,3864,4643,3179,3158,4005,3123,3364,UTILITY,False,KR_6797605060
0,Jax,3111,3105,3157,3053,6632,3161,3340,TOP,True,KR_6797573850
1,FiddleSticks,3157,2055,3152,3102,0,3020,3330,JUNGLE,True,KR_6797573850
2,Singed,3116,6667,4005,0,1082,3009,3340,MIDDLE,True,KR_6797573850
3,Kalista,3153,2421,0,3124,3006,3091,3363,BOTTOM,True,KR_6797573850
4,Alistar,3860,0,6667,3158,1011,3067,3364,UTILITY,True,KR_6797573850
5,Aatrox,6630,3053,0,3047,1055,1028,3340,TOP,False,KR_6797573850
6,Kindred,3078,6672,3111,3071,1036,0,3364,JUNGLE,False,KR_6797573850
7,Ahri,4645,6656,1082,3158,4630,3916,3364,MIDDLE,False,KR_6797573850
8,Ezreal,1055,3133,6694,3042,3078,3158,3363,BOTTOM,False,KR_6797573850
9,Karma,4636,3020,4629,3853,2055,0,3364,UTILITY,False,KR_6797573850
0,Gwen,1056,4633,1058,3158,3115,4629,3364,TOP,True,KR_6797540845
1,Poppy,3109,3082,0,3158,6667,0,3364,JUNGLE,True,KR_6797540845
2,Akali,3152,0,3157,0,3020,1082,3364,MIDDLE,True,KR_6797540845
3,Aphelios,6671,1038,1055,6672,3006,1053,3363,BOTTOM,True,KR_6797540845
4,Renata,2031,3860,0,3023,6667,3158,3364,UTILITY,True,KR_6797540845
5,Jax,6632,3111,1037,3155,1036,0,3340,TOP,False,KR_6797540845
6,LeeSin,1036,6630,3047,2055,3067,1036,3340,JUNGLE,False,KR_6797540845
7,Orianna,6655,3020,3145,1056,1082,0,3363,MIDDLE,False,KR_6797540845
8,Jinx,6672,3006,6671,1055,0,0,3340,BOTTOM,False,KR_6797540845
9,Nautilus,0,0,3860,6667,1028,3111,3364,UTILITY,False,KR_6797540845
0,Gragas,0,2031,6656,3158,1056,3108,3340,TOP,False,KR_6797532074
1,Viego,3078,1102,1036,1055,3047,2055,3364,JUNGLE,False,KR_6797532074
2,Orianna,2031,3802,3108,3158,1082,1056,3363,MIDDLE,False,KR_6797532074
3,Kalista,6677,3006,3153,1055,1037,0,3363,BOTTOM,False,KR_6797532074
4,Neeko,3853,3152,2031,3158,0,0,3364,UTILITY,False,KR_6797532074
5,Jax,1054,2031,3111,3067,3057,3133,3340,TOP,True,KR_6797532074
6,LeeSin,1102,6630,1055,3133,2422,1028,3340,JUNGLE,True,KR_6797532074
7,Yone,3066,1054,6672,1036,1037,3006,3340,MIDDLE,True,KR_6797532074
8,Ziggs,1056,3070,6653,1058,2422,2031,3363,BOTTOM,True,KR_6797532074
9,Poppy,3001,0,3009,3855,0,0,3364,UTILITY,True,KR_6797532074
0,Ornn,6665,0,3047,6660,0,0,3364,TOP,False,KR_6797485943
1,Hecarim,6631,3161,0,3158,1028,3133,3364,JUNGLE,False,KR_6797485943
2,Neeko,1058,3152,1052,1082,1056,3020,3364,MIDDLE,False,KR_6797485943
3,Senna,3864,0,1036,3009,6692,1036,3363,UTILITY,False,KR_6797485943
4,Heimerdinger,1056,3089,0,3020,0,6653,3364,BOTTOM,False,KR_6797485943
5,KSante,1054,6662,3193,3068,0,3111,3363,TOP,True,KR_6797485943
6,Elise,3152,1082,0,4630,1026,3020,3364,JUNGLE,True,KR_6797485943
7,Orianna,1026,4644,3157,3111,1056,3041,3363,MIDDLE,True,KR_6797485943
8,Kalista,3153,3124,0,3006,1055,0,3363,BOTTOM,True,KR_6797485943
9,Rakan,1004,6667,2055,3860,3114,3111,3364,UTILITY,True,KR_6797485943
0,KSante,6662,3193,3111,3082,4401,0,3364,TOP,True,KR_6797267324
1,JarvanIV,3161,6630,0,3065,3158,3110,3364,JUNGLE,True,KR_6797267324
2,Taliyah,3102,3041,3135,6655,3089,3020,3340,MIDDLE,True,KR_6797267324
3,Kalista,3134,3124,3006,3153,3091,3026,3363,BOTTOM,True,KR_6797267324
4,Poppy,0,1033,3857,3742,6662,3047,3364,UTILITY,True,KR_6797267324
5,Rumble,3157,8020,3047,4636,3135,4637,3364,TOP,False,KR_6797267324
6,Shaco,2055,6631,6693,3814,3123,3047,3364,JUNGLE,False,KR_6797267324
7,Cassiopeia,3040,3157,6653,0,4645,4629,3363,MIDDLE,False,KR_6797267324
8,Jinx,1053,3006,6671,6672,3036,3094,3363,BOTTOM,False,KR_6797267324
9,Thresh,2055,3860,3109,6667,3047,1057,3364,UTILITY,False,KR_6797267324
0,Aatrox,1054,3134,3155,3133,1036,1001,3340,TOP,False,KR_6796724868
1,Brand,3802,1101,3108,3020,1082,3116,3364,JUNGLE,False,KR_6796724868
2,Orianna,2031,1056,6655,1052,3020,0,3363,MIDDLE,False,KR_6796724868
3,Caitlyn,1055,3095,1001,0,0,0,3340,BOTTOM,False,KR_6796724868
4,Alistar,1011,2031,2055,3859,3111,1029,3364,UTILITY,False,KR_6796724868
5,Gwen,1056,0,3047,4633,0,0,3340,TOP,True,KR_6796724868
6,LeeSin,0,6630,3133,3111,3067,1102,3340,JUNGLE,True,KR_6796724868
7,Akali,3152,3020,1052,1082,1054,1028,3364,MIDDLE,True,KR_6796724868
8,Kaisa,1037,3095,6677,3006,1055,0,3363,BOTTOM,True,KR_6796724868
9,Nautilus,1011,1029,3859,0,0,3111,3364,UTILITY,True,KR_6796724868
0,Aatrox,1054,0,1036,3047,1028,6691,3364,TOP,False,KR_6796704431
1,Nidalee,1101,3020,1082,4636,1029,0,3364,JUNGLE,False,KR_6796704431
2,Akali,3152,1054,0,3020,0,1082,3364,MIDDLE,False,KR_6796704431
3,Kalista,3124,3006,3153,1036,2055,1055,3363,BOTTOM,False,KR_6796704431
4,Rakan,6667,2055,3859,3916,0,3158,3364,UTILITY,False,KR_6796704431
5,Jax,2031,6632,1055,3158,1037,1053,3340,TOP,True,KR_6796704431
6,LeeSin,6630,0,3133,2422,1028,0,3513,JUNGLE,True,KR_6796704431
7,Azir,1026,1056,1043,4644,3020,3108,3363,MIDDLE,True,KR_6796704431
8,Varus,3153,1037,6677,1001,0,1055,3363,BOTTOM,True,KR_6796704431
9,Renata,3853,3107,6667,2055,3158,0,3364,UTILITY,True,KR_6796704431
0,Jax,6632,3047,2055,1055,0,0,3340,TOP,True,KR_6796022666
1,LeeSin,1101,6630,2055,3133,3158,0,3340,JUNGLE,True,KR_6796022666
2,Orianna,1052,6655,2420,3158,1056,1082,3340,MIDDLE,True,KR_6796022666
3,Ashe,3864,0,2055,1028,3158,3179,3364,UTILITY,True,KR_6796022666
4,Jinx,1055,1018,3095,1036,3006,1042,3363,BOTTOM,True,KR_6796022666
5,Yone,0,6672,1028,1054,3006,0,3340,TOP,False,KR_6796022666
6,MonkeyKing,3133,6632,0,2422,0,1102,3364,JUNGLE,False,KR_6796022666
7,Azir,1056,2031,3020,3802,1082,0,3340,MIDDLE,False,KR_6796022666
8,Varus,1053,2031,3006,1043,1055,2055,3340,BOTTOM,False,KR_6796022666
9,Blitzcrank,4642,0,2031,3858,3067,3009,3364,UTILITY,False,KR_6796022666
0,KSante,3075,1033,3047,0,0,6662,3340,TOP,False,KR_6795966189
1,Vi,3071,6662,0,3082,3158,3024,3364,JUNGLE,False,KR_6795966189
2,Akali,3152,3020,3135,1052,1058,1082,3364,MIDDLE,False,KR_6795966189
3,Ziggs,2055,6653,3040,1056,1082,3020,3363,BOTTOM,False,KR_6795966189
4,Pyke,0,6691,3857,3117,3134,3179,3364,UTILITY,False,KR_6795966189
5,Fiora,3074,3009,1055,1036,1036,6632,3363,TOP,True,KR_6795966189
6,LeeSin,0,6630,3158,3071,3155,0,3340,JUNGLE,True,KR_6795966189
7,Orianna,6655,3145,3102,3158,1082,1056,3363,MIDDLE,True,KR_6795966189
8,Varus,3091,3124,0,3153,3006,0,3363,BOTTOM,True,KR_6795966189
9,Blitzcrank,3860,0,2055,6656,3117,1028,3364,UTILITY,True,KR_6795966189
0,Aatrox,2031,1054,3155,6691,1036,3111,3364,TOP,False,KR_6795886732
1,Karthus,4645,6653,3020,4630,3916,0,3364,JUNGLE,False,KR_6795886732
2,Talon,6696,3142,3071,3158,3035,0,3364,MIDDLE,False,KR_6795886732
3,Kaisa,2055,3179,3089,3006,6691,3115,3363,BOTTOM,False,KR_6795886732
4,Pyke,0,3857,2031,3179,3134,3009,3364,UTILITY,False,KR_6795886732
5,Rumble,1056,1058,3152,4645,4637,3020,3363,TOP,True,KR_6795886732
6,Belveth,3161,6672,6631,1036,1037,3047,3340,JUNGLE,True,KR_6795886732
7,Akali,3152,1058,1082,3020,1058,4645,3364,MIDDLE,True,KR_6795886732
8,Varus,3042,3142,6694,1036,1036,3009,3363,BOTTOM,True,KR_6795886732
9,Ashe,3864,2421,4643,3179,4005,3158,3364,UTILITY,True,KR_6795886732
0,Aatrox,3161,6691,2421,3047,3814,0,3364,TOP,True,KR_6793238098
1,LeeSin,3111,6630,3071,6333,1055,1033,3340,JUNGLE,True,KR_6793238098
2,Fizz,3157,1052,6655,3158,3041,3100,3364,MIDDLE,True,KR_6793238098
3,Jhin,6671,2015,3095,1055,3086,3009,3363,BOTTOM,True,KR_6793238098
4,Alistar,3860,0,3066,6667,3111,1029,3364,UTILITY,True,KR_6793238098
5,Yone,6672,3031,1053,1055,1018,3006,3363,TOP,False,KR_6793238098
6,FiddleSticks,3157,2055,3152,4630,0,3020,3330,JUNGLE,False,KR_6793238098
7,Orianna,4629,4644,2055,3020,3135,3041,3363,MIDDLE,False,KR_6793238098
8,Varus,1055,3153,3124,3006,1042,0,3363,BOTTOM,False,KR_6793238098
9,Braum,6667,3067,3047,3860,1011,0,3364,UTILITY,False,KR_6793238098
0,Rumble,3157,3152,3009,1058,3041,1056,3340,TOP,True,KR_6793197269
1,Khazix,3142,3161,2421,3814,3179,3009,3364,JUNGLE,True,KR_6793197269
2,Sylas,6656,4645,3041,3135,3020,3157,3364,MIDDLE,True,KR_6793197269
3,Kalista,3153,3124,6673,1055,3085,3006,3363,BOTTOM,True,KR_6793197269
4,Nautilus,3857,3190,0,3075,3047,0,3364,UTILITY,True,KR_6793197269
5,Aatrox,3156,6691,3133,3158,1036,1036,3364,TOP,False,KR_6793197269
6,Taliyah,6655,0,1058,3116,3020,4645,3364,JUNGLE,False,KR_6793197269
7,Jayce,6692,3042,6694,1036,1055,3158,3363,MIDDLE,False,KR_6793197269
8,Ashe,1055,1043,3078,3006,3153,3051,3363,BOTTOM,False,KR_6793197269
9,Alistar,8001,6667,2055,3860,3023,3158,3364,UTILITY,False,KR_6793197269
0,Aatrox,6630,2055,3053,1036,3111,1054,3364,TOP,False,KR_6793158082
1,Ivern,2065,3012,0,0,3504,3158,3364,JUNGLE,False,KR_6793158082
2,Akali,3152,4645,2055,3020,1056,1082,3364,MIDDLE,False,KR_6793158082
3,Lucian,3508,6675,0,1055,0,2422,3363,BOTTOM,False,KR_6793158082
4,Rakan,6667,3860,2055,1028,1004,1001,3364,UTILITY,False,KR_6793158082
5,Rumble,2420,3152,3009,3041,3135,3191,3340,TOP,True,KR_6793158082
6,Neeko,2055,3152,4645,1082,2421,3020,3364,JUNGLE,True,KR_6793158082
7,Yasuo,1055,3031,1053,3006,0,6672,3364,MIDDLE,True,KR_6793158082
8,Jhin,3009,3031,0,3095,2015,3086,3363,BOTTOM,True,KR_6793158082
9,Alistar,3860,6667,0,3117,3075,0,3364,UTILITY,True,KR_6793158082
0,Udyr,6665,1082,3157,4637,0,3009,3364,TOP,False,KR_6793066935
1,Nidalee,2055,3157,3102,3041,4636,3020,3364,JUNGLE,False,KR_6793066935
2,Yasuo,6672,3508,0,3006,0,0,3364,MIDDLE,False,KR_6793066935
3,Aphelios,1055,3095,6671,2055,0,3006,3363,BOTTOM,False,KR_6793066935
4,Milio,3504,2065,1004,3853,0,3158,3364,UTILITY,False,KR_6793066935
5,Yone,1018,3181,3006,6672,3031,0,3364,TOP,True,KR_6793066935
6,Karthus,3157,3020,3916,1082,4630,6653,3364,JUNGLE,True,KR_6793066935
7,Orianna,0,3089,3157,4644,3041,3158,3363,MIDDLE,True,KR_6793066935
8,Kaisa,3124,1055,3046,1036,3006,3095,3363,BOTTOM,True,KR_6793066935
9,Rakan,3860,6667,3107,1082,3158,2055,3364,UTILITY,True,KR_6793066935
0,Jax,2420,3108,3071,6632,3047,1028,3340,TOP,False,KR_6792615997
1,Taliyah,1052,1082,1052,3116,6653,3020,3364,JUNGLE,False,KR_6792615997
2,Poppy,3047,6660,3193,1011,3053,0,3340,MIDDLE,False,KR_6792615997
3,Xayah,3156,6675,6672,3006,1053,1055,3363,BOTTOM,False,KR_6792615997
4,Rakan,3860,2055,6667,3114,3012,3047,3364,UTILITY,False,KR_6792615997
5,KSante,3193,0,0,3047,6662,3075,3340,TOP,True,KR_6792615997
6,Graves,2420,3142,3071,3036,6676,3111,3364,JUNGLE,True,KR_6792615997
7,Akali,3152,4645,3020,3135,0,1082,3364,MIDDLE,True,KR_6792615997
8,Kaisa,2055,3179,3115,3006,3089,6691,3363,BOTTOM,True,KR_6792615997
9,Pyke,3142,3857,3400,3117,3179,2421,3364,UTILITY,True,KR_6792615997
0,Renekton,6630,3071,2421,3111,3044,1037,3363,TOP,True,KR_6792483404
1,Vi,2420,8020,0,3071,3158,6632,3364,JUNGLE,True,KR_6792483404
2,Orianna,1056,6653,3135,1082,3158,4645,3363,MIDDLE,True,KR_6792483404
3,Sivir,6672,1038,3036,3006,6675,1018,3363,BOTTOM,True,KR_6792483404
4,Rakan,6667,0,3860,3111,3012,0,3364,UTILITY,True,KR_6792483404
5,Poppy,3068,2033,3105,3047,6665,1029,3364,TOP,False,KR_6792483404
6,Ivern,3504,3158,6617,3011,3107,0,3364,JUNGLE,False,KR_6792483404
7,Akali,3152,4645,3157,3020,1082,4630,3364,MIDDLE,False,KR_6792483404
8,Kaisa,6675,3046,2420,3006,6672,0,3363,BOTTOM,False,KR_6792483404
9,Nautilus,3860,0,3801,3023,6667,3047,3364,UTILITY,False,KR_6792483404
0,Olaf,1001,2031,3074,0,0,0,3340,TOP,False,KR_6792415348
1,LeeSin,6630,1103,2055,3133,2422,3067,3340,JUNGLE,False,KR_6792415348
2,Orianna,2031,3020,4644,1056,0,0,3340,MIDDLE,False,KR_6792415348
3,Jinx,1055,2031,0,6670,3006,2015,3340,BOTTOM,False,KR_6792415348
4,Alistar,2031,3117,3859,2055,1011,3105,3364,UTILITY,False,KR_6792415348
5,Fiora,1055,6632,3047,1037,0,0,3340,TOP,True,KR_6792415348
6,Taliyah,6655,1052,0,3020,1082,1101,3364,JUNGLE,True,KR_6792415348
7,Akali,3152,3145,0,3020,1054,1082,3364,MIDDLE,True,KR_6792415348
8,Kalista,3124,3006,1055,3153,0,0,3363,BOTTOM,True,KR_6792415348
9,Rell,1011,3855,2055,1033,3047,1029,3364,UTILITY,True,KR_6792415348
0,Rumble,1058,3152,0,3009,0,1056,3340,TOP,False,KR_6791940721
1,Vi,1102,2055,3067,3057,3133,2422,3340,JUNGLE,False,KR_6791940721
2,Akali,1056,2031,3152,0,1082,0,3364,MIDDLE,False,KR_6791940721
3,Kalista,1042,1055,0,0,3153,3006,3340,BOTTOM,False,KR_6791940721
4,Pyke,3134,3863,1036,2055,3117,0,3364,UTILITY,False,KR_6791940721
5,Tryndamere,1054,2031,6672,3006,0,0,3340,TOP,True,KR_6791940721
6,Karthus,0,2003,1082,3020,6653,1058,3340,JUNGLE,True,KR_6791940721
7,Yone,1018,1055,1038,1042,6672,3006,3364,MIDDLE,True,KR_6791940721
8,Ziggs,6653,0,3145,1058,3020,1056,3363,BOTTOM,True,KR_6791940721
9,Alistar,3859,3023,1028,6667,2055,3117,3364,UTILITY,True,KR_6791940721
0,Jax,6632,3156,3133,1001,0,1029,3340,TOP,False,KR_6791889204
1,LeeSin,6630,2055,3071,1036,0,2422,3340,JUNGLE,False,KR_6791889204
2,Ahri,6656,4629,0,1082,1056,3111,3364,MIDDLE,False,KR_6791889204
3,Kaisa,3124,1042,3095,1055,3006,1042,3363,BOTTOM,False,KR_6791889204
4,Nautilus,3860,0,2055,1028,3111,6667,3364,UTILITY,False,KR_6791889204
5,Akali,3152,2031,3020,1055,3135,0,3363,TOP,True,KR_6791889204
6,JarvanIV,6630,3158,3161,3110,1028,0,3364,JUNGLE,True,KR_6791889204
7,Neeko,3152,3135,2055,4645,1082,3158,3364,MIDDLE,True,KR_6791889204
8,Xayah,6672,6675,3051,3006,1055,3086,3363,BOTTOM,True,KR_6791889204
9,Rakan,3860,0,3111,6667,3916,3114,3364,UTILITY,True,KR_6791889204
0,MonkeyKing,3748,3053,3123,3078,3071,3047,3364,TOP,False,KR_6791375937
1,Kayn,3161,6630,2055,3158,3053,3179,3364,JUNGLE,False,KR_6791375937
2,Orianna,3089,2055,3157,3020,4644,0,3364,MIDDLE,False,KR_6791375937
3,Ezreal,6694,3042,3110,3078,3158,3156,3363,BOTTOM,False,KR_6791375937
4,Alistar,3860,0,6667,3076,1011,3158,3364,UTILITY,False,KR_6791375937
5,Fiora,3161,0,6630,3053,3074,3047,3364,TOP,True,KR_6791375937
6,Graves,0,3072,3142,3033,6676,3047,3364,JUNGLE,True,KR_6791375937
7,Akali,3152,4630,3157,1082,3089,3020,3364,MIDDLE,True,KR_6791375937
8,Kaisa,6675,3036,6672,3046,3006,0,3363,BOTTOM,True,KR_6791375937
9,Rell,3860,3109,3024,6667,3158,2055,3364,UTILITY,True,KR_6791375937
0,KSante,1054,6662,1029,0,0,1001,3340,TOP,False,KR_6791355568
1,LeeSin,6630,3133,2055,1028,1103,3111,3340,JUNGLE,False,KR_6791355568
2,Syndra,6653,1056,2055,3020,1052,0,3363,MIDDLE,False,KR_6791355568
3,Xayah,1055,2031,6672,3133,0,3006,3363,BOTTOM,False,KR_6791355568
4,Rakan,3105,2055,3859,1011,3158,0,3364,UTILITY,False,KR_6791355568
5,Gnar,0,2031,3047,1055,3133,3078,3340,TOP,True,KR_6791355568
6,Vi,6632,1036,2055,1102,1055,2422,3364,JUNGLE,True,KR_6791355568
7,Orianna,6655,3158,3108,1082,1056,0,3340,MIDDLE,True,KR_6791355568
8,Kaisa,2031,6691,3179,3006,1055,0,3363,BOTTOM,True,KR_6791355568
9,Nautilus,0,3860,2031,3047,1011,1029,3364,UTILITY,True,KR_6791355568
0,Taric,2055,3070,3158,6662,1028,3065,3364,TOP,True,KR_6791304006
1,Talon,6692,3071,3053,1036,1036,3158,3364,JUNGLE,True,KR_6791304006
2,Zed,3158,0,0,6692,3074,3071,3364,MIDDLE,True,KR_6791304006
3,Kaisa,3157,2055,3115,3124,3095,3006,3363,BOTTOM,True,KR_6791304006
4,Maokai,3857,1031,6667,3066,3009,1028,3364,UTILITY,True,KR_6791304006
5,Jax,6632,8001,0,3158,3181,3161,3340,TOP,False,KR_6791304006
6,JarvanIV,3161,6630,3082,1027,3158,1029,3364,JUNGLE,False,KR_6791304006
7,Akali,3152,4645,3157,1082,0,3020,3364,MIDDLE,False,KR_6791304006
8,Nilah,1055,6675,6676,6673,0,3047,3363,BOTTOM,False,KR_6791304006
9,Rakan,6667,3860,2055,3916,1028,3111,3364,UTILITY,False,KR_6791304006
0,Jax,3047,2421,6632,3161,1033,1054,3340,TOP,False,KR_6791209794
1,Diana,2055,3157,3152,3145,0,3020,3364,JUNGLE,False,KR_6791209794
2,Yasuo,6671,6672,1018,1054,0,3006,3363,MIDDLE,False,KR_6791209794
3,Caitlyn,3095,3031,3036,0,3006,0,3363,BOTTOM,False,KR_6791209794
4,Bard,3853,3190,0,3111,1028,1057,3364,UTILITY,False,KR_6791209794
5,Poppy,3068,3047,1011,2055,6665,3082,3364,TOP,True,KR_6791209794
6,JarvanIV,3161,3047,6630,2055,3024,1029,3364,JUNGLE,True,KR_6791209794
7,Orianna,6655,3041,3157,4645,3089,3020,3340,MIDDLE,True,KR_6791209794
8,Jinx,3085,3006,0,3031,3095,0,3363,BOTTOM,True,KR_6791209794
9,Lux,3853,4644,2421,2055,1052,3047,3364,UTILITY,True,KR_6791209794
0,KSante,3075,3111,8020,6662,1029,0,3340,TOP,False,KR_6791138050
1,LeeSin,2055,3155,6630,1037,3071,3111,3340,JUNGLE,False,KR_6791138050
2,Orianna,3089,4644,4645,3020,1056,0,3363,MIDDLE,False,KR_6791138050
3,Caitlyn,3031,3095,3094,3006,1055,0,3363,BOTTOM,False,KR_6791138050
4,Bard,3853,6667,2055,3012,3114,3111,3364,UTILITY,False,KR_6791138050
5,Belveth,6631,3193,3082,1011,3071,3047,3364,TOP,True,KR_6791138050
6,Kindred,6676,3031,3006,3086,6672,2015,3364,JUNGLE,True,KR_6791138050
7,Akali,3152,3157,2055,4645,1082,3020,3364,MIDDLE,True,KR_6791138050
8,Cassiopeia,1056,2055,3105,6657,3040,3116,3363,BOTTOM,True,KR_6791138050
9,Thresh,3857,6667,0,1011,3076,3117,3364,UTILITY,True,KR_6791138050
0,Poppy,3068,2033,3047,1055,6662,3105,3364,TOP,True,KR_6790847204
1,Viego,3071,3078,3026,0,3111,0,3364,JUNGLE,True,KR_6790847204
2,Jayce,3042,3158,6694,1036,1055,6691,3363,MIDDLE,True,KR_6790847204
3,Cassiopeia,0,1052,3157,1056,3040,6653,3363,BOTTOM,True,KR_6790847204
4,Rumble,3860,3145,4636,3165,3020,1082,3364,UTILITY,True,KR_6790847204
5,Jax,3071,0,6632,0,0,3047,3340,TOP,False,KR_6790847204
6,Nocturne,3111,6631,2055,3071,1038,0,3363,JUNGLE,False,KR_6790847204
7,Orianna,3041,1058,3157,3158,4644,0,3363,MIDDLE,False,KR_6790847204
8,Xayah,6672,3006,6675,1036,1018,1036,3363,BOTTOM,False,KR_6790847204
9,Rakan,3860,3111,2055,3109,6667,0,3364,UTILITY,False,KR_6790847204
0,Gnar,3143,3076,3047,3071,3078,1011,3363,TOP,True,KR_6790269024
1,Vi,3071,3026,2055,6632,3158,3044,3364,JUNGLE,True,KR_6790269024
2,Akali,3152,0,3157,4645,3020,1082,3364,MIDDLE,True,KR_6790269024
3,Kaisa,3115,3042,3006,6691,1058,1055,3363,BOTTOM,True,KR_6790269024
4,Rakan,3860,3050,2055,3047,6667,0,3364,UTILITY,True,KR_6790269024
5,Akshan,3047,3142,6676,1055,3035,2015,3363,MIDDLE,False,KR_6790269024
6,Rell,3068,3158,6667,3801,2055,1028,3364,JUNGLE,False,KR_6790269024
7,KSante,3076,6660,3193,6662,3047,1031,3364,TOP,False,KR_6790269024
8,Xayah,2420,6675,3046,3072,3006,6672,3363,BOTTOM,False,KR_6790269024
9,Nautilus,3047,6667,3857,2055,3076,0,3364,UTILITY,False,KR_6790269024
0,Renekton,6630,0,0,0,0,1054,3340,TOP,False,KR_6790236516
1,Pantheon,1101,6692,2422,1055,1036,0,3364,JUNGLE,False,KR_6790236516
2,Orianna,1056,4644,2031,3158,1052,0,3340,MIDDLE,False,KR_6790236516
3,Jinx,1055,0,1038,3095,0,3006,3340,BOTTOM,False,KR_6790236516
4,Thresh,3855,2031,2055,0,6667,3158,3364,UTILITY,False,KR_6790236516
5,Jax,1054,3111,2031,1036,6632,1028,3340,TOP,True,KR_6790236516
6,LeeSin,0,3133,6630,3047,1103,0,3340,JUNGLE,True,KR_6790236516
7,Akali,2031,1054,0,3020,3145,1082,3364,MIDDLE,True,KR_6790236516
8,Aphelios,1055,3095,3006,1018,0,0,3340,BOTTOM,True,KR_6790236516
9,Rakan,3859,0,2031,3111,1011,1029,3364,UTILITY,True,KR_6790236516
0,Gnar,1055,2031,3078,1037,3009,1036,3364,TOP,False,KR_6790201666
1,Elise,1058,4636,2055,3020,0,1082,3364,JUNGLE,False,KR_6790201666
2,TwistedFate,6656,2033,3108,1082,3111,3057,3340,MIDDLE,False,KR_6790201666
3,Ashe,3864,1028,3179,4642,0,3158,3364,UTILITY,False,KR_6790201666
4,Kalista,1055,1037,3153,6677,3006,0,3363,BOTTOM,False,KR_6790201666
5,KSante,1028,2031,1028,1054,3111,6662,3340,TOP,True,KR_6790201666
6,JarvanIV,3111,6630,2055,0,1028,1036,3364,JUNGLE,True,KR_6790201666
7,Akali,3152,3108,2420,1029,3041,3111,3364,MIDDLE,True,KR_6790201666
8,Kaisa,1055,3179,3006,6691,1042,0,3363,BOTTOM,True,KR_6790201666
9,Rell,3860,2031,2055,3001,3111,1028,3364,UTILITY,True,KR_6790201666
0,Yone,6672,1038,0,3006,3153,0,3363,TOP,False,KR_6790171019
1,JarvanIV,6630,2420,3024,3111,3161,0,3364,JUNGLE,False,KR_6790171019
2,Taliyah,3089,3111,1026,3040,4630,6655,3340,MIDDLE,False,KR_6790171019
3,Ezreal,3078,3074,2055,3042,6694,3158,3363,BOTTOM,False,KR_6790171019
4,Alistar,3111,0,3860,3076,6667,1011,3364,UTILITY,False,KR_6790171019
5,Renekton,6630,3161,3053,3026,3047,1033,3364,TOP,True,KR_6790171019
6,Ivern,3011,3107,2055,3158,6617,3504,3364,JUNGLE,True,KR_6790171019
7,Syndra,6653,3157,4629,3041,3135,3158,3363,MIDDLE,True,KR_6790171019
8,Twitch,3085,1053,3153,3006,1055,3124,3363,BOTTOM,True,KR_6790171019
9,Nautilus,3860,3001,0,3009,3075,1028,3364,UTILITY,True,KR_6790171019
0,Gragas,1056,6657,1029,3158,1028,1028,3340,TOP,True,KR_6790131322
1,Pantheon,1101,6692,3111,1055,3133,3134,3364,JUNGLE,True,KR_6790131322
2,Sylas,6656,2031,1058,3041,3145,3020,3364,MIDDLE,True,KR_6790131322
3,Aphelios,1055,2031,3095,3006,1037,2055,3340,BOTTOM,True,KR_6790131322
4,Nautilus,2055,3859,2010,3105,1011,3117,3364,UTILITY,True,KR_6790131322
5,Shen,2031,1011,1029,3067,1054,3111,3363,TOP,False,KR_6790131322
6,Graves,1103,1055,3142,2055,2422,1036,3364,JUNGLE,False,KR_6790131322
7,Vladimir,1082,3020,3108,3145,1052,1056,3340,MIDDLE,False,KR_6790131322
8,Ezreal,2031,3078,0,3070,0,1055,3363,BOTTOM,False,KR_6790131322
9,Karma,2055,3851,4642,0,3158,3067,3364,UTILITY,False,KR_6790131322
0,Rumble,3152,3157,3145,3020,3916,0,3364,TOP,False,KR_6789895793
1,JarvanIV,3143,2421,6630,0,3047,3161,3364,JUNGLE,False,KR_6789895793
2,Akali,3152,1058,3157,3041,4645,3020,3364,MIDDLE,False,KR_6789895793
3,Seraphine,4644,3040,3158,6616,1058,1082,3363,BOTTOM,False,KR_6789895793
4,Ashe,3179,3864,2055,6609,4642,3158,3364,UTILITY,False,KR_6789895793
5,Tryndamere,3078,6672,3181,3074,3155,3006,3340,TOP,True,KR_6789895793
6,Graves,6676,3142,0,3035,2422,3071,3364,JUNGLE,True,KR_6789895793
7,FiddleSticks,6653,0,3020,1056,1082,3102,3330,MIDDLE,True,KR_6789895793
8,Tristana,6675,3072,2420,1001,6672,3156,3363,BOTTOM,True,KR_6789895793
9,Rell,3860,3109,0,6667,3111,1028,3364,UTILITY,True,KR_6789895793
0,KSante,1054,0,3193,3047,6662,3075,3340,TOP,True,KR_6789885488
1,FiddleSticks,3157,0,3152,0,3020,0,3330,JUNGLE,True,KR_6789885488
2,Yone,1055,3181,2421,3006,6672,3031,3364,MIDDLE,True,KR_6789885488
3,Kalista,3006,3153,0,3124,3085,1055,3363,BOTTOM,True,KR_6789885488
4,Renata,3860,3916,0,1004,6667,3158,3364,UTILITY,True,KR_6789885488
5,Aatrox,1054,6630,3071,0,3047,0,3340,TOP,False,KR_6789885488
6,JarvanIV,3161,3047,6630,3082,0,0,3364,JUNGLE,False,KR_6789885488
7,Sylas,6656,4645,1058,1082,3020,1058,3364,MIDDLE,False,KR_6789885488
8,Tristana,6675,6672,3036,1001,1042,0,3363,BOTTOM,False,KR_6789885488
9,Blitzcrank,3857,6656,2055,3117,1028,0,3364,UTILITY,False,KR_6789885488
0,Gangplank,6675,3036,6676,3156,3508,3742,3363,TOP,True,KR_6789863160
1,Vi,3044,1028,3026,3071,3111,6632,3340,JUNGLE,True,KR_6789863160
2,Taliyah,0,1058,3157,3165,3158,6653,3364,MIDDLE,True,KR_6789863160
3,Aphelios,1018,3026,3072,3031,6672,3006,3363,BOTTOM,True,KR_6789863160
4,Alistar,6667,3860,0,3742,3158,0,3364,UTILITY,True,KR_6789863160
5,Rumble,1056,3157,1026,4637,3020,4636,3363,TOP,False,KR_6789863160
6,LeeSin,6630,2055,2421,3071,3053,3158,3340,JUNGLE,False,KR_6789863160
7,Sylas,6656,4645,3157,3089,4630,3158,3364,MIDDLE,False,KR_6789863160
8,Tristana,6672,6675,3026,3072,3036,3094,3363,BOTTOM,False,KR_6789863160
9,Rell,3860,3050,2055,3158,6667,3023,3364,UTILITY,False,KR_6789863160
0,KSante,3082,6662,3075,3047,8001,2055,3340,TOP,False,KR_6789837280
1,Vi,3071,6632,3161,2055,3047,0,3364,JUNGLE,False,KR_6789837280
2,Akali,3152,4645,2420,3020,1058,3041,3364,MIDDLE,False,KR_6789837280
3,Jinx,3031,3006,6672,1055,3035,1018,3363,BOTTOM,False,KR_6789837280
4,Renata,2420,3853,2065,0,3158,3067,3364,UTILITY,False,KR_6789837280
5,Aatrox,6630,0,3053,3047,3161,1054,3363,TOP,True,KR_6789837280
6,Ekko,3089,3152,4630,3041,4645,3020,3364,JUNGLE,True,KR_6789837280
7,Jayce,3142,3042,6694,1055,3158,1036,3364,MIDDLE,True,KR_6789837280
8,Xayah,1055,6675,3036,3006,1018,6672,3363,BOTTOM,True,KR_6789837280
9,Rakan,3111,3801,8001,3860,6667,2055,3364,UTILITY,True,KR_6789837280
0,KSante,1054,6662,2055,3068,3111,3105,3364,TOP,False,KR_6789758241
1,LeeSin,0,6630,2055,3158,3161,0,3340,JUNGLE,False,KR_6789758241
2,Sylas,2055,1052,1056,4636,1029,3020,3364,MIDDLE,False,KR_6789758241
3,Jinx,3072,3086,6671,3095,1043,3006,3363,BOTTOM,False,KR_6789758241
4,Braum,6667,3860,2055,3158,3023,1028,3364,UTILITY,False,KR_6789758241
5,Yone,0,3044,6672,3006,1054,1037,3363,TOP,True,KR_6789758241
6,Taliyah,4645,4644,1082,3020,1058,1058,3363,JUNGLE,True,KR_6789758241
7,Akali,3152,2055,2421,3020,3165,1082,3364,MIDDLE,True,KR_6789758241
8,Kaisa,3006,1038,6672,1053,6675,3046,3363,BOTTOM,True,KR_6789758241
9,Rakan,2055,6616,0,6667,3158,3853,3364,UTILITY,True,KR_6789758241
0,KSante,3143,6662,3193,3047,3067,1057,3363,TOP,False,KR_6789095615
1,Graves,3142,3071,3026,3047,3036,6676,3364,JUNGLE,False,KR_6789095615
2,Syndra,4645,2420,3020,1058,0,6655,3363,MIDDLE,False,KR_6789095615
3,Caitlyn,3095,6671,0,3006,1055,3094,3363,BOTTOM,False,KR_6789095615
4,Renata,3860,2055,2065,3107,3158,0,3364,UTILITY,False,KR_6789095615
5,Gnar,2031,3078,3044,3071,3047,1055,3363,TOP,True,KR_6789095615
6,LeeSin,3026,6630,0,3071,6333,3047,3340,JUNGLE,True,KR_6789095615
7,Sylas,6656,3089,3157,4645,3158,0,3364,MIDDLE,True,KR_6789095615
8,Kaisa,6672,3046,2421,3036,3006,6675,3363,BOTTOM,True,KR_6789095615
9,Blitzcrank,3117,0,6656,3860,3110,1028,3364,UTILITY,True,KR_6789095615
0,KSante,6662,3047,3193,3076,1011,0,3340,TOP,False,KR_6787542303
1,Vi,3067,6632,2421,6609,1029,3158,3364,JUNGLE,False,KR_6787542303
2,Orianna,3089,4644,3157,3020,3041,0,3363,MIDDLE,False,KR_6787542303
3,Kaisa,3006,3142,3095,3051,1043,1055,3363,BOTTOM,False,KR_6787542303
4,Nautilus,3023,3860,2055,0,6667,3047,3364,UTILITY,False,KR_6787542303
5,Fiora,3155,0,6632,3158,3074,3181,3364,TOP,True,KR_6787542303
6,Nidalee,3102,3157,0,4645,4636,3020,3364,JUNGLE,True,KR_6787542303
7,Talon,3814,2421,3142,3158,6693,1036,3364,MIDDLE,True,KR_6787542303
8,Sivir,3072,0,3036,6675,3087,3006,3363,BOTTOM,True,KR_6787542303
9,Pyke,3857,2421,0,3179,3117,1031,3364,UTILITY,True,KR_6787542303
0,KSante,3193,3075,1033,6662,3047,1054,3364,TOP,True,KR_6787147375
1,Brand,3135,1082,6653,0,3116,3020,3364,JUNGLE,True,KR_6787147375
2,Yone,1029,6672,2421,3006,1038,3031,3364,MIDDLE,True,KR_6787147375
3,Xayah,3095,0,3072,3006,6675,0,3363,BOTTOM,True,KR_6787147375
4,Rell,3859,3109,2055,6667,3158,0,3364,UTILITY,True,KR_6787147375
5,Kayle,1083,1053,2421,3009,3091,3124,3363,TOP,False,KR_6787147375
6,Vi,3071,6632,3111,0,0,0,3364,JUNGLE,False,KR_6787147375
7,Syndra,3041,3158,3135,4629,6653,0,3363,MIDDLE,False,KR_6787147375
8,Kaisa,1055,3086,6672,6675,1043,3006,3363,BOTTOM,False,KR_6787147375
9,Rakan,0,6667,3860,3111,3012,3114,3364,UTILITY,False,KR_6787147375
0,Gnar,2055,3071,3143,3047,3078,1055,3363,TOP,False,KR_6787107830
1,JarvanIV,3161,6630,2055,3111,3110,3211,3364,JUNGLE,False,KR_6787107830
2,Akali,4630,3108,3152,3111,4645,1026,3364,MIDDLE,False,KR_6787107830
3,Ziggs,3040,6653,3089,4645,3041,3020,3363,BOTTOM,False,KR_6787107830
4,Bard,3853,3190,0,3742,3111,3067,3364,UTILITY,False,KR_6787107830
5,Renekton,6631,3161,8001,3156,3047,1057,3340,TOP,True,KR_6787107830
6,Poppy,3742,3158,0,4401,6632,3105,3364,JUNGLE,True,KR_6787107830
7,Orianna,3040,4644,0,1082,3135,3158,3363,MIDDLE,True,KR_6787107830
8,Caitlyn,3006,3095,3072,3035,3094,3031,3363,BOTTOM,True,KR_6787107830
9,Leona,3860,3109,2055,6667,3111,3024,3364,UTILITY,True,KR_6787107830
0,Karthus,4645,6653,1058,3041,3020,1058,3364,JUNGLE,True,KR_6785891176
1,Malphite,1056,1028,2031,1057,3111,6667,3364,TOP,True,KR_6785891176
2,Yone,6672,3006,0,3181,1055,3031,3364,MIDDLE,True,KR_6785891176
3,Senna,3142,3179,3864,3009,3086,3134,3364,UTILITY,True,KR_6785891176
4,TahmKench,1054,3068,3111,6665,1028,1057,3363,BOTTOM,True,KR_6785891176
5,Sylas,6656,2420,1082,3108,3158,4645,3364,TOP,False,KR_6785891176
6,Taliyah,2055,3020,6653,4630,3116,1026,3364,JUNGLE,False,KR_6785891176
7,Jayce,6691,1036,1036,2422,3042,1055,3363,MIDDLE,False,KR_6785891176
8,Kalista,1055,3124,3153,0,3006,0,3363,BOTTOM,False,KR_6785891176
9,Rell,2055,3190,3860,1028,1029,3158,3364,UTILITY,False,KR_6785891176
0,Rumble,1056,4637,4636,4645,3916,3009,3364,TOP,True,KR_6785859718
1,Vi,0,2421,6632,3071,1029,3111,3364,JUNGLE,True,KR_6785859718
2,Syndra,4645,2421,0,6655,3020,1082,3363,MIDDLE,True,KR_6785859718
3,Ashe,3078,6672,1038,1055,3085,3006,3363,BOTTOM,True,KR_6785859718
4,TahmKench,0,3190,3860,3109,1028,3111,3364,UTILITY,True,KR_6785859718
5,Aatrox,6691,3134,3155,1036,1028,1001,3364,TOP,False,KR_6785859718
6,Poppy,3158,4401,0,0,0,6662,3364,JUNGLE,False,KR_6785859718
7,Vex,4630,6656,1082,0,4645,3020,3363,MIDDLE,False,KR_6785859718
8,Ezreal,3133,3078,2031,3042,3035,3158,3340,BOTTOM,False,KR_6785859718
9,Zac,2055,1028,3860,6667,1057,3111,3364,UTILITY,False,KR_6785859718
0,Kled,3143,6631,2421,3091,3047,3074,3364,TOP,True,KR_6785829333
1,LeeSin,3047,3155,6630,2055,3026,3071,3340,JUNGLE,True,KR_6785829333
2,Yasuo,6673,6631,6672,3006,3026,1057,3364,MIDDLE,True,KR_6785829333
3,Ziggs,6653,4645,1052,3020,3040,1056,3363,BOTTOM,True,KR_6785829333
4,Rell,3109,3860,0,3158,6667,3067,3364,UTILITY,True,KR_6785829333
5,KSante,6662,3075,2055,3068,3047,3105,3363,TOP,False,KR_6785829333
6,Kindred,1036,3078,6672,3047,3033,1055,3364,JUNGLE,False,KR_6785829333
7,Akali,3152,3089,3157,3020,1026,4630,3364,MIDDLE,False,KR_6785829333
8,Kaisa,1058,3006,3115,1058,3095,3124,3363,BOTTOM,False,KR_6785829333
9,Pyke,3857,3179,3110,2055,0,3111,3364,UTILITY,False,KR_6785829333
0,KSante,6662,3068,0,3111,3076,1011,3364,TOP,True,KR_6785795484
1,LeeSin,1055,2420,6630,3047,6333,3071,3340,JUNGLE,True,KR_6785795484
2,Sylas,6656,0,3157,3111,3089,1082,3364,MIDDLE,True,KR_6785795484
3,Ezreal,0,3078,6694,3042,3158,1036,3363,BOTTOM,True,KR_6785795484
4,Leona,6667,3860,3111,1011,1028,0,3364,UTILITY,True,KR_6785795484
5,Gnar,3067,3078,3133,3047,3053,1055,3340,TOP,False,KR_6785795484
6,Viego,2055,1036,3078,3111,3071,0,3364,JUNGLE,False,KR_6785795484
7,Vex,3108,4629,2421,6653,3020,1082,3364,MIDDLE,False,KR_6785795484
8,Kaisa,6675,6672,3006,3051,1042,1055,3363,BOTTOM,False,KR_6785795484
9,Maokai,2055,0,0,3857,3111,6667,3364,UTILITY,False,KR_6785795484
0,Taliyah,1056,3040,2421,0,3020,4644,3363,MIDDLE,True,KR_6784516539
1,LeeSin,6630,2055,3071,3047,1029,3133,3340,JUNGLE,True,KR_6784516539
2,Poppy,6632,3047,3076,2033,3742,1057,3364,TOP,True,KR_6784516539
3,Ezreal,1055,3158,3078,3042,1036,1036,3363,BOTTOM,True,KR_6784516539
4,Leona,3857,3076,0,6667,0,3047,3364,UTILITY,True,KR_6784516539
5,KSante,3047,3068,3076,3105,3067,0,3340,TOP,False,KR_6784516539
6,Khazix,0,3142,1036,3111,3179,0,3364,JUNGLE,False,KR_6784516539
7,Akali,3152,1052,3157,3020,1082,1054,3364,MIDDLE,False,KR_6784516539
8,Draven,0,3508,3074,0,0,3006,3363,BOTTOM,False,KR_6784516539
9,Taric,3158,3857,6667,2055,3070,0,3364,UTILITY,False,KR_6784516539
0,Rumble,4636,3916,4630,3020,4645,1026,3363,TOP,False,KR_6784485700
1,Graves,3142,2055,3035,3071,6676,3111,3364,JUNGLE,False,KR_6784485700
2,TwistedFate,6656,2424,2033,3111,3108,3094,3364,MIDDLE,False,KR_6784485700
3,Kalista,3153,3085,3077,1055,3124,3006,3363,BOTTOM,False,KR_6784485700
4,Taric,3860,2065,2055,3158,3011,3067,3364,UTILITY,False,KR_6784485700
5,Aatrox,6694,0,2420,6691,3156,3111,3363,TOP,True,KR_6784485700
6,JarvanIV,6630,2055,3161,6333,0,3047,3364,JUNGLE,True,KR_6784485700
7,Azir,4644,1082,3020,3115,3135,3108,3363,MIDDLE,True,KR_6784485700
8,Ashe,1055,3085,3078,3006,6672,1033,3363,BOTTOM,True,KR_6784485700
9,Renata,3853,3190,3222,2055,3047,3082,3364,UTILITY,True,KR_6784485700
0,Udyr,1056,6660,0,3047,1028,6662,3340,TOP,False,KR_6782669509
1,Nidalee,3158,2055,3157,1082,3145,4636,3364,JUNGLE,False,KR_6782669509
2,Yone,2031,3153,1028,3006,1036,0,3340,MIDDLE,False,KR_6782669509
3,Caitlyn,1055,3006,3095,0,0,0,3363,BOTTOM,False,KR_6782669509
4,Rell,2031,0,3859,3105,1011,3158,3364,UTILITY,False,KR_6782669509
5,Jayce,3042,3158,0,6692,0,0,3340,TOP,True,KR_6782669509
6,Graves,3142,2055,3134,3047,1055,0,3364,JUNGLE,True,KR_6782669509
7,Orianna,1056,3158,6653,1082,3108,0,3363,MIDDLE,True,KR_6782669509
8,Kaisa,6675,3051,1043,1055,6672,3006,3513,BOTTOM,True,KR_6782669509
9,Sett,3857,2031,0,6667,0,3047,3364,UTILITY,True,KR_6782669509
0,Gwen,3115,4630,1026,0,3158,4633,3364,TOP,False,KR_6782618709
1,Belveth,3156,6631,2421,3082,1036,3111,3364,JUNGLE,False,KR_6782618709
2,Yasuo,1031,6631,3156,3006,3072,6672,3364,MIDDLE,False,KR_6782618709
3,Kalista,3006,3085,2420,6673,3153,3124,3363,BOTTOM,False,KR_6782618709
4,Neeko,3157,3853,3152,2055,3158,3108,3364,UTILITY,False,KR_6782618709
5,KSante,6662,3075,3105,3047,3110,8020,3364,TOP,True,KR_6782618709
6,Elise,4636,0,3157,4645,0,3020,3364,JUNGLE,True,KR_6782618709
7,Akali,3152,4645,3157,3135,1082,3020,3364,MIDDLE,True,KR_6782618709
8,Samira,3031,6673,2055,3072,3047,6676,3363,BOTTOM,True,KR_6782618709
9,Renata,2065,0,3853,3012,3158,3011,3364,UTILITY,True,KR_6782618709
0,Jayce,6692,3042,3035,1036,1055,3158,3364,TOP,True,KR_6782580131
1,Nidalee,1052,1058,3157,4636,1082,3020,3364,JUNGLE,True,KR_6782580131
2,Milio,3504,3853,2065,0,3158,1004,3364,UTILITY,True,KR_6782580131
3,Lucian,3158,3036,2421,6675,3508,1038,3363,BOTTOM,True,KR_6782580131
4,Diana,3916,3152,3157,1052,1082,3020,3364,MIDDLE,True,KR_6782580131
5,Aatrox,6630,3053,3047,3082,1028,0,3364,TOP,False,KR_6782580131
6,LeeSin,3158,6630,2055,3071,1036,1036,3340,JUNGLE,False,KR_6782580131
7,Akali,3152,4645,3191,3041,1056,3020,3364,MIDDLE,False,KR_6782580131
8,Ezreal,3074,3042,2055,3078,0,3158,3363,BOTTOM,False,KR_6782580131
9,Rakan,3860,6667,2055,3158,3067,1011,3364,UTILITY,False,KR_6782580131
0,Yone,3153,6671,3026,3006,6673,1018,3364,TOP,False,KR_6782501479
1,LeeSin,3053,6630,3047,3071,0,0,3340,JUNGLE,False,KR_6782501479
2,Pyke,3142,2055,2421,3158,1029,6696,3364,MIDDLE,False,KR_6782501479
3,Draven,0,6676,3036,3072,3006,3078,3363,BOTTOM,False,KR_6782501479
4,Renata,3011,2055,3860,0,6667,3158,3364,UTILITY,False,KR_6782501479
5,Aatrox,6630,3143,2421,3047,1031,1036,3364,TOP,True,KR_6782501479
6,Nidalee,3020,4636,3157,4645,1082,0,3364,JUNGLE,True,KR_6782501479
7,Orianna,1082,6655,3157,3135,1056,3158,3340,MIDDLE,True,KR_6782501479
8,Kalista,3153,3026,3085,3143,3124,3047,3363,BOTTOM,True,KR_6782501479
9,Nautilus,3857,0,0,6667,3109,3047,3364,UTILITY,True,KR_6782501479
0,Irelia,1055,3153,3111,3091,3044,1028,3340,TOP,False,KR_6782079228
1,Vi,1031,6632,2055,3071,2421,3111,3364,JUNGLE,False,KR_6782079228
2,Orianna,6653,3102,3145,1082,3020,1056,3363,MIDDLE,False,KR_6782079228
3,Kaisa,2055,3046,1055,6675,6672,3006,3363,BOTTOM,False,KR_6782079228
4,Rakan,6667,3860,2055,3109,3111,1028,3364,UTILITY,False,KR_6782079228
5,Malphite,3075,2055,6662,3047,1057,0,3363,TOP,True,KR_6782079228
6,LeeSin,2055,6630,3026,3071,0,3047,3340,JUNGLE,True,KR_6782079228
7,Neeko,3152,3135,1052,1082,1056,3158,3340,MIDDLE,True,KR_6782079228
8,Xayah,1053,3036,3026,3006,6675,6672,3363,BOTTOM,True,KR_6782079228
9,Nautilus,3860,6667,2055,1028,3047,3109,3364,UTILITY,True,KR_6782079228
0,Fiora,0,3133,3181,3047,3074,6632,3364,TOP,False,KR_6781362459
1,Taliyah,3157,3135,3020,6653,3041,3116,3364,JUNGLE,False,KR_6781362459
2,Orianna,1058,1082,3157,3135,6655,3111,3363,MIDDLE,False,KR_6781362459
3,Aphelios,6671,3036,1018,3006,6672,1053,3363,BOTTOM,False,KR_6781362459
4,Thresh,3857,2031,2055,6667,3158,3801,3364,UTILITY,False,KR_6781362459
5,KSante,8020,6662,3105,3075,3047,1033,3364,TOP,True,KR_6781362459
6,JarvanIV,2421,8020,6630,3161,1031,3111,3364,JUNGLE,True,KR_6781362459
7,Syndra,2420,3135,6655,1082,4645,3158,3363,MIDDLE,True,KR_6781362459
8,Jinx,3031,0,3026,3006,3094,6672,3363,BOTTOM,True,KR_6781362459
9,Renata,3860,2065,3222,0,3158,3916,3364,UTILITY,True,KR_6781362459
0,Rumble,2421,3152,3009,1082,3135,1056,3340,TOP,True,KR_6780730286
1,Belveth,6673,6672,6029,0,1028,3047,3340,JUNGLE,True,KR_6780730286
2,Ziggs,4645,6653,3020,2055,1052,0,3363,MIDDLE,True,KR_6780730286
3,Varus,3124,2055,2421,3006,3091,3153,3363,BOTTOM,True,KR_6780730286
4,Renata,1028,2055,3853,6667,3504,3158,3364,UTILITY,True,KR_6780730286
5,Yone,6675,6672,3155,0,3006,0,3364,TOP,False,KR_6780730286
6,LeeSin,6630,3071,0,0,3155,3111,3340,JUNGLE,False,KR_6780730286
7,Taliyah,1058,3102,1058,6655,1056,3158,3364,MIDDLE,False,KR_6780730286
8,Yasuo,2055,6671,2031,3006,6672,1054,3363,BOTTOM,False,KR_6780730286
9,Rell,2055,3023,3860,1028,6667,3111,3364,UTILITY,False,KR_6780730286
0,Yasuo,6672,1053,1037,3031,1018,3006,3363,TOP,True,KR_6780678444
1,Graves,3142,6676,0,3047,3071,3033,3364,JUNGLE,True,KR_6780678444
2,Orianna,4644,3158,2055,3135,1056,3089,3363,MIDDLE,True,KR_6780678444
3,Kaisa,3006,6691,3179,3115,1058,1055,3363,BOTTOM,True,KR_6780678444
4,Alistar,3109,0,3860,6667,0,3158,3364,UTILITY,True,KR_6780678444
5,Yone,3181,2420,6672,6675,3006,1031,3364,TOP,False,KR_6780678444
6,LeeSin,3071,1055,6630,2055,3047,0,3340,JUNGLE,False,KR_6780678444
7,Akali,3152,3157,2055,3145,1082,3020,3364,MIDDLE,False,KR_6780678444
8,Samira,6676,1037,3036,3047,3031,1053,3363,BOTTOM,False,KR_6780678444
9,Galio,3860,2055,3076,3158,3001,1011,3364,UTILITY,False,KR_6780678444
0,Renekton,1037,6630,3067,3047,3123,3133,3364,TOP,True,KR_6780255549
1,Nidalee,3158,0,3157,0,3916,4636,3364,JUNGLE,True,KR_6780255549
2,Yone,2031,6672,1053,3006,3031,1038,3364,MIDDLE,True,KR_6780255549
3,Kaisa,3006,0,1055,3095,6672,3124,3363,BOTTOM,True,KR_6780255549
4,Rakan,3860,6667,0,3114,3158,3916,3364,UTILITY,True,KR_6780255549
5,Warwick,1055,3153,2421,3047,3001,3108,3364,TOP,False,KR_6780255549
6,LeeSin,3111,6630,3067,2055,3133,1036,3340,JUNGLE,False,KR_6780255549
7,Orianna,4628,4644,3108,1082,1056,3020,3363,MIDDLE,False,KR_6780255549
8,Ezreal,3078,3042,3158,1036,1055,1036,3363,BOTTOM,False,KR_6780255549
9,Alistar,6667,0,3860,2055,3117,0,3364,UTILITY,False,KR_6780255549
0,Jax,1054,3157,0,3158,6632,3161,3340,TOP,True,KR_6780156273
1,Taliyah,6655,1082,3116,4630,3020,1026,3364,JUNGLE,True,KR_6780156273
2,Akali,3152,4645,1058,1054,1058,3020,3364,MIDDLE,True,KR_6780156273
3,Kalista,1055,2421,3091,3006,3153,3124,3363,BOTTOM,True,KR_6780156273
4,Renata,2055,3011,6616,3158,6667,3853,3364,UTILITY,True,KR_6780156273
5,Aatrox,6630,3053,1033,3133,3111,3067,3364,TOP,False,KR_6780156273
6,LeeSin,3071,6630,0,3111,3155,1036,3340,JUNGLE,False,KR_6780156273
7,Orianna,4630,0,3158,4645,6655,1082,3363,MIDDLE,False,KR_6780156273
8,Kaisa,6691,3115,1052,3006,1055,3179,3363,BOTTOM,False,KR_6780156273
9,Pyke,3857,3117,2055,3179,6691,1036,3364,UTILITY,False,KR_6780156273
0,Jax,3156,1036,1028,6632,1054,1001,3340,TOP,True,KR_6779673361
1,Graves,3142,1018,3071,6676,3047,1038,3364,JUNGLE,True,KR_6779673361
2,Ahri,4629,6656,3157,1052,1082,3158,3364,MIDDLE,True,KR_6779673361
3,Xayah,6672,3006,6675,1055,0,0,3363,BOTTOM,True,KR_6779673361
4,Blitzcrank,3859,6656,3066,0,0,3117,3364,UTILITY,True,KR_6779673361
5,Akali,4645,4633,0,3020,1056,1082,3364,TOP,False,KR_6779673361
6,Taliyah,1028,6653,3020,1052,1026,0,3364,JUNGLE,False,KR_6779673361
7,Talon,2031,3142,2422,6693,1036,1036,3364,MIDDLE,False,KR_6779673361
8,Zeri,1053,1055,1018,3095,6675,3006,3363,BOTTOM,False,KR_6779673361
9,Nautilus,1004,2055,3860,3111,6667,1028,3364,UTILITY,False,KR_6779673361
0,Yone,6672,3181,1029,3072,3031,3006,3364,TOP,True,KR_6779606910
1,LeeSin,3071,6630,2055,3047,3161,0,3340,JUNGLE,True,KR_6779606910
2,Neeko,3152,3191,0,2421,1056,3158,3364,MIDDLE,True,KR_6779606910
3,Tristana,0,1036,6675,3006,6672,1055,3363,BOTTOM,True,KR_6779606910
4,Alistar,3860,2031,0,6667,1029,3047,3364,UTILITY,True,KR_6779606910
5,Renekton,6691,2031,6693,1036,1001,0,3364,TOP,False,KR_6779606910
6,Graves,3142,3067,6676,1055,2055,2422,3364,JUNGLE,False,KR_6779606910
7,Lissandra,3157,1028,1056,3111,6653,2055,3363,MIDDLE,False,KR_6779606910
8,Jinx,1038,1037,0,3006,3095,1055,3363,BOTTOM,False,KR_6779606910
9,Milio,3859,2065,2055,3158,1052,0,3364,UTILITY,False,KR_6779606910
0,KSante,1054,6662,2031,3047,3068,1029,3364,TOP,True,KR_6779235165
1,Graves,6631,0,0,0,2422,3071,3364,JUNGLE,True,KR_6779235165
2,Neeko,3152,3135,0,3158,1052,1082,3364,MIDDLE,True,KR_6779235165
3,LeeSin,3133,1031,6630,2055,3111,3071,3340,BOTTOM,True,KR_6779235165
4,Senna,3142,3864,2055,3134,3009,3179,3364,UTILITY,True,KR_6779235165
5,Thresh,3855,2055,3158,3023,1033,0,3364,UTILITY,False,KR_6779235165
6,Nidalee,1082,1052,0,4645,4636,3020,3364,JUNGLE,False,KR_6779235165
7,Akshan,3111,2031,3142,2015,6676,1042,3363,MIDDLE,False,KR_6779235165
8,Ziggs,6653,2031,3145,0,1056,3020,3363,BOTTOM,False,KR_6779235165
9,Camille,2422,1083,1036,1053,3077,3078,3340,TOP,False,KR_6779235165
0,Rumble,4637,3108,3145,1056,1052,3020,3363,TOP,False,KR_6779206429
1,LeeSin,3071,2055,6630,2422,0,0,3340,JUNGLE,False,KR_6779206429
2,Talon,1055,6691,3067,3133,1036,2422,3364,MIDDLE,False,KR_6779206429
3,Samira,3031,6676,1001,0,0,0,3363,BOTTOM,False,KR_6779206429
4,Rell,3859,1033,0,1011,3158,1029,3364,UTILITY,False,KR_6779206429
5,KSante,6662,8020,1033,1028,0,1001,3340,TOP,True,KR_6779206429
6,Nidalee,4645,0,0,4636,3020,1082,3364,JUNGLE,True,KR_6779206429
7,Yone,3031,3006,6672,1053,1055,1037,3364,MIDDLE,True,KR_6779206429
8,Kaisa,2422,3124,3108,1042,3087,1055,3363,BOTTOM,True,KR_6779206429
9,Rakan,6667,0,3860,1028,0,3158,3364,UTILITY,True,KR_6779206429
0,Renekton,6630,0,0,0,3047,1055,3340,TOP,False,KR_6779197002
1,Nidalee,4636,1101,1082,0,0,3020,3340,JUNGLE,False,KR_6779197002
2,Yone,2031,6670,1043,1054,0,3006,3340,MIDDLE,False,KR_6779197002
3,Varus,1055,2031,3153,3006,0,0,3340,BOTTOM,False,KR_6779197002
4,Ashe,2031,3108,3864,0,3179,3158,3364,UTILITY,False,KR_6779197002
5,KSante,2422,3075,1054,2055,6662,0,3363,TOP,True,KR_6779197002
6,Graves,3009,1055,1101,3134,3133,3179,3364,JUNGLE,True,KR_6779197002
7,Akali,3152,2031,1052,3020,1056,1082,3364,MIDDLE,True,KR_6779197002
8,Kalista,3086,3124,1043,3006,3153,1055,3363,BOTTOM,True,KR_6779197002
9,Soraka,6617,0,3853,3114,3158,1052,3364,UTILITY,True,KR_6779197002
0,Akali,3916,3145,3152,3020,1082,0,3364,TOP,False,KR_6777909811
1,Vi,3071,6632,0,0,2422,0,3364,JUNGLE,False,KR_6777909811
2,KSante,8020,6665,3111,2031,0,0,3364,MIDDLE,False,KR_6777909811
3,Kalista,3153,1042,3006,2031,1055,1042,3363,BOTTOM,False,KR_6777909811
4,Alistar,3860,3105,0,3009,1011,0,3364,UTILITY,False,KR_6777909811
5,Jax,6632,3181,0,0,0,3111,3340,TOP,True,KR_6777909811
6,LeeSin,6630,1028,2055,3047,3133,0,3340,JUNGLE,True,KR_6777909811
7,Sylas,6656,3158,1082,3108,1056,1029,3340,MIDDLE,True,KR_6777909811
8,Ziggs,6653,3067,1058,1056,3070,3158,3363,BOTTOM,True,KR_6777909811
9,Heimerdinger,3020,2055,3116,3853,3802,3108,3364,UTILITY,True,KR_6777909811
0,Tryndamere,3006,6631,6333,3086,3181,6672,3364,TOP,True,KR_6777894027
1,Graves,3156,3094,3142,3036,6676,3072,3364,JUNGLE,True,KR_6777894027
2,Azir,6655,3157,3089,4645,3102,3020,3364,MIDDLE,True,KR_6777894027
3,Aphelios,3031,6673,1036,3006,3095,1055,3363,BOTTOM,True,KR_6777894027
4,Thresh,3857,1028,4638,3075,3158,6667,3364,UTILITY,True,KR_6777894027
5,Jayce,6694,3161,3142,3047,3042,3155,3363,TOP,False,KR_6777894027
6,Ekko,3157,3152,4630,3020,3115,3089,3364,JUNGLE,False,KR_6777894027
7,Yone,3031,3006,1053,3072,6672,3026,3364,MIDDLE,False,KR_6777894027
8,Kaisa,3095,3124,3115,3006,3089,3135,3363,BOTTOM,False,KR_6777894027
9,Senna,1038,3814,3095,3124,3047,3094,3364,UTILITY,False,KR_6777894027
0,Urgot,1055,3071,1001,1036,1029,0,3340,TOP,True,KR_6776540835
1,Vi,0,6609,3158,3067,2055,0,3364,JUNGLE,True,KR_6776540835
2,Orianna,4644,3020,4645,2055,1082,1056,3363,MIDDLE,True,KR_6776540835
3,Kaisa,1055,1036,1038,1083,6672,3006,3340,BOTTOM,True,KR_6776540835
4,Rakan,3105,3860,3158,1082,0,1011,3364,UTILITY,True,KR_6776540835
5,KSante,6662,2031,2055,3082,1054,0,3340,TOP,False,KR_6776540835
6,JarvanIV,1103,1055,6630,1028,2055,2422,3364,JUNGLE,False,KR_6776540835
7,Sylas,2031,1052,2055,3067,1054,1082,3340,MIDDLE,False,KR_6776540835
8,Nilah,1055,3134,0,1038,3133,1018,3363,BOTTOM,False,KR_6776540835
9,Nautilus,3860,3105,0,0,1011,1001,3364,UTILITY,False,KR_6776540835
0,Jax,2031,2055,3133,6632,3067,3047,3340,TOP,True,KR_6776512530
1,JarvanIV,6630,1055,3133,3158,3067,0,3364,JUNGLE,True,KR_6776512530
2,Akali,3152,4645,3020,1054,1082,0,3364,MIDDLE,True,KR_6776512530
3,Aphelios,6671,2031,0,3095,3006,1055,3363,BOTTOM,True,KR_6776512530
4,Rakan,3860,2065,2055,3158,3067,0,3364,UTILITY,True,KR_6776512530
5,Renekton,2031,6630,1036,3047,1054,1036,3364,TOP,False,KR_6776512530
6,Nidalee,1101,4636,3020,3108,1052,1082,3364,JUNGLE,False,KR_6776512530
7,Jayce,2422,2055,3042,1036,6692,1055,3363,MIDDLE,False,KR_6776512530
8,Tristana,2031,3006,2055,6672,1055,1018,3340,BOTTOM,False,KR_6776512530
9,Nautilus,3859,1011,0,1001,3105,0,3364,UTILITY,False,KR_6776512530
0,Rumble,3152,4645,3089,3020,1056,3916,3364,TOP,False,KR_6776446183
1,XinZhao,2055,0,3067,3111,0,0,3364,JUNGLE,False,KR_6776446183
2,Akali,3152,1058,3157,1082,3111,3135,3364,MIDDLE,False,KR_6776446183
3,Jinx,6672,6671,6676,3006,1018,1042,3363,BOTTOM,False,KR_6776446183
4,Nautilus,6667,3860,2055,3047,8020,0,3364,UTILITY,False,KR_6776446183
5,Jayce,3142,3158,3035,3156,3042,1036,3363,TOP,True,KR_6776446183
6,Taliyah,3157,6653,3135,3020,1082,4645,3364,JUNGLE,True,KR_6776446183
7,Lissandra,3102,2421,3135,3020,1082,4636,3364,MIDDLE,True,KR_6776446183
8,Kalista,3153,3124,6673,3051,3006,1043,3363,BOTTOM,True,KR_6776446183
9,Blitzcrank,3857,2055,6656,3109,3117,1028,3364,UTILITY,True,KR_6776446183
0,Aatrox,6630,3047,3053,3133,3067,2055,3363,TOP,False,KR_6773609031
1,Khazix,6692,6693,3134,1036,1036,3158,3364,JUNGLE,False,KR_6773609031
2,Sylas,6656,4645,3157,1082,1058,3020,3364,MIDDLE,False,KR_6773609031
3,Jinx,3031,6672,2421,3036,3046,3006,3363,BOTTOM,False,KR_6773609031
4,Thresh,3857,6667,3023,3117,3801,2055,3364,UTILITY,False,KR_6773609031
5,KSante,6662,3105,0,3075,3047,1028,3364,TOP,True,KR_6773609031
6,JarvanIV,6630,3110,0,3161,1033,3047,3364,JUNGLE,True,KR_6773609031
7,Akali,3020,3152,3157,0,4645,3165,3364,MIDDLE,True,KR_6773609031
8,Kalista,2421,3085,3153,3124,1029,3006,3363,BOTTOM,True,KR_6773609031
9,Blitzcrank,3107,6656,3860,3066,2055,3117,3364,UTILITY,True,KR_6773609031
0,Renekton,3047,3053,6631,1054,3105,0,3364,TOP,True,KR_6773536223
1,Viego,3053,2055,0,6672,3047,3078,3364,JUNGLE,True,KR_6773536223
2,Sylas,3041,6656,3157,4645,0,3158,3364,MIDDLE,True,KR_6773536223
3,Xayah,3035,6675,3046,3006,3123,6672,3363,BOTTOM,True,KR_6773536223
4,Renata,6667,3107,3853,2055,3158,0,3364,UTILITY,True,KR_6773536223
5,Kennen,3067,1055,2055,3051,3006,3153,3340,TOP,False,KR_6773536223
6,Vi,3047,6632,3071,1029,0,0,3364,JUNGLE,False,KR_6773536223
7,Yone,3078,3006,6670,1018,1055,3153,3340,MIDDLE,False,KR_6773536223
8,Kaisa,6675,6672,1055,1042,3006,2055,3363,BOTTOM,False,KR_6773536223
9,Alistar,3860,6667,2055,1028,3158,1028,3364,UTILITY,False,KR_6773536223
0,KSante,1054,3193,8020,3047,6662,3068,3364,TOP,True,KR_6773436480
1,Graves,3071,3142,1037,1036,3111,6676,3364,JUNGLE,True,KR_6773436480
2,Neeko,3152,3089,3157,1082,1026,3158,3364,MIDDLE,True,KR_6773436480
3,Kaisa,3191,3006,3179,4645,3115,6691,3363,BOTTOM,True,KR_6773436480
4,Rell,3857,3190,0,3050,0,3111,3364,UTILITY,True,KR_6773436480
5,Gnar,1028,3078,3047,3066,3071,1057,3364,TOP,False,KR_6773436480
6,Talon,6692,3071,6696,6694,6695,3158,3364,JUNGLE,False,KR_6773436480
7,Syndra,6653,2421,4645,3135,1058,3111,3363,MIDDLE,False,KR_6773436480
8,Varus,3153,6673,0,3124,3026,3006,3363,BOTTOM,False,KR_6773436480
9,Leona,3860,6667,0,3111,3023,1029,3364,UTILITY,False,KR_6773436480
0,Rengar,6632,1001,3133,0,0,0,3364,TOP,False,KR_6772213275
1,LeeSin,6630,3158,1055,1036,0,1101,3340,JUNGLE,False,KR_6772213275
2,Sylas,0,6656,3020,1054,0,1082,3340,MIDDLE,False,KR_6772213275
3,Kaisa,6675,3006,1055,6672,0,0,3363,BOTTOM,False,KR_6772213275
4,Rakan,3859,2055,0,1001,6667,1028,3364,UTILITY,False,KR_6772213275
5,Chogath,6665,3068,2055,0,0,3111,3364,TOP,True,KR_6772213275
6,Shaco,3142,3134,0,1036,3009,1036,3364,JUNGLE,True,KR_6772213275
7,Orianna,1056,6655,4645,1052,3020,1082,3363,MIDDLE,True,KR_6772213275
8,Twitch,0,6676,3006,3153,0,1055,3363,BOTTOM,True,KR_6772213275
9,Alistar,3860,3117,2055,6667,1027,1029,3364,UTILITY,True,KR_6772213275
0,KSante,3105,3143,4401,6662,3111,1029,3364,TOP,True,KR_6772140491
1,Khazix,6630,1037,3158,3133,1055,3074,3340,JUNGLE,True,KR_6772140491
2,Sylas,6656,1058,3157,1082,1058,3020,3364,MIDDLE,True,KR_6772140491
3,Jinx,3072,3086,6671,2015,6672,3006,3363,BOTTOM,True,KR_6772140491
4,Thresh,3857,6667,0,3801,3023,3158,3364,UTILITY,True,KR_6772140491
5,Rumble,4637,3009,2055,4636,0,0,3364,TOP,False,KR_6772140491
6,Graves,3142,3071,3035,3047,6676,1018,3364,JUNGLE,False,KR_6772140491
7,Orianna,4644,3165,1082,1058,1058,3020,3363,MIDDLE,False,KR_6772140491
8,Xayah,6675,1037,1053,1055,6672,3006,3363,BOTTOM,False,KR_6772140491
9,Rakan,3860,6667,3012,2055,3114,3158,3364,UTILITY,False,KR_6772140491
0,Tryndamere,1055,3006,6672,3046,0,1018,3364,TOP,False,KR_6770331573
1,Nidalee,2055,1082,0,4636,4645,3020,3364,JUNGLE,False,KR_6770331573
2,Lissandra,6656,3157,2055,0,3158,0,3364,MIDDLE,False,KR_6770331573
3,Jayce,2031,3142,3158,3042,1036,1055,3363,BOTTOM,False,KR_6770331573
4,Bard,3859,3190,3009,1028,1004,2055,3364,UTILITY,False,KR_6770331573
5,KSante,3143,3047,1033,1054,1028,1029,3364,TOP,True,KR_6770331573
6,Taliyah,2420,3116,6655,3020,0,1082,3364,JUNGLE,True,KR_6770331573
7,Yone,3031,6672,0,3006,1054,1053,3364,MIDDLE,True,KR_6770331573
8,Kalista,3153,3051,3124,1055,3006,1043,3363,BOTTOM,True,KR_6770331573
9,Nautilus,3860,6667,0,1011,0,3047,3364,UTILITY,True,KR_6770331573
0,Jax,6632,3161,2055,1052,3158,1054,3340,TOP,True,KR_6770276468
1,Graves,0,3142,1036,3036,3111,6676,3364,JUNGLE,True,KR_6770276468
2,Vex,1082,6653,3102,0,3111,4629,3364,MIDDLE,True,KR_6770276468
3,Kaisa,3124,2421,3115,3006,3095,0,3363,BOTTOM,True,KR_6770276468
4,Nautilus,3190,3860,2055,1029,3023,3047,3364,UTILITY,True,KR_6770276468
5,Yone,1055,3181,1037,3006,1018,6672,3340,TOP,False,KR_6770276468
6,Rell,2055,3158,3143,1029,0,6667,3364,JUNGLE,False,KR_6770276468
7,Syndra,4645,2055,0,6655,3020,1052,3363,MIDDLE,False,KR_6770276468
8,Ezreal,3042,3078,1055,1036,0,3158,3363,BOTTOM,False,KR_6770276468
9,Bard,3190,3853,2055,2031,3023,3111,3364,UTILITY,False,KR_6770276468
0,KSante,1054,2031,3075,3047,6662,0,3364,TOP,False,KR_6770196641
1,Ahri,6656,1058,0,1056,1082,3020,3364,MIDDLE,False,KR_6770196641
2,Viego,1055,6632,3133,1103,1028,2422,3364,JUNGLE,False,KR_6770196641
3,Varus,3142,1055,3070,1036,1036,3158,3340,BOTTOM,False,KR_6770196641
4,Braum,3190,3859,2055,2031,3111,0,3364,UTILITY,False,KR_6770196641
5,Jayce,1055,3042,6692,3111,1036,0,3363,TOP,True,KR_6770196641
6,Graves,6676,3142,3111,1036,3179,1036,3513,JUNGLE,True,KR_6770196641
7,Sylas,6656,3111,2421,3041,3108,3191,3364,MIDDLE,True,KR_6770196641
8,Ziggs,6653,4645,0,1056,3020,2055,3363,BOTTOM,True,KR_6770196641
9,Senna,0,3864,3179,3134,3009,3133,3364,UTILITY,True,KR_6770196641
0,Rumble,2421,1056,4636,3020,1082,3191,3364,TOP,False,KR_6768813936
1,Viego,3078,6672,3047,3071,1036,1036,3364,JUNGLE,False,KR_6768813936
2,Sylas,6656,4645,3157,3020,3089,4630,3364,MIDDLE,False,KR_6768813936
3,Varus,3026,3143,3091,3124,3153,3047,3363,BOTTOM,False,KR_6768813936
4,Braum,3190,3857,3109,2055,0,3009,3364,UTILITY,False,KR_6768813936
5,Akshan,3153,3095,3140,3094,3111,3124,3363,TOP,True,KR_6768813936
6,Taliyah,3157,3041,3020,6655,3116,3102,3364,JUNGLE,True,KR_6768813936
7,Yone,1053,6672,2421,3031,3181,3006,3364,MIDDLE,True,KR_6768813936
8,Jhin,6671,3095,3009,3035,3094,1018,3363,BOTTOM,True,KR_6768813936
9,Blitzcrank,2055,6656,3860,8020,1028,3009,3364,UTILITY,True,KR_6768813936
0,Renekton,6630,2055,8020,3053,3047,3161,3364,TOP,False,KR_6768785887
1,Graves,6676,0,3142,3179,3111,3036,3364,JUNGLE,False,KR_6768785887
2,Taliyah,1082,6655,3089,3135,3111,3108,3363,MIDDLE,False,KR_6768785887
3,Kaisa,6672,1036,3095,3124,1055,3006,3363,BOTTOM,False,KR_6768785887
4,Nautilus,3023,6667,2055,3860,3047,3801,3364,UTILITY,False,KR_6768785887
5,Jax,3156,1033,3157,3161,3111,6632,3340,TOP,True,KR_6768785887
6,LeeSin,3026,6630,0,3071,3047,0,3340,JUNGLE,True,KR_6768785887
7,Vex,2421,3145,3108,3020,6653,3135,3364,MIDDLE,True,KR_6768785887
8,Xayah,6675,3072,6672,3094,3035,3006,3363,BOTTOM,True,KR_6768785887
9,Bard,3853,3190,4638,3109,3047,3082,3364,UTILITY,True,KR_6768785887
0,KSante,3068,6662,3193,3047,8020,1057,3363,TOP,True,KR_6768755241
1,Sylas,4630,4645,3020,4636,1082,3089,3364,JUNGLE,True,KR_6768755241
2,Yone,3031,6672,3091,3006,1053,1038,3364,MIDDLE,True,KR_6768755241
3,Draven,6676,2421,1001,3508,3036,3142,3363,BOTTOM,True,KR_6768755241
4,Nautilus,3860,6667,0,3050,3023,3047,3364,UTILITY,True,KR_6768755241
5,Darius,6631,3026,3742,3047,3053,3082,3364,TOP,False,KR_6768755241
6,Vi,3071,6632,2055,3047,6609,0,3364,JUNGLE,False,KR_6768755241
7,Akali,3152,4645,3157,4632,1082,3020,3364,MIDDLE,False,KR_6768755241
8,Xerath,6653,3020,3089,3135,2421,1052,3363,BOTTOM,False,KR_6768755241
9,Alistar,3109,3860,2055,6667,3047,1029,3364,UTILITY,False,KR_6768755241
0,Aatrox,6630,3071,3035,1054,0,3047,3340,TOP,False,KR_6768699487
1,Graves,3142,2055,3071,6676,2422,0,3364,JUNGLE,False,KR_6768699487
2,Yone,6672,3006,2055,6673,1038,1018,3364,MIDDLE,False,KR_6768699487
3,Ziggs,3040,6653,3145,1058,3020,0,3363,BOTTOM,False,KR_6768699487
4,Morgana,3157,3158,3853,3802,3067,1052,3364,UTILITY,False,KR_6768699487
5,KSante,1033,3075,6662,2055,3047,3105,3364,TOP,True,KR_6768699487
6,Viego,2420,3133,3067,6672,3078,3047,3364,JUNGLE,True,KR_6768699487
7,Leblanc,6655,0,1082,3020,4645,4629,3364,MIDDLE,True,KR_6768699487
8,Ezreal,3110,6694,3078,3158,1055,3042,3363,BOTTOM,True,KR_6768699487
9,Bard,3107,3190,3853,0,3111,0,3364,UTILITY,True,KR_6768699487
0,Rumble,1056,4637,1026,4636,1082,3009,3364,TOP,True,KR_6768657366
1,Taliyah,4630,1026,3116,1082,6653,3020,3364,JUNGLE,True,KR_6768657366
2,Jayce,3142,3133,3042,1037,3158,1055,3364,MIDDLE,True,KR_6768657366
3,Samira,1055,3072,3047,6676,3031,3134,3363,BOTTOM,True,KR_6768657366
4,Rell,6667,3860,3023,3801,0,3047,3364,UTILITY,True,KR_6768657366
5,KSante,1029,6662,3105,3111,1057,1054,3340,TOP,False,KR_6768657366
6,Nidalee,3157,3020,4636,1082,1052,0,3364,JUNGLE,False,KR_6768657366
7,Zed,3133,6691,2055,3158,1054,3134,3364,MIDDLE,False,KR_6768657366
8,Draven,3142,3508,1055,0,0,1001,3363,BOTTOM,False,KR_6768657366
9,Leona,3860,2031,2055,6667,0,3111,3364,UTILITY,False,KR_6768657366
0,KSante,6662,0,3075,3047,0,0,3364,TOP,True,KR_6768357120
1,Evelynn,3089,3152,3020,0,3041,0,3340,JUNGLE,True,KR_6768357120
2,Ziggs,1056,0,3020,4645,1058,6653,3363,MIDDLE,True,KR_6768357120
3,Aphelios,6671,1055,3006,3072,3095,0,3363,BOTTOM,True,KR_6768357120
4,Braum,3857,3190,3109,0,3047,0,3364,UTILITY,True,KR_6768357120
5,Jax,6632,3161,0,0,0,3111,3340,TOP,False,KR_6768357120
6,Sylas,3157,1082,3020,0,4636,0,3364,JUNGLE,False,KR_6768357120
7,Jayce,3042,3111,6691,1036,1055,1036,3363,MIDDLE,False,KR_6768357120
8,Kaisa,1055,2055,3095,3006,3124,3051,3363,BOTTOM,False,KR_6768357120
9,Blitzcrank,6667,3855,2055,0,0,3009,3364,UTILITY,False,KR_6768357120
0,Poppy,1033,2055,1028,3068,6665,3111,3364,TOP,False,KR_6767451713
1,Vi,2055,3133,3067,1102,2422,3071,3364,JUNGLE,False,KR_6767451713
2,Orianna,3111,6655,2031,1056,1058,1082,3363,MIDDLE,False,KR_6767451713
3,Jhin,3142,1036,3047,1055,6676,1036,3363,BOTTOM,False,KR_6767451713
4,Blitzcrank,1031,3860,6656,2055,3117,3066,3364,UTILITY,False,KR_6767451713
5,Gragas,3070,3158,4630,6656,1056,1026,3364,TOP,True,KR_6767451713
6,Graves,3142,6676,3111,6673,1038,1055,3364,JUNGLE,True,KR_6767451713
7,Neeko,3152,2055,3157,3158,1056,0,3364,MIDDLE,True,KR_6767451713
8,Kaisa,0,0,6672,1055,6675,3006,3363,BOTTOM,True,KR_6767451713
9,Nautilus,2055,3190,3860,3050,3111,0,3364,UTILITY,True,KR_6767451713
0,Fiora,1054,1037,3044,3074,6632,3111,3364,TOP,False,KR_6767415647
1,JarvanIV,6630,2055,3161,0,3111,0,3364,JUNGLE,False,KR_6767415647
2,Diana,3020,3152,3157,0,1082,0,3364,MIDDLE,False,KR_6767415647
3,Kalista,3006,2420,3139,3124,6673,3153,3363,BOTTOM,False,KR_6767415647
4,Renata,0,2065,3222,3860,3158,0,3364,UTILITY,False,KR_6767415647
5,Kennen,1058,3152,3135,3158,3089,1082,3340,TOP,True,KR_6767415647
6,Taliyah,6653,4645,0,3041,3020,3089,3364,JUNGLE,True,KR_6767415647
7,Yone,6673,6672,1038,3006,1055,3031,3340,MIDDLE,True,KR_6767415647
8,Ashe,1055,3006,1037,1053,3078,6672,3363,BOTTOM,True,KR_6767415647
9,Milio,3853,2065,0,3504,3158,3916,3364,UTILITY,True,KR_6767415647
0,Akali,3135,3020,3157,1058,4633,0,3364,TOP,False,KR_6767373374
1,XinZhao,6630,3143,3053,1055,3047,3071,3364,JUNGLE,False,KR_6767373374
2,Sylas,6656,4645,3157,3089,1026,3020,3363,MIDDLE,False,KR_6767373374
3,Aphelios,3006,6672,2420,3031,3072,3036,3363,BOTTOM,False,KR_6767373374
4,Blitzcrank,3857,3050,3190,4638,0,3009,3364,UTILITY,False,KR_6767373374
5,Renekton,3143,6630,2421,3123,3047,3156,3364,TOP,True,KR_6767373374
6,Graves,3142,3071,2055,2422,6676,3036,3364,JUNGLE,True,KR_6767373374
7,TwistedFate,6656,3100,2421,3108,3094,3111,3364,MIDDLE,True,KR_6767373374
8,Jinx,3026,3046,3036,3031,6672,3006,3363,BOTTOM,True,KR_6767373374
9,Thresh,3190,3857,0,3109,3023,3117,3364,UTILITY,True,KR_6767373374
0,Rumble,4636,3047,1082,1026,1052,0,3340,TOP,False,KR_6767329805
1,Poppy,3047,1102,2055,1011,3068,1029,3364,JUNGLE,False,KR_6767329805
2,Orianna,6655,3020,2055,1058,3070,1028,3340,MIDDLE,False,KR_6767329805
3,Ashe,6672,3051,3067,3006,1055,0,3363,BOTTOM,False,KR_6767329805
4,Blitzcrank,3859,2055,1052,3067,3802,3117,3364,UTILITY,False,KR_6767329805
5,Aatrox,6630,2031,3111,1037,0,0,3364,TOP,True,KR_6767329805
6,Belveth,6631,1055,3111,0,3067,3133,3513,JUNGLE,True,KR_6767329805
7,Azir,2031,6655,0,3020,1056,3145,3340,MIDDLE,True,KR_6767329805
8,Kalista,3153,2055,3124,1055,0,3006,3363,BOTTOM,True,KR_6767329805
9,Renata,3853,1028,2055,3158,6667,3114,3364,UTILITY,True,KR_6767329805
0,Kennen,1058,0,3152,3020,3145,0,3364,TOP,True,KR_6767300604
1,Viego,1102,3078,2055,2422,3067,0,3364,JUNGLE,True,KR_6767300604
2,Jayce,2031,3070,3047,6691,1055,3133,3340,MIDDLE,True,KR_6767300604
3,Senna,3864,0,3179,3009,1036,1036,3364,UTILITY,True,KR_6767300604
4,Ziggs,1056,2055,3067,3070,3020,6653,3363,BOTTOM,True,KR_6767300604
5,KSante,1054,3067,2055,3111,3105,1028,3340,TOP,False,KR_6767300604
6,Nidalee,3020,4636,0,1082,0,1102,3364,JUNGLE,False,KR_6767300604
7,Talon,2031,3142,2055,3134,1001,0,3364,MIDDLE,False,KR_6767300604
8,Ezreal,3078,3070,1036,1036,1055,3158,3363,BOTTOM,False,KR_6767300604
9,Leona,2031,0,3859,3023,1033,3047,3364,UTILITY,False,KR_6767300604
0,Rumble,4636,3165,1082,3089,0,3009,3363,TOP,True,KR_6766164404
1,LeeSin,3026,3071,3111,6333,6630,0,3340,JUNGLE,True,KR_6766164404
2,Orianna,3108,4644,3157,3020,3089,3135,3363,MIDDLE,True,KR_6766164404
3,Xayah,6675,3086,3026,6672,3006,3036,3363,BOTTOM,True,KR_6766164404
4,Rakan,3860,6667,3109,2055,1057,3111,3364,UTILITY,True,KR_6766164404
5,Irelia,6630,2420,3153,3091,3158,3053,3363,TOP,False,KR_6766164404
6,Vi,1031,2420,3071,6632,3158,0,3364,JUNGLE,False,KR_6766164404
7,Ekko,3152,3100,3089,3135,3041,3111,3364,MIDDLE,False,KR_6766164404
8,Kaisa,2421,3115,3179,6691,3006,3108,3363,BOTTOM,False,KR_6766164404
9,Nautilus,3860,6667,2055,3158,8020,0,3364,UTILITY,False,KR_6766164404
0,Sett,3009,6631,3053,0,0,0,3364,TOP,False,KR_6766110914
1,Poppy,6665,2055,3068,3158,3066,1029,3364,JUNGLE,False,KR_6766110914
2,Orianna,1052,2055,4645,6653,3020,1056,3363,MIDDLE,False,KR_6766110914
3,Kaisa,6672,6675,3046,3006,0,0,3363,BOTTOM,False,KR_6766110914
4,Alistar,3158,3860,2055,6667,3066,1029,3364,UTILITY,False,KR_6766110914
5,Gnar,3066,3053,3742,1057,3078,3047,3364,TOP,True,KR_6766110914
6,Vi,2421,6632,3111,3071,0,1031,3364,JUNGLE,True,KR_6766110914
7,Leblanc,1056,3102,6655,3158,3135,1082,3363,MIDDLE,True,KR_6766110914
8,Xayah,1055,6672,3006,6675,3046,1036,3363,BOTTOM,True,KR_6766110914
9,Rakan,3853,3107,2065,2055,3158,0,3364,UTILITY,True,KR_6766110914
0,KSante,3143,3068,3067,6665,1057,3047,3364,TOP,True,KR_6765252616
1,Rell,3109,3211,0,8020,3158,6667,3364,JUNGLE,True,KR_6765252616
2,Akali,3152,4645,1058,3020,3135,1082,3364,MIDDLE,True,KR_6765252616
3,Ezreal,3078,3042,3156,6694,3074,3158,3363,BOTTOM,True,KR_6765252616
4,Morgana,6656,3157,3853,2055,3158,1028,3364,UTILITY,True,KR_6765252616
5,Yone,3181,1018,1038,6672,3006,0,3340,TOP,False,KR_6765252616
6,Vi,3026,6632,3111,3071,1028,0,3364,JUNGLE,False,KR_6765252616
7,Neeko,2420,3108,3152,3020,3135,4645,3364,MIDDLE,False,KR_6765252616
8,Ziggs,3089,3135,6653,3020,3916,4645,3363,BOTTOM,False,KR_6765252616
9,Alistar,3109,3860,2055,3111,0,6667,3364,UTILITY,False,KR_6765252616
0,Gangplank,0,2031,1036,1054,3047,3508,3340,TOP,True,KR_6764937200
1,Graves,3142,3134,1102,3111,0,0,3513,JUNGLE,True,KR_6764937200
2,Ahri,6656,2031,1082,3158,1056,1058,3364,MIDDLE,True,KR_6764937200
3,Yone,6672,1054,1036,3006,0,0,3340,BOTTOM,True,KR_6764937200
4,Rakan,3859,3111,2031,1011,3105,2055,3364,UTILITY,True,KR_6764937200
5,Renekton,1001,2031,6631,1036,1029,1054,3364,TOP,False,KR_6764937200
6,Taliyah,2422,1052,1082,0,6655,1101,3364,JUNGLE,False,KR_6764937200
7,Akali,2031,3152,1082,1054,1001,1052,3364,MIDDLE,False,KR_6764937200
8,Kaisa,1055,2031,6670,1043,3006,1018,3340,BOTTOM,False,KR_6764937200
9,Rell,2403,3859,3158,1011,1033,1029,3364,UTILITY,False,KR_6764937200
0,Renekton,6631,0,1036,1033,3111,3161,3364,TOP,True,KR_6764919234
1,Graves,3142,6676,1036,1055,1001,1036,3364,JUNGLE,True,KR_6764919234
2,Taliyah,6655,3102,0,0,1056,3020,3363,MIDDLE,True,KR_6764919234
3,Samira,1055,6676,1053,1037,1018,1001,3363,BOTTOM,True,KR_6764919234
4,Alistar,6667,3859,2055,1001,1033,0,3364,UTILITY,True,KR_6764919234
5,Neeko,1056,3152,4630,1082,3020,0,3340,TOP,False,KR_6764919234
6,JarvanIV,3111,3133,1103,0,1028,6630,3364,JUNGLE,False,KR_6764919234
7,Vladimir,2422,1056,3041,4636,1052,0,3363,MIDDLE,False,KR_6764919234
8,Kaisa,1055,6672,3006,1018,3133,0,3363,BOTTOM,False,KR_6764919234
9,Renata,4642,3853,2055,3067,0,3158,3364,UTILITY,False,KR_6764919234
0,Fiora,1054,6630,2031,3111,3074,1036,3340,TOP,False,KR_6764888965
1,Elise,1082,0,0,3108,3020,4636,3364,JUNGLE,False,KR_6764888965
2,Jayce,1055,3142,2055,6694,3111,3042,3364,MIDDLE,False,KR_6764888965
3,Caitlyn,1055,3086,0,3006,3031,3095,3363,BOTTOM,False,KR_6764888965
4,Lux,2065,3012,2055,3158,0,3860,3364,UTILITY,False,KR_6764888965
5,Rumble,1056,4636,2055,3020,3135,4637,3364,TOP,True,KR_6764888965
6,LeeSin,6630,1055,0,3071,3047,1037,3340,JUNGLE,True,KR_6764888965
7,Neeko,3145,3152,1058,3020,1082,0,3364,MIDDLE,True,KR_6764888965
8,Jinx,1055,0,6671,3095,3006,0,3363,BOTTOM,True,KR_6764888965
9,Milio,3860,3114,2065,1052,3158,1004,3364,UTILITY,True,KR_6764888965
0,Jax,1033,3157,0,3161,3111,6632,3340,TOP,True,KR_6764705868
1,Elise,4645,1082,1058,3020,3165,4636,3364,JUNGLE,True,KR_6764705868
2,Jayce,3042,3142,3156,3134,0,3158,3363,MIDDLE,True,KR_6764705868
3,Ziggs,6653,3070,1082,3135,3165,3020,3363,BOTTOM,True,KR_6764705868
4,Leona,3860,2055,3109,6667,0,3111,3364,UTILITY,True,KR_6764705868
5,Akali,3152,3157,0,4645,3020,4630,3364,TOP,False,KR_6764705868
6,XinZhao,1055,3161,6630,0,3111,0,3364,JUNGLE,False,KR_6764705868
7,Sylas,6656,4645,2420,1082,3089,3020,3364,MIDDLE,False,KR_6764705868
8,Kalista,3124,3153,3085,3006,3156,0,3363,BOTTOM,False,KR_6764705868
9,Taric,3190,3070,0,3857,3023,3158,3364,UTILITY,False,KR_6764705868
0,Rumble,4636,4637,2055,3020,1026,1056,3364,TOP,False,KR_6764656773
1,Talon,3142,6696,0,1036,1036,3158,3364,JUNGLE,False,KR_6764656773
2,Akali,3152,3089,4630,1082,1054,3020,3364,MIDDLE,False,KR_6764656773
3,Ezreal,2055,3078,3042,3158,1055,1036,3363,BOTTOM,False,KR_6764656773
4,Soraka,3853,2065,2031,2055,3012,3158,3364,UTILITY,False,KR_6764656773
5,Ornn,7027,3068,1033,1001,1054,0,3340,TOP,True,KR_6764656773
6,Graves,6630,0,3047,1036,3179,3155,3364,JUNGLE,True,KR_6764656773
7,Orianna,3020,2055,6655,4645,1082,0,3363,MIDDLE,True,KR_6764656773
8,Twitch,3105,3006,3085,3748,0,1055,3363,BOTTOM,True,KR_6764656773
9,Yuumi,3853,6620,2055,3504,0,0,3364,UTILITY,True,KR_6764656773
0,Rumble,3152,2421,3916,3009,4645,4630,3364,TOP,False,KR_6764586730
1,Belveth,3071,6029,0,3051,6672,3009,3364,JUNGLE,False,KR_6764586730
2,Orianna,3135,6655,2055,1082,3089,3020,3363,MIDDLE,False,KR_6764586730
3,Twitch,6676,3085,3006,0,3153,1055,3363,BOTTOM,False,KR_6764586730
4,Blitzcrank,3109,2065,3860,0,3117,0,3364,UTILITY,False,KR_6764586730
5,Olaf,6631,3156,3067,1055,1037,3009,3364,TOP,True,KR_6764586730
6,Graves,3142,0,3814,3006,6676,3155,3364,JUNGLE,True,KR_6764586730
7,Sylas,3041,3157,6656,3020,4645,3102,3364,MIDDLE,True,KR_6764586730
8,Nilah,3006,1018,1053,6676,6675,6673,3363,BOTTOM,True,KR_6764586730
9,Alistar,3860,6667,8001,0,0,3158,3364,UTILITY,True,KR_6764586730
0,Rumble,3152,1052,1058,1082,1056,3020,3340,TOP,False,KR_6764521776
1,Vi,6632,1036,1036,3067,3158,1055,3364,JUNGLE,False,KR_6764521776
2,Ahri,6656,0,3111,1082,0,1056,3364,MIDDLE,False,KR_6764521776
3,Tristana,1055,6675,2031,3006,1038,3095,3363,BOTTOM,False,KR_6764521776
4,Rakan,3860,2055,6667,1028,3111,1004,3364,UTILITY,False,KR_6764521776
5,Jayce,3161,3042,0,6691,3158,0,3363,TOP,True,KR_6764521776
6,Nidalee,3152,3157,0,3158,3041,0,3364,JUNGLE,True,KR_6764521776
7,Neeko,3152,4628,2055,1056,3158,3041,3364,MIDDLE,True,KR_6764521776
8,Yone,0,2055,1036,3006,6672,3031,3363,BOTTOM,True,KR_6764521776
9,Alistar,1011,2055,3860,1029,6667,3158,3364,UTILITY,True,KR_6764521776
0,Irelia,3153,2420,6630,3111,3091,0,3340,TOP,True,KR_6764139134
1,Rell,3111,4401,0,1029,6667,1029,3364,JUNGLE,True,KR_6764139134
2,Orianna,6653,3089,0,1026,3111,0,3363,MIDDLE,True,KR_6764139134
3,Kalista,2031,3153,1055,3124,3085,3006,3363,BOTTOM,True,KR_6764139134
4,Blitzcrank,0,3860,2424,3050,3111,3001,3364,UTILITY,True,KR_6764139134
5,Cassiopeia,3040,6656,3116,0,0,3076,3363,TOP,False,KR_6764139134
6,Viego,3071,3111,3078,6672,1029,0,3364,JUNGLE,False,KR_6764139134
7,Neeko,1052,3152,3020,2055,1082,3157,3364,MIDDLE,False,KR_6764139134
8,Draven,6676,6673,2055,1001,0,3078,3363,BOTTOM,False,KR_6764139134
9,Leona,2055,6667,1028,3047,1028,3857,3364,UTILITY,False,KR_6764139134
0,Renekton,1055,6630,3047,3123,1036,1036,3364,TOP,False,KR_6764097205
1,Nidalee,3152,4645,2055,0,1082,3020,3364,JUNGLE,False,KR_6764097205
2,Jayce,0,3142,1036,1055,3042,1001,3364,MIDDLE,False,KR_6764097205
3,Jinx,6672,3031,0,0,1055,3006,3363,BOTTOM,False,KR_6764097205
4,Milio,3853,2065,0,3916,0,3158,3364,UTILITY,False,KR_6764097205
5,Aatrox,6630,3047,1037,3067,1036,1036,3364,TOP,True,KR_6764097205
6,Taliyah,3116,6655,3020,1082,3108,0,3364,JUNGLE,True,KR_6764097205
7,Tristana,6675,0,1053,6672,1038,3047,3364,MIDDLE,True,KR_6764097205
8,Kaisa,6691,3179,3006,3108,1026,1043,3363,BOTTOM,True,KR_6764097205
9,Rell,3158,3076,6667,3860,1011,0,3364,UTILITY,True,KR_6764097205
0,Fiora,6632,3074,0,3181,3047,3161,3340,TOP,True,KR_6763652589
1,Ekko,4645,0,3152,3041,3020,1058,3364,JUNGLE,True,KR_6763652589
2,Yone,3181,1053,2421,3031,3006,6672,3364,MIDDLE,True,KR_6763652589
3,Draven,1055,3078,6676,3072,1018,3006,3363,BOTTOM,True,KR_6763652589
4,Nautilus,3860,6667,3158,3109,1028,0,3364,UTILITY,True,KR_6763652589
5,Pantheon,6630,2420,3143,3161,3075,3047,3340,TOP,False,KR_6763652589
6,Belveth,3161,6631,0,3082,0,3047,3364,JUNGLE,False,KR_6763652589
7,Orianna,4644,3089,2055,3020,4645,3041,3363,MIDDLE,False,KR_6763652589
8,Ezreal,1055,3078,3158,3042,6694,0,3363,BOTTOM,False,KR_6763652589
9,Karma,4636,2055,3853,3020,4005,3916,3364,UTILITY,False,KR_6763652589
0,Akali,1054,2031,3152,3020,3108,1052,3364,TOP,True,KR_6763636231
1,RekSai,6631,1102,0,0,1055,2422,3513,JUNGLE,True,KR_6763636231
2,Ahri,6656,3145,2055,1082,1056,3158,3364,MIDDLE,True,KR_6763636231
3,Jinx,0,2055,1055,3095,3006,3086,3340,BOTTOM,True,KR_6763636231
4,Rakan,2065,0,3859,2055,3158,0,3364,UTILITY,True,KR_6763636231
5,Gangplank,3078,1001,2031,1036,0,1083,3340,TOP,False,KR_6763636231
6,Khazix,1101,2031,0,6691,1036,2422,3340,JUNGLE,False,KR_6763636231
7,Orianna,2031,3802,3108,3070,1001,1056,3340,MIDDLE,False,KR_6763636231
8,Aphelios,3095,0,2031,1036,1055,3006,3340,BOTTOM,False,KR_6763636231
9,Thresh,3158,3855,0,1033,1029,1011,3364,UTILITY,False,KR_6763636231
0,Darius,6631,2421,1054,3123,3047,3053,3364,TOP,False,KR_6763580978
1,Elise,4645,3916,3041,3020,1052,4636,3364,JUNGLE,False,KR_6763580978
2,Talon,6693,3142,3158,3814,1036,0,3364,MIDDLE,False,KR_6763580978
3,Jinx,1055,3095,6671,3006,6672,1042,3363,BOTTOM,False,KR_6763580978
4,Senna,2055,2015,3864,6692,3179,3009,3364,UTILITY,False,KR_6763580978
5,Fiora,6630,3044,3066,0,3074,3047,3364,TOP,True,KR_6763580978
6,Hecarim,6631,3161,3110,0,0,3047,3364,JUNGLE,True,KR_6763580978
7,Neeko,3152,3135,3157,1082,1058,3020,3340,MIDDLE,True,KR_6763580978
8,Ezreal,3042,0,6694,3078,3158,1055,3363,BOTTOM,True,KR_6763580978
9,Bard,3190,0,3853,3067,3047,1011,3364,UTILITY,True,KR_6763580978
0,Gragas,0,3157,6656,3165,1082,3158,3340,TOP,False,KR_6763522895
1,LeeSin,6630,2421,0,3071,1031,3047,3340,JUNGLE,False,KR_6763522895
2,Yone,3031,3006,3133,6672,3026,3072,3364,MIDDLE,False,KR_6763522895
3,Draven,3508,2420,3036,3072,6692,3006,3363,BOTTOM,False,KR_6763522895
4,Rell,1029,2055,3860,6667,3023,3047,3364,UTILITY,False,KR_6763522895
5,Aatrox,6630,2420,3143,3161,3053,3047,3364,TOP,True,KR_6763522895
6,RekSai,6631,3026,0,3047,3053,0,3364,JUNGLE,True,KR_6763522895
7,Orianna,3041,3089,3157,3135,6653,3020,3363,MIDDLE,True,KR_6763522895
8,Xayah,3072,6675,0,3026,6672,3006,3363,BOTTOM,True,KR_6763522895
9,Nautilus,3860,6667,3143,3066,3047,2055,3364,UTILITY,True,KR_6763522895
0,Ornn,3076,3068,0,2422,1011,1054,3364,TOP,False,KR_6763476546
1,JarvanIV,3047,6630,1036,3133,3067,1055,3364,JUNGLE,False,KR_6763476546
2,TwistedFate,6656,3157,2033,1052,1082,3158,3340,MIDDLE,False,KR_6763476546
3,Kaisa,3115,0,0,3179,6691,3006,3363,BOTTOM,False,KR_6763476546
4,Nautilus,3047,2055,3860,6667,0,0,3364,UTILITY,False,KR_6763476546
5,Renekton,3071,3111,6630,3044,1028,1037,3364,TOP,True,KR_6763476546
6,Taliyah,3157,2055,6656,3020,1082,1058,3364,JUNGLE,True,KR_6763476546
7,Yasuo,3006,6672,0,3031,1055,0,3364,MIDDLE,True,KR_6763476546
8,Jinx,3031,6672,3086,3051,0,3006,3363,BOTTOM,True,KR_6763476546
9,Alistar,0,0,3860,6667,1029,3047,3364,UTILITY,True,KR_6763476546
0,Mordekaiser,3111,4633,3157,3082,1028,0,3364,TOP,False,KR_6763424111
1,Kindred,1028,3133,6672,3078,1055,3006,3340,JUNGLE,False,KR_6763424111
2,Yone,3031,3006,0,6672,1053,0,3340,MIDDLE,False,KR_6763424111
3,Ziggs,3089,3020,3070,1052,6653,0,3363,BOTTOM,False,KR_6763424111
4,Sett,8020,3857,2055,3066,3009,3801,3364,UTILITY,False,KR_6763424111
5,Udyr,1011,3068,1082,3047,8020,6665,3340,TOP,True,KR_6763424111
6,Khazix,3142,6693,6696,3035,0,3158,3364,JUNGLE,True,KR_6763424111
7,Orianna,3020,4644,4645,3108,3041,1056,3363,MIDDLE,True,KR_6763424111
8,Jinx,3095,3031,1018,1083,1055,3006,3363,BOTTOM,True,KR_6763424111
9,Nautilus,2055,1028,3860,3001,3024,3047,3364,UTILITY,True,KR_6763424111
0,Rumble,2420,3152,3089,3009,4645,3102,3363,TOP,True,KR_6761883425
1,Talon,3142,6696,3134,3814,6694,3158,3364,JUNGLE,True,KR_6761883425
2,Orianna,3102,3111,4645,6655,3135,1058,3363,MIDDLE,True,KR_6761883425
3,Draven,3094,3156,6676,3036,3072,3078,3363,BOTTOM,True,KR_6761883425
4,Nautilus,6667,2420,3860,3117,3076,8020,3364,UTILITY,True,KR_6761883425
5,Tryndamere,6631,6672,3006,3086,3051,3181,3364,TOP,False,KR_6761883425
6,Nidalee,4636,3157,3135,3089,1058,3158,3364,JUNGLE,False,KR_6761883425
7,Syndra,3102,3020,2421,6655,3089,3135,3363,MIDDLE,False,KR_6761883425
8,Kalista,2421,3047,3091,3153,3124,3085,3363,BOTTOM,False,KR_6761883425
9,Blitzcrank,0,3857,2065,3075,3117,1028,3364,UTILITY,False,KR_6761883425
0,Pantheon,3047,6692,1055,3071,3814,3053,3340,TOP,True,KR_6761823988
1,Graves,3142,3071,3035,3047,6676,1018,3364,JUNGLE,True,KR_6761823988
2,Azir,3102,4630,3020,3089,6655,3115,3363,MIDDLE,True,KR_6761823988
3,Kalista,2421,3006,3153,3082,3124,6673,3363,BOTTOM,True,KR_6761823988
4,Nautilus,6667,3860,4638,3075,0,3111,3364,UTILITY,True,KR_6761823988
5,Camille,6632,3074,3047,3053,0,0,3340,TOP,False,KR_6761823988
6,Vi,3143,3047,1036,8020,6632,3071,3364,JUNGLE,False,KR_6761823988
7,Orianna,4645,4644,0,3135,3041,3020,3363,MIDDLE,False,KR_6761823988
8,Caitlyn,1055,3006,6671,3095,3094,3035,3363,BOTTOM,False,KR_6761823988
9,Lux,1058,3853,0,3157,3020,6655,3364,UTILITY,False,KR_6761823988
0,Illaoi,3123,1001,6662,3181,1031,3066,3340,TOP,True,KR_6761779792
1,Lillia,3108,6657,2424,3158,3116,1052,3364,JUNGLE,True,KR_6761779792
2,Yone,6673,2055,3006,6672,3031,0,3364,MIDDLE,True,KR_6761779792
3,Kaisa,1055,3115,3006,3124,3095,3191,3363,BOTTOM,True,KR_6761779792
4,Rell,3158,3860,2055,6667,3076,0,3364,UTILITY,True,KR_6761779792
5,Zac,6667,0,0,3076,8001,3047,3364,TOP,False,KR_6761779792
6,JarvanIV,6630,3133,2055,3067,3158,1037,3364,JUNGLE,False,KR_6761779792
7,Jayce,2031,3142,3042,1055,3158,2055,3363,MIDDLE,False,KR_6761779792
8,Ziggs,3040,2031,2055,1056,3020,6653,3363,BOTTOM,False,KR_6761779792
9,Alistar,6667,2031,3158,0,0,3860,3364,UTILITY,False,KR_6761779792
0,Kennen,3152,3135,1082,1058,3165,3020,3364,TOP,True,KR_6761682400
1,JarvanIV,3161,2055,6630,3065,3158,3082,3364,JUNGLE,True,KR_6761682400
2,Akali,3102,2421,3152,3135,1082,3020,3364,MIDDLE,True,KR_6761682400
3,Kalista,3124,3139,3026,6673,3006,3153,3363,BOTTOM,True,KR_6761682400
4,Alistar,3860,2055,2421,3023,3111,6667,3364,UTILITY,True,KR_6761682400
5,Nidalee,3157,3111,6632,1057,2055,0,3363,TOP,False,KR_6761682400
6,Briar,3071,6631,2055,3111,3156,0,3364,JUNGLE,False,KR_6761682400
7,Orianna,3102,3020,1058,3041,3135,6655,3363,MIDDLE,False,KR_6761682400
8,Kaisa,0,3046,3095,3006,3124,3036,3363,BOTTOM,False,KR_6761682400
9,Rell,3860,6667,2055,3023,3158,1029,3364,UTILITY,False,KR_6761682400
0,Nasus,1054,3105,6662,3158,3110,1029,3363,TOP,True,KR_6761624142
1,LeeSin,6630,3071,0,1037,1028,3111,3340,JUNGLE,True,KR_6761624142
2,Azir,1056,6655,2055,3020,3108,4645,3363,MIDDLE,True,KR_6761624142
3,Jinx,3031,0,3095,1055,3086,3006,3363,BOTTOM,True,KR_6761624142
4,Alistar,2031,3860,0,3105,3158,1011,3364,UTILITY,True,KR_6761624142
5,Tryndamere,1055,3006,6672,3133,2055,1018,3340,TOP,False,KR_6761624142
6,Rell,3068,6667,2055,3067,3158,1103,3364,JUNGLE,False,KR_6761624142
7,Orianna,2031,3020,1082,6655,1056,0,3363,MIDDLE,False,KR_6761624142
8,Xayah,3133,1018,6672,1055,0,3006,3363,BOTTOM,False,KR_6761624142
9,Rakan,3860,2031,3158,2065,2055,0,3364,UTILITY,False,KR_6761624142
0,Renekton,2031,1054,6630,3047,3156,0,3364,TOP,False,KR_6761551978
1,Viego,6632,3067,3133,1036,0,2422,3364,JUNGLE,False,KR_6761551978
2,Sylas,6656,2031,1056,3158,1082,3108,3364,MIDDLE,False,KR_6761551978
3,Jinx,1038,0,1037,1055,6672,3006,3363,BOTTOM,False,KR_6761551978
4,Alistar,6667,3860,2055,0,0,3158,3364,UTILITY,False,KR_6761551978
5,Udyr,3068,2055,3076,3111,1082,0,3364,TOP,True,KR_6761551978
6,LeeSin,0,6630,3071,0,0,3047,3340,JUNGLE,True,KR_6761551978
7,Orianna,2055,6655,3157,1026,3158,1082,3363,MIDDLE,True,KR_6761551978
8,Xayah,2055,0,6672,1055,6675,3006,3363,BOTTOM,True,KR_6761551978
9,Braum,3857,1028,1011,3190,0,2422,3364,UTILITY,True,KR_6761551978
0,Akali,3157,4645,3152,1026,0,3020,3340,TOP,True,KR_6758454501
1,LeeSin,2420,0,6630,3047,3071,1038,3340,JUNGLE,True,KR_6758454501
2,Syndra,1058,3020,3157,4645,1058,6655,3363,MIDDLE,True,KR_6758454501
3,MissFortune,1038,3142,6676,6694,3814,3158,3363,BOTTOM,True,KR_6758454501
4,Thresh,3857,6667,0,3076,1011,3158,3364,UTILITY,True,KR_6758454501
5,Yorick,3181,0,3133,6692,6694,3158,3340,TOP,False,KR_6758454501
6,Vi,3071,6632,8020,0,2422,0,3364,JUNGLE,False,KR_6758454501
7,Orianna,0,1058,3020,6655,4645,3102,3363,MIDDLE,False,KR_6758454501
8,Lucian,6672,2420,6675,3094,3156,2422,3363,BOTTOM,False,KR_6758454501
9,Senna,3142,3086,3864,3009,3179,1018,3364,UTILITY,False,KR_6758454501
0,Kayle,1055,3006,1083,3091,4633,1026,3363,TOP,False,KR_6758420767
1,Vi,3026,6632,0,3047,0,3071,3364,JUNGLE,False,KR_6758420767
2,Syndra,3135,6655,3157,3089,0,3020,3363,MIDDLE,False,KR_6758420767
3,Xayah,3095,3046,2420,3006,6675,1038,3363,BOTTOM,False,KR_6758420767
4,Rakan,2055,3860,6667,3107,3158,3076,3364,UTILITY,False,KR_6758420767
5,Jax,3051,2055,3157,3047,3071,6632,3340,TOP,True,KR_6758420767
6,LeeSin,3111,6630,3071,3026,3155,1037,3340,JUNGLE,True,KR_6758420767
7,Illaoi,3181,6662,3111,3053,1033,1029,3340,MIDDLE,True,KR_6758420767
8,Ezreal,3074,3156,1055,3158,3042,3078,3363,BOTTOM,True,KR_6758420767
9,Karma,3853,3158,3135,2055,4636,0,3364,UTILITY,True,KR_6758420767
0,Rumble,3135,3152,1082,3009,1058,3145,3340,TOP,False,KR_6758389860
1,LeeSin,3111,6630,2055,1028,3071,1028,3340,JUNGLE,False,KR_6758389860
2,Viktor,3108,3020,6655,3102,1056,1052,3363,MIDDLE,False,KR_6758389860
3,Jinx,1055,6671,3095,3086,2015,3006,3363,BOTTOM,False,KR_6758389860
4,Leona,2055,3860,6667,1054,3047,3076,3364,UTILITY,False,KR_6758389860
5,Jax,1056,6632,3158,3133,3181,3067,3340,TOP,True,KR_6758389860
6,Graves,1036,3142,0,3035,6676,3111,3364,JUNGLE,True,KR_6758389860
7,Leblanc,2033,1056,3158,2055,4645,6655,3364,MIDDLE,True,KR_6758389860
8,Kaisa,3155,3006,1055,3085,3095,6675,3363,BOTTOM,True,KR_6758389860
9,Blitzcrank,2055,6656,3860,3117,3801,1028,3364,UTILITY,True,KR_6758389860
0,Renekton,6630,2421,3047,3053,3133,1055,3364,TOP,True,KR_6758364375
1,Maokai,6667,2055,3158,6660,1029,3076,3364,JUNGLE,True,KR_6758364375
2,Yone,2055,3181,6672,1054,1042,3006,3364,MIDDLE,True,KR_6758364375
3,Jinx,6671,6672,3006,1055,1018,3035,3363,BOTTOM,True,KR_6758364375
4,Senna,3179,3864,0,3134,3133,3009,3364,UTILITY,True,KR_6758364375
5,Jax,3133,6632,3047,0,3067,1037,3340,TOP,False,KR_6758364375
6,Viego,1055,6632,3071,3047,3133,1028,3364,JUNGLE,False,KR_6758364375
7,Orianna,6655,3020,0,3145,1056,3041,3340,MIDDLE,False,KR_6758364375
8,Kaisa,3124,3095,1042,2055,3006,0,3363,BOTTOM,False,KR_6758364375
9,Rell,2031,3860,2055,1028,3111,6667,3364,UTILITY,False,KR_6758364375
0,Renekton,3044,1033,6630,1028,3123,3047,3364,TOP,True,KR_6758327004
1,Graves,3142,1055,6676,3155,3111,3123,3364,JUNGLE,True,KR_6758327004
2,Syndra,0,3020,2420,3102,6655,3041,3364,MIDDLE,True,KR_6758327004
3,Ashe,1042,3086,3078,0,6672,3006,3363,BOTTOM,True,KR_6758327004
4,Alistar,3742,0,3860,0,3117,0,3364,UTILITY,True,KR_6758327004
5,Aatrox,3047,3067,0,6630,3133,0,3364,TOP,False,KR_6758327004
6,Elise,0,4630,0,4636,0,3020,3364,JUNGLE,False,KR_6758327004
7,Orianna,6655,1058,1058,3158,1056,1082,3363,MIDDLE,False,KR_6758327004
8,Draven,2031,1037,3078,3134,1055,1001,3363,BOTTOM,False,KR_6758327004
9,Senna,3864,0,3179,3133,3134,3009,3364,UTILITY,False,KR_6758327004
0,Aatrox,6630,3161,2055,3053,3047,3082,3364,TOP,False,KR_6758270120
1,Graves,3111,6676,3078,3067,0,3133,3364,JUNGLE,False,KR_6758270120
2,Azir,2055,3115,3157,3020,1058,6655,3363,MIDDLE,False,KR_6758270120
3,Ashe,6672,3086,1043,3078,1055,3006,3363,BOTTOM,False,KR_6758270120
4,Renata,3853,2065,2055,3012,3158,3114,3364,UTILITY,False,KR_6758270120
5,Quinn,3051,6671,2055,3006,1043,3095,3363,TOP,True,KR_6758270120
6,Kindred,6676,3095,2015,3006,3086,3031,3364,JUNGLE,True,KR_6758270120
7,Orianna,2055,4628,3040,3020,0,6655,3363,MIDDLE,True,KR_6758270120
8,Varus,3042,3142,1038,6694,3814,3009,3363,BOTTOM,True,KR_6758270120
9,Karma,3853,0,2065,3114,3011,3158,3364,UTILITY,True,KR_6758270120
0,Aatrox,6630,3161,3053,3111,0,0,3364,TOP,True,KR_6758029081
1,Graves,3142,3155,0,1055,6676,3047,3364,JUNGLE,True,KR_6758029081
2,Azir,4644,3157,0,1058,3115,3020,3363,MIDDLE,True,KR_6758029081
3,Jinx,1018,6671,3035,6672,1055,3006,3363,BOTTOM,True,KR_6758029081
4,Alistar,6667,3860,3023,3111,2055,0,3364,UTILITY,True,KR_6758029081
5,Galio,0,3082,3047,1011,1033,6665,3364,TOP,False,KR_6758029081
6,Vi,3161,6632,1033,2055,3047,0,3364,JUNGLE,False,KR_6758029081
7,Akali,3152,3108,3135,3020,1058,1082,3364,MIDDLE,False,KR_6758029081
8,Kaisa,3091,3006,1036,3124,1018,3095,3363,BOTTOM,False,KR_6758029081
9,Rakan,3860,6667,2055,3158,1004,1052,3364,UTILITY,False,KR_6758029081
0,Jax,3047,6632,2055,1054,3071,1029,3340,TOP,True,KR_6757958824
1,Taliyah,2055,3020,6653,1082,4645,4630,3364,JUNGLE,True,KR_6757958824
2,Qiyana,6693,1054,6691,3134,1036,3158,3364,MIDDLE,True,KR_6757958824
3,Yone,1054,1038,3006,6672,1037,2055,3513,BOTTOM,True,KR_6757958824
4,Alistar,3009,3859,6667,1028,2055,0,3364,UTILITY,True,KR_6757958824
5,Renekton,1036,3067,6630,3111,1036,0,3364,TOP,False,KR_6757958824
6,Karthus,3020,1101,4645,1082,1052,6653,3364,JUNGLE,False,KR_6757958824
7,Tristana,2031,1055,1018,1036,3006,6672,3363,MIDDLE,False,KR_6757958824
8,Jinx,1055,1038,6672,3006,1018,0,3340,BOTTOM,False,KR_6757958824
9,Morgana,3853,0,6656,2055,1028,3158,3364,UTILITY,False,KR_6757958824
0,Rumble,3009,3152,1082,4645,1033,0,3340,TOP,True,KR_6757041948
1,LeeSin,6630,3133,0,3047,3067,1037,3340,JUNGLE,True,KR_6757041948
2,Sylas,1052,6656,0,3157,1082,3158,3364,MIDDLE,True,KR_6757041948
3,Kaisa,6675,1042,1042,6672,3006,1055,3363,BOTTOM,True,KR_6757041948
4,Rell,2421,3860,6667,0,0,3111,3364,UTILITY,True,KR_6757041948
5,Gnar,3111,2031,3155,3078,0,0,3363,TOP,False,KR_6757041948
6,Viego,1037,6632,0,1036,2422,3155,3364,JUNGLE,False,KR_6757041948
7,Taliyah,6653,3135,3158,3041,1056,1028,3340,MIDDLE,False,KR_6757041948
8,Kalista,0,1042,1043,3124,3153,3006,3363,BOTTOM,False,KR_6757041948
9,Nautilus,3860,8001,2055,3111,1029,0,3364,UTILITY,False,KR_6757041948
0,Jayce,3142,3042,3158,0,6694,1036,3364,TOP,True,KR_6756991052
1,Graves,3156,3142,3035,6676,1018,3047,3364,JUNGLE,True,KR_6756991052
2,Seraphine,2065,3504,3116,3916,3070,3158,3363,MIDDLE,True,KR_6756991052
3,Vayne,3153,3155,3078,3091,3006,3095,3363,BOTTOM,True,KR_6756991052
4,Alistar,3105,3860,3066,3075,3158,2055,3364,UTILITY,True,KR_6756991052
5,Jinx,3094,6671,1053,3006,1018,3095,3363,BOTTOM,False,KR_6756991052
6,Gwen,4633,3115,1082,3135,2422,0,3364,JUNGLE,False,KR_6756991052
7,Sylas,6656,4645,2421,3020,3041,1058,3364,MIDDLE,False,KR_6756991052
8,Garen,1054,6631,3143,3006,3742,3044,3363,TOP,False,KR_6756991052
9,Milio,2065,3107,3114,3853,2055,3158,3364,UTILITY,False,KR_6756991052
0,Aatrox,1055,2031,6691,3047,1036,0,3340,TOP,False,KR_6756945211
1,Gwen,1103,3115,1026,1052,2422,1028,3364,JUNGLE,False,KR_6756945211
2,Jayce,1055,3070,2031,6691,1036,1001,3363,MIDDLE,False,KR_6756945211
3,Jinx,1055,2031,6670,1043,3006,0,3340,BOTTOM,False,KR_6756945211
4,Rakan,3859,2055,0,3067,0,3111,3364,UTILITY,False,KR_6756945211
5,Jax,6632,1036,1054,0,0,3047,3340,TOP,True,KR_6756945211
6,JarvanIV,6630,0,1101,3133,3067,3158,3364,JUNGLE,True,KR_6756945211
7,Azir,4644,3108,3020,1082,1056,1042,3340,MIDDLE,True,KR_6756945211
8,Kaisa,3179,6691,2055,1055,0,3006,3363,BOTTOM,True,KR_6756945211
9,Blitzcrank,2031,3859,2055,3009,3802,3067,3364,UTILITY,True,KR_6756945211
0,Aatrox,6630,3047,3161,0,0,0,3364,TOP,True,KR_6754561551
1,FiddleSticks,3191,2421,0,3108,3020,6653,3330,JUNGLE,True,KR_6754561551
2,Yone,2031,6672,6673,3006,1054,3044,3364,MIDDLE,True,KR_6754561551
3,Jinx,1055,6671,3086,3095,2015,3006,3363,BOTTOM,True,KR_6754561551
4,Nautilus,0,3859,6667,0,3076,3047,3364,UTILITY,True,KR_6754561551
5,Renekton,1055,3067,6630,3047,3123,3133,3364,TOP,False,KR_6754561551
6,LeeSin,3071,6630,2055,0,0,2422,3340,JUNGLE,False,KR_6754561551
7,Sylas,6656,1082,3157,3020,1056,3145,3364,MIDDLE,False,KR_6754561551
8,Lucian,1018,0,3508,1055,6672,3006,3363,BOTTOM,False,KR_6754561551
9,Braum,3047,3190,3857,3023,2055,0,3364,UTILITY,False,KR_6754561551
0,Aatrox,3814,6694,3047,0,6691,0,3364,TOP,True,KR_6754536664
1,LeeSin,0,3071,6630,3158,0,0,3364,JUNGLE,True,KR_6754536664
2,Tristana,0,6675,3006,1055,6672,1036,3364,MIDDLE,True,KR_6754536664
3,Ziggs,6653,1052,3157,3020,1028,1082,3363,BOTTOM,True,KR_6754536664
4,Nautilus,2421,0,6667,3860,3009,1029,3364,UTILITY,True,KR_6754536664
5,Gangplank,0,6675,1036,3508,1054,3047,3340,TOP,False,KR_6754536664
6,Nidalee,0,1082,2420,4636,3158,3191,3364,JUNGLE,False,KR_6754536664
7,Jayce,2031,6691,3047,1055,3042,1036,3363,MIDDLE,False,KR_6754536664
8,Twitch,3153,1055,2055,1043,3124,3006,3363,BOTTOM,False,KR_6754536664
9,Bard,3853,3190,3158,3801,3023,0,3364,UTILITY,False,KR_6754536664
0,Aatrox,1037,3161,6630,3156,1001,1031,3364,TOP,False,KR_6754502668
1,Ekko,3100,3152,0,3020,4645,0,3364,JUNGLE,False,KR_6754502668
2,Orianna,3102,3020,0,3916,1082,4644,3364,MIDDLE,False,KR_6754502668
3,Rakan,2055,3023,3860,1028,6667,3111,3364,UTILITY,False,KR_6754502668
4,Ezreal,3078,3042,3158,3035,0,0,3363,BOTTOM,False,KR_6754502668
5,Rumble,3135,3152,1082,3145,0,3009,3340,TOP,True,KR_6754502668
6,LeeSin,3156,0,6630,3133,0,3111,3340,JUNGLE,True,KR_6754502668
7,Sylas,6656,4645,2421,3108,3020,3135,3364,MIDDLE,True,KR_6754502668
8,Sivir,3072,0,3051,3006,3087,6675,3363,BOTTOM,True,KR_6754502668
9,Rell,3158,3001,8020,3860,0,0,3364,UTILITY,True,KR_6754502668
0,Fiora,6630,3074,1055,3047,0,0,3363,TOP,False,KR_6754458184
1,Taliyah,2421,3116,2055,3916,6653,3020,3364,JUNGLE,False,KR_6754458184
2,Sion,2055,3076,3068,6665,1011,3047,3364,MIDDLE,False,KR_6754458184
3,Sivir,1038,3133,3006,1083,1055,6672,3363,BOTTOM,False,KR_6754458184
4,Bard,3853,3190,2055,1028,3067,3009,3364,UTILITY,False,KR_6754458184
5,Renekton,3071,6609,6630,2055,3047,0,3364,TOP,True,KR_6754458184
6,Graves,3142,6676,0,2422,3133,0,3364,JUNGLE,True,KR_6754458184
7,Sylas,6656,1082,1026,4645,0,3020,3364,MIDDLE,True,KR_6754458184
8,Xayah,0,6672,3006,1036,6675,1055,3363,BOTTOM,True,KR_6754458184
9,Karma,3853,0,4005,3158,3145,3108,3364,UTILITY,True,KR_6754458184
0,Jax,2421,3111,3191,1052,1054,6632,3340,TOP,False,KR_6754202731
1,Taliyah,6655,4645,2420,1082,3020,3108,3364,JUNGLE,False,KR_6754202731
2,Yone,2031,1054,3031,3006,0,6672,3340,MIDDLE,False,KR_6754202731
3,Kaisa,3006,3124,3095,1043,1055,3108,3363,BOTTOM,False,KR_6754202731
4,Blitzcrank,6656,3857,2055,0,0,3009,3364,UTILITY,False,KR_6754202731
5,Akali,0,2421,3152,1052,3020,3135,3364,TOP,True,KR_6754202731
6,Graves,0,3179,6691,3158,1036,6676,3364,JUNGLE,True,KR_6754202731
7,Orianna,1056,3158,6653,4645,4628,2420,3363,MIDDLE,True,KR_6754202731
8,Jinx,3046,3031,6672,3006,0,0,3363,BOTTOM,True,KR_6754202731
9,Thresh,2065,1028,3857,2055,3009,3067,3364,UTILITY,True,KR_6754202731
0,Jax,3161,3157,6632,0,3047,0,3340,TOP,True,KR_6754112970
1,Sejuani,6667,3068,0,3067,3158,1057,3364,JUNGLE,True,KR_6754112970
2,Ahri,3089,6656,2421,3158,3191,1082,3364,MIDDLE,True,KR_6754112970
3,Jinx,0,3031,2421,3006,3094,6672,3363,BOTTOM,True,KR_6754112970
4,Lulu,3853,2065,0,0,6616,3158,3364,UTILITY,True,KR_6754112970
5,Vi,3143,3047,1033,1028,6632,1028,3364,TOP,False,KR_6754112970
6,Taliyah,2421,0,6653,3116,0,3020,3364,JUNGLE,False,KR_6754112970
7,Jayce,1036,3111,6691,3042,1055,3035,3363,MIDDLE,False,KR_6754112970
8,Aphelios,3006,3095,3031,3036,1018,0,3363,BOTTOM,False,KR_6754112970
9,Alistar,3860,2055,0,3023,6667,3158,3364,UTILITY,False,KR_6754112970
0,KSante,3075,3181,6662,0,0,3047,3364,TOP,True,KR_6753289426
1,JarvanIV,3161,3111,6630,0,1028,3110,3364,JUNGLE,True,KR_6753289426
2,Orianna,2031,3020,3089,6655,4630,4645,3363,MIDDLE,True,KR_6753289426
3,Kaisa,6691,3179,3074,1058,3115,3006,3363,BOTTOM,True,KR_6753289426
4,Galio,3047,6667,3860,3023,0,0,3364,UTILITY,True,KR_6753289426
5,Renekton,1038,3161,6630,3047,3156,0,3364,TOP,False,KR_6753289426
6,LeeSin,6630,3071,2055,3044,0,3047,3340,JUNGLE,False,KR_6753289426
7,Zoe,4645,3020,1026,6655,4630,1056,3364,MIDDLE,False,KR_6753289426
8,Yone,1037,3006,1018,3001,6672,1053,3363,BOTTOM,False,KR_6753289426
9,Rakan,2055,3023,3860,1028,6667,3158,3364,UTILITY,False,KR_6753289426
0,Tryndamere,1036,3006,6631,0,0,6672,3363,TOP,True,KR_6753248908
1,LeeSin,0,6630,2421,3071,1031,3111,3340,JUNGLE,True,KR_6753248908
2,Zoe,4645,6655,4630,3020,1082,1056,3364,MIDDLE,True,KR_6753248908
3,Zeri,3006,3085,3031,3095,0,0,3363,BOTTOM,True,KR_6753248908
4,Alistar,1011,0,1028,3158,6667,3860,3364,UTILITY,True,KR_6753248908
5,Rumble,3152,1052,3157,3020,1056,1082,3364,TOP,False,KR_6753248908
6,Poppy,1031,6660,1028,3066,6662,3158,3364,JUNGLE,False,KR_6753248908
7,Akali,3152,1058,1058,3020,1082,4645,3364,MIDDLE,False,KR_6753248908
8,Tristana,6675,1055,1018,1038,6672,3006,3363,BOTTOM,False,KR_6753248908
9,Taric,3190,3158,3857,2055,3070,3067,3364,UTILITY,False,KR_6753248908
0,Aatrox,0,6630,2031,3047,3123,0,3363,TOP,True,KR_6751406255
1,Graves,3095,3142,0,1101,1036,2422,3364,JUNGLE,True,KR_6751406255
2,Taliyah,2031,3108,6655,3158,1056,0,3340,MIDDLE,True,KR_6751406255
3,Aphelios,2031,2055,1055,3095,3006,1038,3363,BOTTOM,True,KR_6751406255
4,Milio,3853,2065,0,3114,0,3158,3364,UTILITY,True,KR_6751406255
5,Fiora,6029,2031,3044,1054,3047,0,3340,TOP,False,KR_6751406255
6,LeeSin,6029,3044,0,3067,2422,1103,3340,JUNGLE,False,KR_6751406255
7,Yone,3006,1037,3153,2055,1036,1054,3364,MIDDLE,False,KR_6751406255
8,Nilah,1054,3134,1037,3006,1018,0,3340,BOTTOM,False,KR_6751406255
9,Senna,3179,3864,3009,2055,1036,0,3364,UTILITY,False,KR_6751406255
0,Renekton,6630,3133,3047,1028,0,0,3340,TOP,False,KR_6751320501
1,Graves,3142,3095,0,0,0,2422,3364,JUNGLE,False,KR_6751320501
2,Taliyah,6655,3111,0,1052,1056,0,3363,MIDDLE,False,KR_6751320501
3,Draven,3508,1053,1001,1036,0,1036,3340,BOTTOM,False,KR_6751320501
4,Nautilus,3859,3105,0,0,1011,1001,3364,UTILITY,False,KR_6751320501
5,Aatrox,0,3047,6691,1054,1036,3134,3340,TOP,True,KR_6751320501
6,Vi,3047,6632,3133,1028,0,1036,3364,JUNGLE,True,KR_6751320501
7,Neeko,3152,3158,2031,1052,1056,0,3364,MIDDLE,True,KR_6751320501
8,Ezreal,1036,1036,3070,1055,3158,3078,3363,BOTTOM,True,KR_6751320501
9,Bard,3851,3190,3009,1028,0,0,3364,UTILITY,True,KR_6751320501
0,Kennen,1055,3152,1052,1082,0,2422,3364,TOP,False,KR_6751258177
1,Graves,1101,1055,3142,0,2422,1036,3364,JUNGLE,False,KR_6751258177
2,Akali,1056,2031,1082,3145,1052,3020,3340,MIDDLE,False,KR_6751258177
3,Zeri,1055,6670,3006,2015,0,0,3340,BOTTOM,False,KR_6751258177
4,Alistar,2055,3859,1028,1033,1029,3158,3364,UTILITY,False,KR_6751258177
5,Akshan,2031,3087,2015,1001,1036,0,3363,TOP,True,KR_6751258177
6,Nidalee,3152,1058,1101,3041,3158,0,3364,JUNGLE,True,KR_6751258177
7,Yone,6672,3006,1053,1037,1054,0,3340,MIDDLE,True,KR_6751258177
8,Kalista,3124,1043,3153,3006,3051,1055,3363,BOTTOM,True,KR_6751258177
9,Rell,3001,3111,3859,2055,1028,0,3364,UTILITY,True,KR_6751258177
0,Jax,3156,2055,3157,3111,6632,1036,3340,TOP,True,KR_6751123527
1,Poppy,6662,3068,3067,0,1011,3111,3364,JUNGLE,True,KR_6751123527
2,Vex,6655,3102,3135,3158,1058,1058,3364,MIDDLE,True,KR_6751123527
3,Xayah,6675,3006,6672,3072,3156,3094,3363,BOTTOM,True,KR_6751123527
4,Rakan,3860,3111,4638,1057,6667,3050,3364,UTILITY,True,KR_6751123527
5,Rumble,4637,4636,2421,3108,3009,3135,3364,TOP,False,KR_6751123527
6,LeeSin,1037,6630,2055,3071,3044,3111,3340,JUNGLE,False,KR_6751123527
7,Syndra,1058,3111,4645,3135,6655,1058,3363,MIDDLE,False,KR_6751123527
8,Kaisa,3072,3095,2421,3006,3085,3124,3363,BOTTOM,False,KR_6751123527
9,Nautilus,3111,6667,3109,3860,2055,0,3364,UTILITY,False,KR_6751123527
0,Maokai,6662,3068,3067,3158,1011,2140,3364,TOP,False,KR_6750836294
1,Viego,3161,3078,3047,1033,1028,3053,3364,JUNGLE,False,KR_6750836294
2,Orianna,4645,6655,3108,3089,1082,3111,3363,MIDDLE,False,KR_6750836294
3,Caitlyn,0,3006,3094,3036,3031,3095,3363,BOTTOM,False,KR_6750836294
4,Senna,3142,3864,3094,1036,3179,3009,3364,UTILITY,False,KR_6750836294
5,Illaoi,3181,6662,1037,3071,3044,3111,3340,TOP,True,KR_6750836294
6,Graves,3142,2420,2055,3111,6694,3179,3364,JUNGLE,True,KR_6750836294
7,Zoe,0,6656,3089,1082,3135,3020,3364,MIDDLE,True,KR_6750836294
8,Ezreal,3078,2055,3155,3158,6694,3042,3363,BOTTOM,True,KR_6750836294
9,Karma,3853,2065,0,0,6616,3158,3364,UTILITY,True,KR_6750836294
0,Maokai,6662,1057,6660,3158,1028,2140,3364,TOP,False,KR_6750757479
1,Viego,3133,3067,2055,0,3078,2422,3364,JUNGLE,False,KR_6750757479
2,Azir,1058,4644,1058,3020,1056,3115,3363,MIDDLE,False,KR_6750757479
3,Sivir,3006,6675,0,0,1055,6672,3363,BOTTOM,False,KR_6750757479
4,Rakan,3860,2031,2055,3158,1029,6667,3364,UTILITY,False,KR_6750757479
5,Rumble,1056,4637,3020,0,4636,3108,3364,TOP,True,KR_6750757479
6,JarvanIV,3161,6630,2055,3211,3158,0,3364,JUNGLE,True,KR_6750757479
7,Jayce,3142,3042,3161,3111,2055,0,3364,MIDDLE,True,KR_6750757479
8,Kaisa,3115,2055,3124,3095,0,2422,3363,BOTTOM,True,KR_6750757479
9,Blitzcrank,0,3190,3857,3117,1028,1029,3364,UTILITY,True,KR_6750757479
0,Maokai,8020,6662,6660,3158,3916,2140,3364,TOP,False,KR_6750668320
1,Viego,3111,3026,0,3071,3044,6632,3364,JUNGLE,False,KR_6750668320
2,Syndra,4645,6653,1058,3020,1058,3135,3363,MIDDLE,False,KR_6750668320
3,Zeri,3087,0,3006,3085,3036,6675,3363,BOTTOM,False,KR_6750668320
4,Nautilus,2055,3860,3023,6667,3111,3801,3364,UTILITY,False,KR_6750668320
5,KSante,6662,3111,1057,3075,3066,3110,3340,TOP,True,KR_6750668320
6,Rell,0,6667,3065,3076,1011,3111,3364,JUNGLE,True,KR_6750668320
7,Taliyah,3108,3111,3157,3135,3089,6655,3363,MIDDLE,True,KR_6750668320
8,Sivir,3006,3026,0,6672,6675,3036,3363,BOTTOM,True,KR_6750668320
9,Alistar,3047,6667,3860,2055,3076,1011,3364,UTILITY,True,KR_6750668320
0,Olaf,6631,3053,0,6333,3123,3047,3364,TOP,False,KR_6749489167
1,Nidalee,3157,4636,3916,3158,3145,0,3364,JUNGLE,False,KR_6749489167
2,Akshan,1055,6675,3047,3087,3153,6670,3363,MIDDLE,False,KR_6749489167
3,Kaisa,1055,6672,2420,3006,3046,6675,3363,BOTTOM,False,KR_6749489167
4,Alistar,6667,3860,2055,1029,3047,1011,3364,UTILITY,False,KR_6749489167
5,Camille,3158,1031,3133,3161,3074,6632,3340,TOP,True,KR_6749489167
6,Diana,3157,3152,4645,1082,3020,1058,3364,JUNGLE,True,KR_6749489167
7,Yone,3031,3006,1018,6672,1036,1038,3364,MIDDLE,True,KR_6749489167
8,Jinx,6671,3036,0,3095,1055,3006,3363,BOTTOM,True,KR_6749489167
9,Pyke,3857,3179,6691,1031,2424,3117,3364,UTILITY,True,KR_6749489167
0,Jax,2031,6632,1055,0,3047,0,3340,TOP,False,KR_6749457312
1,LeeSin,1028,6630,3133,1036,2422,1102,3340,JUNGLE,False,KR_6749457312
2,Leblanc,2033,1056,6656,1082,0,3158,3364,MIDDLE,False,KR_6749457312
3,Varus,3153,6677,0,1055,0,3047,3363,BOTTOM,False,KR_6749457312
4,Nautilus,3855,1011,0,3047,3105,0,3364,UTILITY,False,KR_6749457312
5,Yone,1055,2031,3006,1018,1053,6672,3340,TOP,True,KR_6749457312
6,MonkeyKing,1102,6632,3047,1036,1028,0,3513,JUNGLE,True,KR_6749457312
7,Orianna,2031,3020,3108,4644,1056,1082,3363,MIDDLE,True,KR_6749457312
8,Kaisa,2031,3134,3133,3006,1055,3179,3363,BOTTOM,True,KR_6749457312
9,Pyke,3855,3134,2423,1036,1036,3117,3364,UTILITY,True,KR_6749457312
0,Jax,6632,3158,1036,3067,0,0,3340,TOP,False,KR_6749330049
1,Rammus,3067,0,0,3001,3075,3047,3364,JUNGLE,False,KR_6749330049
2,Akali,3152,1026,4630,1054,1082,3020,3364,MIDDLE,False,KR_6749330049
3,Ziggs,6653,3040,3020,1052,0,1056,3363,BOTTOM,False,KR_6749330049
4,Rakan,3105,3859,2055,1011,3111,0,3364,UTILITY,False,KR_6749330049
5,Fiora,3111,2031,0,0,3074,6632,3364,TOP,True,KR_6749330049
6,XinZhao,6630,3156,1028,3111,0,0,3364,JUNGLE,True,KR_6749330049
7,Orianna,1082,3040,6656,4630,1026,3111,3363,MIDDLE,True,KR_6749330049
8,Sivir,3006,0,3087,1036,1018,6675,3363,BOTTOM,True,KR_6749330049
9,Blitzcrank,3859,2055,6656,3066,3117,1028,3364,UTILITY,True,KR_6749330049
0,Gnar,1054,3078,3071,0,1001,0,3363,TOP,True,KR_6748381115
1,Graves,3142,2422,2055,1102,1036,6676,3364,JUNGLE,True,KR_6748381115
2,Ahri,6656,2033,2055,3111,1082,1058,3340,MIDDLE,True,KR_6748381115
3,Samira,1055,6676,3111,3031,6673,0,3363,BOTTOM,True,KR_6748381115
4,Nautilus,3859,2055,1029,3001,3047,3023,3364,UTILITY,True,KR_6748381115
5,Malphite,0,1028,1056,3047,3068,1029,3364,TOP,False,KR_6748381115
6,Viego,1102,3051,3057,2422,3067,1033,3364,JUNGLE,False,KR_6748381115
7,Neeko,3152,1052,0,0,1001,1056,3340,MIDDLE,False,KR_6748381115
8,TahmKench,1054,2031,3068,1029,1001,1029,3340,BOTTOM,False,KR_6748381115
9,Senna,3864,1036,3179,3123,3009,3134,3364,UTILITY,False,KR_6748381115
0,Zac,3067,8001,2055,6667,1057,3047,3364,TOP,True,KR_6748004495
1,Nidalee,4636,1058,4645,3158,3041,1058,3364,JUNGLE,True,KR_6748004495
2,Akshan,1001,0,3142,3094,6676,0,3363,MIDDLE,True,KR_6748004495
3,Jhin,3009,3031,3086,2015,1036,3095,3363,BOTTOM,True,KR_6748004495
4,Rakan,6667,3860,3024,3158,3023,0,3364,UTILITY,True,KR_6748004495
5,Akali,4633,1011,1026,3916,1054,3020,3364,TOP,False,KR_6748004495
6,LeeSin,2422,6630,2055,3071,1028,1055,3340,JUNGLE,False,KR_6748004495
7,Orianna,3135,1082,0,3158,1056,6655,3363,MIDDLE,False,KR_6748004495
8,Sivir,2055,6675,1055,1053,3006,6672,3363,BOTTOM,False,KR_6748004495
9,Pyke,3857,2031,2055,3179,3012,3111,3364,UTILITY,False,KR_6748004495
0,Jax,1054,6632,2031,1036,0,1001,3340,TOP,False,KR_6747983472
1,Ekko,3020,1101,3152,1052,1082,0,3364,JUNGLE,False,KR_6747983472
2,LeeSin,2055,1036,6630,1033,1001,1054,3340,MIDDLE,False,KR_6747983472
3,Jhin,0,0,1036,2015,3094,3009,3363,BOTTOM,False,KR_6747983472
4,Rell,3859,0,1033,1029,1011,3111,3364,UTILITY,False,KR_6747983472
5,Aatrox,2055,3044,6630,3047,1055,0,3364,TOP,True,KR_6747983472
6,Nidalee,4636,3158,0,0,1101,1082,3364,JUNGLE,True,KR_6747983472
7,Orianna,2031,3108,2055,3020,6655,0,3363,MIDDLE,True,KR_6747983472
8,Caitlyn,1055,3006,3095,0,0,0,3363,BOTTOM,True,KR_6747983472
9,Bard,3190,3859,2055,0,3158,0,3364,UTILITY,True,KR_6747983472
0,Aatrox,6630,3161,3181,3047,0,0,3364,TOP,True,KR_6747959042
1,Nidalee,3020,3157,2055,4636,3135,1058,3364,JUNGLE,True,KR_6747959042
2,Yone,1031,6672,2421,3006,6673,3031,3364,MIDDLE,True,KR_6747959042
3,Caitlyn,3035,3094,3095,3031,1055,3006,3363,BOTTOM,True,KR_6747959042
4,Lux,6656,3853,2055,2421,3158,3165,3364,UTILITY,True,KR_6747959042
5,Jax,1055,3078,2055,3161,3082,3047,3340,TOP,False,KR_6747959042
6,LeeSin,3111,6630,2055,3071,3082,1028,3340,JUNGLE,False,KR_6747959042
7,Neeko,3152,3157,1058,3020,4645,1058,3364,MIDDLE,False,KR_6747959042
8,Xayah,1055,6675,3006,6672,1018,1053,3363,BOTTOM,False,KR_6747959042
9,Rakan,3860,2065,2055,3111,3067,1028,3364,UTILITY,False,KR_6747959042
0,Jax,3161,3157,3143,3111,1028,6632,3340,TOP,True,KR_6746712955
1,Vi,3143,2420,6631,0,3071,3111,3364,JUNGLE,True,KR_6746712955
2,Syndra,6653,2421,3020,4645,3135,3108,3364,MIDDLE,True,KR_6746712955
3,Varus,2420,3036,3124,6673,3153,3006,3363,BOTTOM,True,KR_6746712955
4,Rell,3117,3860,3076,3001,8001,0,3364,UTILITY,True,KR_6746712955
5,Maokai,3001,3075,3024,1029,3158,3068,3364,TOP,False,KR_6746712955
6,Viego,3071,1031,2421,3053,3078,3111,3364,JUNGLE,False,KR_6746712955
7,LeeSin,6630,3026,2055,3111,3044,3071,3340,MIDDLE,False,KR_6746712955
8,Jinx,1055,3095,0,3006,3046,3031,3363,BOTTOM,False,KR_6746712955
9,Taliyah,3157,3853,2055,4644,1082,3020,3364,UTILITY,False,KR_6746712955
0,LeeSin,2420,6630,0,3156,3071,3047,3340,TOP,False,KR_6746688337
1,Viego,6672,3155,2421,3078,1036,3047,3364,JUNGLE,False,KR_6746688337
2,Syndra,2031,0,3157,3135,6655,3020,3363,MIDDLE,False,KR_6746688337
3,Ezreal,3078,3042,1055,3158,3133,3035,3363,BOTTOM,False,KR_6746688337
4,Alistar,3111,6667,3860,2055,3023,1028,3364,UTILITY,False,KR_6746688337
5,Jax,3047,3157,1028,6632,3161,1029,3340,TOP,True,KR_6746688337
6,Vi,3026,3071,0,3111,6632,0,3364,JUNGLE,True,KR_6746688337
7,Orianna,1052,6655,1082,3089,4645,3111,3363,MIDDLE,True,KR_6746688337
8,Jinx,6671,3085,3006,1053,1018,6672,3363,BOTTOM,True,KR_6746688337
9,Thresh,3857,3190,3117,3109,0,0,3364,UTILITY,True,KR_6746688337
0,Gwen,4635,2031,1026,0,3115,1001,3364,TOP,True,KR_6746661962
1,Sejuani,1103,6660,2055,6667,1031,3158,3364,JUNGLE,True,KR_6746661962
2,Yone,1054,2031,3006,0,3023,3153,3363,MIDDLE,True,KR_6746661962
3,Kalista,1055,3153,3006,6677,1052,0,3340,BOTTOM,True,KR_6746661962
4,Renata,6667,3853,2055,3158,3114,0,3364,UTILITY,True,KR_6746661962
5,Poppy,2031,4401,2055,1028,1054,3047,3364,TOP,False,KR_6746661962
6,LeeSin,1102,6630,3067,3158,1055,3133,3340,JUNGLE,False,KR_6746661962
7,Orianna,2031,3158,1082,6653,1056,0,3340,MIDDLE,False,KR_6746661962
8,Aphelios,3006,6670,2031,1043,1018,1055,3340,BOTTOM,False,KR_6746661962
9,Alistar,1033,1028,3859,2055,1029,3158,3364,UTILITY,False,KR_6746661962
0,Renekton,1028,2031,6630,3047,1036,1054,3364,TOP,False,KR_6745467300
1,Taliyah,1052,1058,0,3020,6655,1082,3364,JUNGLE,False,KR_6745467300
2,Orianna,3020,1026,6653,1056,1082,1052,3363,MIDDLE,False,KR_6745467300
3,Ezreal,3158,3070,3078,1055,3133,1036,3363,BOTTOM,False,KR_6745467300
4,Bard,3853,3190,2055,3009,3023,0,3364,UTILITY,False,KR_6745467300
5,Gnar,6632,0,3051,1043,1055,3111,3364,TOP,True,KR_6745467300
6,LeeSin,6630,3071,0,0,0,3158,3513,JUNGLE,True,KR_6745467300
7,Sylas,6656,4645,1056,0,1054,3020,3364,MIDDLE,True,KR_6745467300
8,Kalista,1055,2031,3006,0,1042,3153,3363,BOTTOM,True,KR_6745467300
9,Rakan,3860,2065,2055,3012,3111,0,3364,UTILITY,True,KR_6745467300
0,Jax,6632,0,0,2055,0,3111,3340,TOP,True,KR_6745446684
1,Viego,2422,3078,1103,1036,1036,0,3364,JUNGLE,True,KR_6745446684
2,Taliyah,2031,1028,2055,3020,1056,6655,3363,MIDDLE,True,KR_6745446684
3,Jhin,3095,2055,2031,3009,1038,0,3363,BOTTOM,True,KR_6745446684
4,Nautilus,1033,3111,3859,0,1029,1011,3364,UTILITY,True,KR_6745446684
5,KSante,6662,1028,2031,1001,0,1054,3340,TOP,False,KR_6745446684
6,Belveth,1102,6672,1036,1036,2422,1042,3364,JUNGLE,False,KR_6745446684
7,Syndra,0,0,6653,1056,3158,3108,3340,MIDDLE,False,KR_6745446684
8,Caitlyn,1037,1038,0,0,3006,1055,3340,BOTTOM,False,KR_6745446684
9,Bard,3851,1033,3023,3111,0,0,3364,UTILITY,False,KR_6745446684
0,KSante,3068,2031,6662,3047,2055,0,3364,TOP,True,KR_6745353309
1,Viego,2055,6672,6632,3044,1037,3111,3364,JUNGLE,True,KR_6745353309
2,Neeko,3191,3152,4645,2420,3020,3041,3364,MIDDLE,True,KR_6745353309
3,Kalista,3006,3153,0,3124,3085,1055,3363,BOTTOM,True,KR_6745353309
4,Blitzcrank,3860,3117,2065,3107,0,2055,3364,UTILITY,True,KR_6745353309
5,Gnar,1055,3078,3071,3047,1036,0,3364,TOP,False,KR_6745353309
6,LeeSin,1103,6630,2055,2422,1036,3067,3340,JUNGLE,False,KR_6745353309
7,Sylas,6656,1058,2055,1054,1082,3020,3340,MIDDLE,False,KR_6745353309
8,Xayah,6672,3006,1018,6675,0,1055,3363,BOTTOM,False,KR_6745353309
9,Rakan,3859,2055,3105,0,1011,3111,3364,UTILITY,False,KR_6745353309
0,Jax,3067,1057,3157,3161,6632,3111,3340,TOP,False,KR_6745136292
1,LeeSin,6630,3026,2055,3071,3047,3156,3340,JUNGLE,False,KR_6745136292
2,Azir,4644,3157,3115,1026,4630,3020,3363,MIDDLE,False,KR_6745136292
3,Ezreal,1053,3140,3158,3042,3078,6694,3363,BOTTOM,False,KR_6745136292
4,Karma,2065,3853,2055,3108,3158,6616,3364,UTILITY,False,KR_6745136292
5,Malphite,8020,0,8001,6662,3076,3158,3364,TOP,True,KR_6745136292
6,Lillia,3157,6653,3102,4637,3020,3041,3364,JUNGLE,True,KR_6745136292
7,Yasuo,3026,6671,6673,3006,6672,1057,3363,MIDDLE,True,KR_6745136292
8,Kaisa,1058,3157,6691,3115,3179,3006,3363,BOTTOM,True,KR_6745136292
9,Pyke,3857,3026,3117,3179,6691,2055,3364,UTILITY,True,KR_6745136292
0,Udyr,3105,3068,3076,3047,3067,1056,3364,TOP,False,KR_6745062188
1,JarvanIV,6630,3067,0,3133,3047,0,3364,JUNGLE,False,KR_6745062188
2,Akali,3152,1058,0,1082,3020,1056,3340,MIDDLE,False,KR_6745062188
3,Xayah,1055,6672,3046,3133,3006,1018,3363,BOTTOM,False,KR_6745062188
4,Rakan,3860,2065,2055,3158,1028,0,3364,UTILITY,False,KR_6745062188
5,Renekton,3071,3111,0,6630,1028,0,3364,TOP,True,KR_6745062188
6,Nidalee,0,3157,2055,4636,3041,3158,3364,JUNGLE,True,KR_6745062188
7,Yone,6672,2031,3006,3153,1037,0,3364,MIDDLE,True,KR_6745062188
8,Tristana,1038,6672,1018,1053,6675,3006,3363,BOTTOM,True,KR_6745062188
9,Blitzcrank,6656,3860,0,3023,0,3117,3364,UTILITY,True,KR_6745062188
0,Jax,6632,2031,3161,3047,1054,0,3340,TOP,True,KR_6744582013
1,LeeSin,0,6630,3071,0,3047,0,3340,JUNGLE,True,KR_6744582013
2,Sylas,6656,4645,3041,1054,0,3020,3340,MIDDLE,True,KR_6744582013
3,Sivir,3006,0,0,3095,6675,0,3363,BOTTOM,True,KR_6744582013
4,Senna,0,3864,3084,1028,3009,3123,3364,UTILITY,True,KR_6744582013
5,KSante,1011,1055,6662,2055,3047,3076,3340,TOP,False,KR_6744582013
6,Graves,1037,3142,2055,2422,3134,3179,3364,JUNGLE,False,KR_6744582013
7,Orianna,0,2055,0,6653,4645,3020,3363,MIDDLE,False,KR_6744582013
8,Nilah,1054,2031,6676,1038,3133,1001,3363,BOTTOM,False,KR_6744582013
9,Rell,3857,2055,1028,6667,0,3009,3364,UTILITY,False,KR_6744582013
0,Sylas,6656,3191,2421,3108,1058,3020,3364,TOP,True,KR_6744265039
1,Taliyah,6653,3157,4630,1026,1082,3020,3364,JUNGLE,True,KR_6744265039
2,Jayce,6691,0,3042,3158,3035,3133,3364,MIDDLE,True,KR_6744265039
3,Nilah,1053,0,1055,6675,6676,3047,3363,BOTTOM,True,KR_6744265039
4,Pyke,3158,3179,3857,0,6691,0,3364,UTILITY,True,KR_6744265039
5,KSante,6662,2055,1011,3076,0,3047,3364,MIDDLE,False,KR_6744265039
6,Belveth,6631,6672,0,2422,0,0,3364,JUNGLE,False,KR_6744265039
7,Vex,6655,0,3020,3145,1082,0,3363,TOP,False,KR_6744265039
8,Kaisa,3115,0,3179,6691,0,3006,3363,BOTTOM,False,KR_6744265039
9,Alistar,6667,0,3860,3158,1033,1028,3364,UTILITY,False,KR_6744265039
0,Malphite,6655,1082,3157,4632,3089,3020,3364,TOP,False,KR_6744232758
1,Taliyah,3089,6653,3135,3020,0,3116,3364,JUNGLE,False,KR_6744232758
2,Yone,1057,6672,3031,6673,3006,3026,3364,MIDDLE,False,KR_6744232758
3,Jhin,3031,3094,3155,3095,3072,3009,3363,BOTTOM,False,KR_6744232758
4,Rakan,2065,3860,0,3011,3023,3111,3364,UTILITY,False,KR_6744232758
5,Sylas,3157,3158,6656,4630,1056,4629,3364,TOP,True,KR_6744232758
6,Zac,3143,6667,1082,3065,3068,3158,3364,JUNGLE,True,KR_6744232758
7,Jayce,6691,6694,6695,3042,3134,3158,3363,MIDDLE,True,KR_6744232758
8,Kaisa,6691,3179,3157,3115,4645,3006,3363,BOTTOM,True,KR_6744232758
9,Lissandra,3853,2055,3157,8020,3001,3158,3364,UTILITY,True,KR_6744232758
0,Jax,6632,3051,2055,3111,3161,3157,3340,TOP,False,KR_6744206981
1,Nidalee,2055,1082,3157,1033,4636,3158,3364,JUNGLE,False,KR_6744206981
2,Yone,3031,1031,2421,6672,6673,3006,3364,MIDDLE,False,KR_6744206981
3,Varus,3158,3142,3134,3042,1036,1036,3363,BOTTOM,False,KR_6744206981
4,Rakan,2065,3859,2055,3012,3158,3114,3364,UTILITY,False,KR_6744206981
5,Gragas,0,6656,3157,3158,1056,1052,3364,TOP,True,KR_6744206981
6,Karthus,3157,1082,2055,3135,3020,6653,3364,JUNGLE,True,KR_6744206981
7,Tristana,6675,3036,3047,1038,1055,6672,3363,MIDDLE,True,KR_6744206981
8,Jhin,6676,0,3094,3009,3179,3031,3363,BOTTOM,True,KR_6744206981
9,Senna,3864,3142,4638,3009,3179,2015,3364,UTILITY,True,KR_6744206981
0,Quinn,3091,1018,0,3087,3006,6672,3340,TOP,True,KR_6744177300
1,LeeSin,3053,6630,2421,3071,3047,2055,3340,JUNGLE,True,KR_6744177300
2,Neeko,3157,3152,4645,1058,1056,3020,3364,MIDDLE,True,KR_6744177300
3,Jhin,3142,3047,3179,3094,3036,6676,3363,BOTTOM,True,KR_6744177300
4,Pyke,2055,3857,2421,6691,3179,3117,3363,UTILITY,True,KR_6744177300
5,Poppy,3075,3068,2033,6662,1028,3047,3363,TOP,False,KR_6744177300
6,Viego,0,3071,3053,0,3047,3078,3364,JUNGLE,False,KR_6744177300
7,Sylas,6656,4630,3157,3089,3158,1082,3364,MIDDLE,False,KR_6744177300
8,Lucian,6675,1036,2055,6672,3508,3047,3363,BOTTOM,False,KR_6744177300
9,Senna,3009,3864,3094,6692,3179,0,3364,UTILITY,False,KR_6744177300
0,Akshan,1055,3087,2031,1043,3095,1001,3364,TOP,False,KR_6744135971
1,LeeSin,3158,6630,0,0,1036,3133,3340,JUNGLE,False,KR_6744135971
2,Syndra,4645,2031,2055,6653,3020,0,3363,MIDDLE,False,KR_6744135971
3,Senna,3864,0,0,3134,3009,3179,3364,UTILITY,False,KR_6744135971
4,Garen,6631,2031,1054,3006,1028,0,3340,BOTTOM,False,KR_6744135971
5,Quinn,1043,2031,1036,1033,3095,3047,3340,TOP,True,KR_6744135971
6,Poppy,1103,3001,3066,1031,1028,3047,3364,JUNGLE,True,KR_6744135971
7,Sylas,6656,2055,3157,4645,1082,3020,3364,MIDDLE,True,KR_6744135971
8,Kaisa,3006,2055,1055,3179,6691,3115,3363,BOTTOM,True,KR_6744135971
9,Blitzcrank,6656,3860,2055,3066,3047,0,3364,UTILITY,True,KR_6744135971
0,Volibear,1056,3047,3065,6662,3044,0,3340,TOP,False,KR_6744106168
1,Viego,6632,3071,3133,3047,0,0,3364,JUNGLE,False,KR_6744106168
2,Sylas,6656,3020,3157,1082,0,4645,3364,MIDDLE,False,KR_6744106168
3,Kaisa,3124,3095,1043,1055,3006,0,3363,BOTTOM,False,KR_6744106168
4,Senna,3864,3179,2055,3009,3134,3133,3364,UTILITY,False,KR_6744106168
5,Garen,6631,3742,0,3071,3006,1036,3364,TOP,True,KR_6744106168
6,LeeSin,0,3047,6630,3155,3071,1036,3340,JUNGLE,True,KR_6744106168
7,Orianna,1058,1058,0,6653,4645,3020,3363,MIDDLE,True,KR_6744106168
8,Zeri,3046,6675,3006,1053,0,3095,3363,BOTTOM,True,KR_6744106168
9,Alistar,3860,3109,2031,6667,0,3009,3364,UTILITY,True,KR_6744106168
0,Sion,3075,6665,3105,3047,3068,1033,3340,TOP,True,KR_6742433215
1,LeeSin,2055,6630,3026,3071,3035,3158,3340,JUNGLE,True,KR_6742433215
2,Neeko,3152,1058,3157,3020,1058,1082,3340,MIDDLE,True,KR_6742433215
3,Xayah,3006,2031,6672,3072,6675,3086,3363,BOTTOM,True,KR_6742433215
4,Rakan,6667,3107,3860,4638,3916,3158,3364,UTILITY,True,KR_6742433215
5,Jayce,6692,2055,3026,3042,3158,6694,3363,TOP,False,KR_6742433215
6,Zac,6667,0,3082,1011,3068,3158,3364,JUNGLE,False,KR_6742433215
7,Zed,6691,3074,6694,0,0,3158,3364,MIDDLE,False,KR_6742433215
8,Ziggs,1056,3040,4630,6653,3020,0,3363,BOTTOM,False,KR_6742433215
9,Senna,3142,3864,1018,3009,3179,1036,3364,UTILITY,False,KR_6742433215
0,Zac,2031,8001,8020,0,6667,3047,3364,TOP,True,KR_6742358516
1,LeeSin,2420,6630,0,3053,3158,3161,3340,JUNGLE,True,KR_6742358516
2,Orianna,6655,1082,3157,3158,3135,1058,3363,MIDDLE,True,KR_6742358516
3,Ezreal,3078,3042,3074,1036,1055,3158,3363,BOTTOM,True,KR_6742358516
4,Bard,3853,4643,3190,3107,0,3117,3364,UTILITY,True,KR_6742358516
5,Jax,3157,3181,1036,3111,3161,6632,3340,TOP,False,KR_6742358516
6,Karthus,3165,3020,0,6653,1058,1058,3364,JUNGLE,False,KR_6742358516
7,Jayce,6691,3042,6694,3111,1036,0,3364,MIDDLE,False,KR_6742358516
8,Kaisa,3115,4630,3124,3095,3006,0,3363,BOTTOM,False,KR_6742358516
9,Pyke,3857,3179,2055,3009,3134,3133,3364,UTILITY,False,KR_6742358516
0,Cassiopeia,3116,1058,3802,1052,3070,0,3340,TOP,True,KR_6742307894
1,Viego,6672,1102,1028,3047,1036,0,3364,JUNGLE,True,KR_6742307894
2,KSante,6662,3047,1029,1029,1054,1033,3340,MIDDLE,True,KR_6742307894
3,Xayah,6672,3133,3006,1018,1038,1055,3363,BOTTOM,True,KR_6742307894
4,Rakan,3859,2065,2055,1028,3158,0,3364,UTILITY,True,KR_6742307894
5,Illaoi,3181,2033,1031,1028,0,0,3340,TOP,False,KR_6742307894
6,Zac,1103,2055,1082,3158,6660,1031,3364,JUNGLE,False,KR_6742307894
7,Jayce,2031,6691,3070,0,1001,1055,3340,MIDDLE,False,KR_6742307894
8,Kaisa,6672,1001,2031,1055,0,0,3340,BOTTOM,False,KR_6742307894
9,Nautilus,3859,0,0,1029,1028,3047,3364,UTILITY,False,KR_6742307894
0,Poppy,3121,6632,3047,2033,3076,0,3364,TOP,True,KR_6742245213
1,LeeSin,6630,6609,0,3047,1036,3071,3340,JUNGLE,True,KR_6742245213
2,Sylas,6656,3089,3157,0,1082,3111,3364,MIDDLE,True,KR_6742245213
3,Vayne,1055,3153,3006,6672,3124,0,3363,BOTTOM,True,KR_6742245213
4,Janna,3853,3504,0,3067,1082,3158,3364,UTILITY,True,KR_6742245213
5,Aatrox,3047,6630,3133,1036,3067,0,3364,TOP,False,KR_6742245213
6,Zac,1103,1028,1082,3068,6667,3158,3364,JUNGLE,False,KR_6742245213
7,Zoe,1052,6655,3145,3020,1056,1082,3364,MIDDLE,False,KR_6742245213
8,Kalista,1018,1037,1053,3153,3124,3006,3363,BOTTOM,False,KR_6742245213
9,Taric,3158,3190,3857,2055,3067,3070,3364,UTILITY,False,KR_6742245213
0,Teemo,3157,6653,3009,3108,1052,1082,3340,TOP,False,KR_6742174136
1,Belveth,3091,3143,6631,3047,3071,0,3364,JUNGLE,False,KR_6742174136
2,Sylas,6656,1058,3157,3041,0,3020,3364,MIDDLE,False,KR_6742174136
3,Sivir,3095,1001,1038,6675,1053,1018,3363,BOTTOM,False,KR_6742174136
4,Rakan,2065,3107,3860,2031,3009,0,3364,UTILITY,False,KR_6742174136
5,Tryndamere,3181,6631,0,6672,3086,3006,3364,TOP,True,KR_6742174136
6,Viego,6672,6632,2055,3053,0,3111,3364,JUNGLE,True,KR_6742174136
7,Akali,4645,3152,0,3916,3020,0,3364,MIDDLE,True,KR_6742174136
8,Caitlyn,1055,3031,3094,3095,0,3006,3363,BOTTOM,True,KR_6742174136
9,Senna,3142,3864,0,3009,3179,0,3364,UTILITY,True,KR_6742174136
0,Tryndamere,1054,3057,3006,6672,3051,3067,3364,TOP,False,KR_6742013929
1,Viego,3067,3078,3111,2055,3133,0,3364,JUNGLE,False,KR_6742013929
2,Sylas,6656,3191,3158,1082,1056,3108,3364,MIDDLE,False,KR_6742013929
3,Xayah,0,0,1036,1036,3006,6672,3363,BOTTOM,False,KR_6742013929
4,Nautilus,3860,3105,2055,0,3111,1011,3364,UTILITY,False,KR_6742013929
5,Teemo,6653,2031,3009,1082,3191,3108,3340,TOP,True,KR_6742013929
6,Khazix,6694,3179,6691,2422,0,0,3364,JUNGLE,True,KR_6742013929
7,Akali,0,3152,3157,3020,3916,1082,3364,MIDDLE,True,KR_6742013929
8,Nilah,1055,0,6675,0,1001,6676,3363,BOTTOM,True,KR_6742013929
9,Rakan,2031,3860,2055,6667,3158,0,3364,UTILITY,True,KR_6742013929
0,Quinn,3153,2031,1029,1042,1001,6672,3340,TOP,False,KR_6741951171
1,LeeSin,3155,3047,6630,2055,3071,1036,3340,JUNGLE,False,KR_6741951171
2,Orianna,4644,1058,0,3070,3158,1082,3340,MIDDLE,False,KR_6741951171
3,Sivir,3006,1018,3133,6672,0,0,3363,BOTTOM,False,KR_6741951171
4,Braum,6667,3855,2055,1028,1001,1029,3364,UTILITY,False,KR_6741951171
5,Sion,2033,3143,3047,3067,1033,1029,3364,TOP,True,KR_6741951171
6,Graves,3142,3179,6694,3071,3009,1037,3364,JUNGLE,True,KR_6741951171
7,Zoe,2031,4645,3158,6655,1056,1052,3364,MIDDLE,True,KR_6741951171
8,Twitch,3153,3085,1038,3006,1018,1055,3363,BOTTOM,True,KR_6741951171
9,Alistar,3860,0,1011,3158,3076,6667,3364,UTILITY,True,KR_6741951171
0,Volibear,6662,0,2055,0,1001,1056,3340,TOP,False,KR_6741865970
1,FiddleSticks,1102,3020,6653,0,0,0,3330,JUNGLE,False,KR_6741865970
2,Yone,1055,2031,6672,1018,3006,0,3340,MIDDLE,False,KR_6741865970
3,Kalista,1043,2031,3006,1055,1053,1037,3340,BOTTOM,False,KR_6741865970
4,Alistar,3859,1011,2055,3158,1029,0,3364,UTILITY,False,KR_6741865970
5,Jax,2055,2031,3047,3133,3067,6632,3340,TOP,True,KR_6741865970
6,LeeSin,2055,3047,6630,1103,3071,0,3340,JUNGLE,True,KR_6741865970
7,Sylas,6656,3020,3157,3041,1056,0,3364,MIDDLE,True,KR_6741865970
8,Kaisa,0,1055,0,6691,2422,3179,3363,BOTTOM,True,KR_6741865970
9,Rell,3859,2055,0,3105,1011,3111,3364,UTILITY,True,KR_6741865970
0,Aatrox,6630,3053,0,0,3161,3111,3364,TOP,True,KR_6741798013
1,LeeSin,2055,3047,6630,1028,3156,0,3340,JUNGLE,True,KR_6741798013
2,Sylas,6656,3108,2421,3041,4645,3020,3364,MIDDLE,True,KR_6741798013
3,Xayah,6672,3006,2031,1018,6675,1036,3363,BOTTOM,True,KR_6741798013
4,Rakan,3860,2055,6667,1029,1028,3111,3364,UTILITY,True,KR_6741798013
5,Volibear,6662,2055,3158,1056,3076,3211,3364,TOP,False,KR_6741798013
6,Nidalee,2055,0,1052,3158,3135,4636,3364,JUNGLE,False,KR_6741798013
7,Taliyah,6653,3067,3916,3070,3158,1056,3364,MIDDLE,False,KR_6741798013
8,Caitlyn,1055,3095,2055,3006,3031,1018,3363,BOTTOM,False,KR_6741798013
9,Alistar,3860,2031,2055,6667,3117,3067,3364,UTILITY,False,KR_6741798013
0,Yone,1054,3153,1043,3006,1036,1042,3363,TOP,False,KR_6740468070
1,LeeSin,6630,2055,3133,3067,1036,2422,3513,JUNGLE,False,KR_6740468070
2,Orianna,6653,2031,0,3070,3111,1056,3340,MIDDLE,False,KR_6740468070
3,Kaisa,3179,3134,3006,3133,0,0,3363,BOTTOM,False,KR_6740468070
4,Rell,6667,3860,0,0,1001,0,3364,UTILITY,False,KR_6740468070
5,Poppy,3068,2033,3047,3076,0,0,3340,TOP,True,KR_6740468070
6,Vi,6632,2055,3161,3158,0,0,3364,JUNGLE,True,KR_6740468070
7,Syndra,2033,6655,2420,3158,1056,3135,3340,MIDDLE,True,KR_6740468070
8,Xayah,3133,1038,1018,3006,6672,0,3363,BOTTOM,True,KR_6740468070
9,Rakan,6667,2031,3860,2055,3158,3012,3364,UTILITY,True,KR_6740468070
0,Rumble,1056,3152,3157,3047,3916,3145,3363,TOP,True,KR_6740364644
1,LeeSin,3161,6630,2055,3053,3111,0,3340,JUNGLE,True,KR_6740364644
2,Taliyah,3102,3020,4630,3089,1056,6655,3340,MIDDLE,True,KR_6740364644
3,Kaisa,6675,6672,2421,3046,3006,1055,3363,BOTTOM,True,KR_6740364644
4,Alistar,3047,3860,4401,3001,0,0,3364,UTILITY,True,KR_6740364644
5,Tryndamere,1055,3006,6672,3078,3181,0,3364,TOP,False,KR_6740364644
6,Zac,3068,2055,1057,6667,3158,0,3364,JUNGLE,False,KR_6740364644
7,Sylas,3089,4630,1082,3020,4636,1026,3364,MIDDLE,False,KR_6740364644
8,Sivir,6672,6675,0,3006,3036,0,3363,BOTTOM,False,KR_6740364644
9,Blitzcrank,3860,6656,2055,3009,3076,1028,3364,UTILITY,False,KR_6740364644
0,KSante,3066,3110,3193,6662,3047,1057,3340,TOP,True,KR_6740283900
1,LeeSin,3026,6630,0,3047,3156,3071,3340,JUNGLE,True,KR_6740283900
2,Sylas,6656,1033,3157,3108,4645,3020,3364,MIDDLE,True,KR_6740283900
3,Sivir,2421,3087,3072,3006,3071,6675,3363,BOTTOM,True,KR_6740283900
4,Rell,0,3860,6667,1028,3158,3075,3364,UTILITY,True,KR_6740283900
5,Gangplank,1018,6676,3033,3158,3508,6675,3340,TOP,False,KR_6740283900
6,Viego,3078,3026,0,0,6672,2422,3364,JUNGLE,False,KR_6740283900
7,Azir,3089,3135,6653,3115,1058,3020,3363,MIDDLE,False,KR_6740283900
8,Tristana,3006,3036,6672,3046,1053,6675,3363,BOTTOM,False,KR_6740283900
9,Alistar,0,3860,3023,3075,3047,6667,3364,UTILITY,False,KR_6740283900
0,Illaoi,3181,3053,6662,1029,1033,1001,3340,TOP,False,KR_6739970835
1,Nocturne,3071,6631,3026,3047,2055,0,3364,JUNGLE,False,KR_6739970835
2,Vex,6653,4645,2421,3191,3020,1082,3364,MIDDLE,False,KR_6739970835
3,Tristana,3036,2055,6672,6675,1036,3006,3363,BOTTOM,False,KR_6739970835
4,Rakan,3860,6667,2055,3158,3011,0,3364,UTILITY,False,KR_6739970835
5,KSante,3047,3143,3105,6662,0,0,3364,TOP,True,KR_6739970835
6,LeeSin,6630,3071,2055,3047,3044,1028,3340,JUNGLE,True,KR_6739970835
7,Orianna,3040,4644,2055,3089,3158,0,3340,MIDDLE,True,KR_6739970835
8,Xayah,3006,0,0,6672,6675,3036,3363,BOTTOM,True,KR_6739970835
9,Rell,3860,4643,0,0,6667,3158,3364,UTILITY,True,KR_6739970835
0,Akali,2421,3152,3165,3108,1056,3020,3364,TOP,False,KR_6739911470
1,Vi,2422,6632,3071,1036,1036,1029,3364,JUNGLE,False,KR_6739911470
2,Orianna,3158,3135,0,6655,1056,1082,3363,MIDDLE,False,KR_6739911470
3,Zeri,6673,1018,3087,3006,6675,1083,3363,BOTTOM,False,KR_6739911470
4,Alistar,3111,3190,3067,3860,0,0,3364,UTILITY,False,KR_6739911470
5,Sylas,3157,6656,4645,3102,1082,3158,3364,TOP,True,KR_6739911470
6,Viego,0,6632,3026,3067,3211,3009,3364,JUNGLE,True,KR_6739911470
7,Zoe,4645,6655,1082,3020,1056,1058,3364,MIDDLE,True,KR_6739911470
8,Kaisa,3006,0,2421,6672,6675,3046,3363,BOTTOM,True,KR_6739911470
9,Blitzcrank,2420,3857,6656,2055,3109,3009,3364,UTILITY,True,KR_6739911470
0,Jax,1028,1037,3157,1028,6632,3158,3340,TOP,True,KR_6739337256
1,Khazix,3111,6676,3161,3179,6692,6694,3364,JUNGLE,True,KR_6739337256
2,Taliyah,3135,6655,3102,3094,0,3158,3363,MIDDLE,True,KR_6739337256
3,Zeri,1055,0,3006,3046,3095,6675,3363,BOTTOM,True,KR_6739337256
4,Gragas,4638,3860,3190,3158,3109,1028,3364,UTILITY,True,KR_6739337256
5,Viego,1031,2421,0,3078,2422,6672,3364,JUNGLE,False,KR_6739337256
6,Zac,8001,6667,2055,1011,1026,3158,3364,TOP,False,KR_6739337256
7,Leblanc,6656,3108,1082,3113,4645,3020,3364,MIDDLE,False,KR_6739337256
8,Tristana,6675,6672,1053,1055,3006,1018,3363,BOTTOM,False,KR_6739337256
9,Nautilus,0,3860,3190,3047,3076,1011,3364,UTILITY,False,KR_6739337256
0,LeeSin,2421,6630,3071,2055,1054,3047,3340,TOP,False,KR_6739281095
1,Taliyah,0,3135,3020,3145,1082,4644,3364,JUNGLE,False,KR_6739281095
2,Yone,3031,3006,2055,1018,1055,6672,3364,MIDDLE,False,KR_6739281095
3,Kalista,1055,3006,3085,0,3153,3124,3363,BOTTOM,False,KR_6739281095
4,Rell,6667,3857,2055,3111,3023,0,3364,UTILITY,False,KR_6739281095
5,Poppy,1054,6665,3047,3075,1033,3068,3364,TOP,True,KR_6739281095
6,Kindred,6676,2421,0,3078,2422,6672,3364,JUNGLE,True,KR_6739281095
7,Sylas,6656,2055,3157,1082,3089,3158,3364,MIDDLE,True,KR_6739281095
8,Zeri,3095,2421,1038,3046,6675,3006,3363,BOTTOM,True,KR_6739281095
9,Alistar,6667,3860,0,3111,1028,1028,3364,UTILITY,True,KR_6739281095
0,KSante,4401,3047,3075,6662,3105,1029,3364,TOP,True,KR_6738750025
1,Taliyah,4645,6655,3157,1082,4630,3020,3364,JUNGLE,True,KR_6738750025
2,Jayce,3158,3179,3042,3133,1055,6691,3363,MIDDLE,True,KR_6738750025
3,Ezreal,3158,0,0,3078,3042,6694,3363,BOTTOM,True,KR_6738750025
4,Rakan,3860,4638,0,0,3158,6667,3364,UTILITY,True,KR_6738750025
5,Fiora,1055,6632,1001,3133,1053,3077,3364,TOP,False,KR_6738750025
6,Viego,3156,3078,3071,3111,0,0,3364,JUNGLE,False,KR_6738750025
7,Orianna,0,4630,6653,3089,3158,3040,3364,MIDDLE,False,KR_6738750025
8,Sivir,3072,6675,1042,3006,0,6672,3363,BOTTOM,False,KR_6738750025
9,Alistar,2055,3860,3023,3158,6667,1028,3364,UTILITY,False,KR_6738750025
0,Renekton,6630,2031,3047,1028,0,1055,3340,TOP,True,KR_6738727089
1,LeeSin,6630,0,3047,1103,1036,0,3340,JUNGLE,True,KR_6738727089
2,Taliyah,6655,3067,1058,1082,3070,3111,3363,MIDDLE,True,KR_6738727089
3,Caitlyn,1083,2003,0,3095,3006,1038,3363,BOTTOM,True,KR_6738727089
4,Bard,3158,3190,3853,1028,0,1006,3364,UTILITY,True,KR_6738727089
5,Viego,1103,6632,0,2422,0,0,3364,JUNGLE,False,KR_6738727089
6,Aatrox,6029,2031,3044,3047,1054,0,3340,TOP,False,KR_6738727089
7,Orianna,2033,3802,1026,3020,1082,0,3363,MIDDLE,False,KR_6738727089
8,Draven,1055,3508,3006,0,0,0,3340,BOTTOM,False,KR_6738727089
9,Rakan,3859,3111,0,1011,1029,1033,3364,UTILITY,False,KR_6738727089
0,Jayce,6691,3042,3155,3133,3158,0,3364,TOP,True,KR_6738681701
1,Kindred,1043,0,1033,3006,6672,3078,3364,JUNGLE,True,KR_6738681701
2,Syndra,4645,2421,0,6653,0,3020,3363,MIDDLE,True,KR_6738681701
3,Nilah,1037,6675,1018,6676,3111,1053,3363,BOTTOM,True,KR_6738681701
4,Rakan,3859,6667,0,3109,3111,0,3364,UTILITY,True,KR_6738681701
5,Malphite,3143,2031,1056,3047,6662,1029,3340,TOP,False,KR_6738681701
6,Nidalee,0,3020,1082,4636,1026,4630,3364,JUNGLE,False,KR_6738681701
7,Orianna,1058,6655,3067,0,3070,3111,3340,MIDDLE,False,KR_6738681701
8,Sivir,1036,3071,1038,1036,3087,3006,3363,BOTTOM,False,KR_6738681701
9,Nautilus,3859,3105,2055,3047,1011,0,3364,UTILITY,False,KR_6738681701
0,Fiora,6630,3074,3009,1054,1036,1037,3363,TOP,False,KR_6738623944
1,JarvanIV,6630,3158,2055,3024,3082,3161,3364,JUNGLE,False,KR_6738623944
2,Orianna,3040,6655,2055,3020,1058,1058,3363,MIDDLE,False,KR_6738623944
3,Kaisa,3108,1043,3179,1026,6691,3006,3363,BOTTOM,False,KR_6738623944
4,Rell,6667,3860,2055,3158,1029,0,3364,UTILITY,False,KR_6738623944
5,Cassiopeia,1026,1011,0,1082,6657,3040,3363,TOP,True,KR_6738623944
6,Viego,3071,3078,2055,2422,1033,0,3364,JUNGLE,True,KR_6738623944
7,Akali,3108,3152,0,2421,3020,1052,3364,MIDDLE,True,KR_6738623944
8,Draven,2421,3047,1038,6673,6676,3078,3363,BOTTOM,True,KR_6738623944
9,Renata,3158,3190,3109,3853,0,0,3364,UTILITY,True,KR_6738623944
0,KSante,2031,3047,2055,3110,6662,0,3340,TOP,True,KR_6738566840
1,LeeSin,1103,0,6630,3047,3133,1028,3340,JUNGLE,True,KR_6738566840
2,Akali,3020,3145,0,0,3152,1082,3364,MIDDLE,True,KR_6738566840
3,Xayah,1036,6672,2055,3006,1038,1055,3363,BOTTOM,True,KR_6738566840
4,Blitzcrank,3859,2031,2055,3067,3802,3117,3364,UTILITY,True,KR_6738566840
5,Gnar,1055,3047,2031,3051,3067,3057,3340,TOP,False,KR_6738566840
6,Viego,3067,1036,2422,0,0,6672,3364,JUNGLE,False,KR_6738566840
7,Diana,2031,3145,1026,1001,1056,1082,3340,MIDDLE,False,KR_6738566840
8,Kalista,0,0,1055,3006,6677,3153,3340,BOTTOM,False,KR_6738566840
9,Rakan,3859,3158,3067,1004,1052,0,3364,UTILITY,False,KR_6738566840
0,KSante,3075,3105,3143,6662,0,3047,3364,TOP,False,KR_6738486367
1,LeeSin,3071,2420,6630,1028,3047,1038,3340,JUNGLE,False,KR_6738486367
2,Syndra,4644,4629,3089,3020,1082,1026,3364,MIDDLE,False,KR_6738486367
3,Kaisa,4645,3006,3179,3135,3115,6691,3363,BOTTOM,False,KR_6738486367
4,Lissandra,6656,3157,3853,2055,3158,3916,3364,UTILITY,False,KR_6738486367
5,Yone,6672,3153,1038,1055,1037,3006,3364,TOP,True,KR_6738486367
6,Belveth,6631,0,3111,6672,3071,3026,3364,JUNGLE,True,KR_6738486367
7,Sylas,3089,3157,2055,4645,6656,3158,3364,MIDDLE,True,KR_6738486367
8,Xayah,0,0,3156,6675,6672,3006,3363,BOTTOM,True,KR_6738486367
9,Rakan,3860,2065,2420,2055,8001,3111,3364,UTILITY,True,KR_6738486367
0,Gragas,6656,0,3108,3157,3158,1056,3363,TOP,True,KR_6738382552
1,LeeSin,6630,2421,3071,3053,1038,3111,3340,JUNGLE,True,KR_6738382552
2,Syndra,4645,3157,0,6653,3020,3089,3363,MIDDLE,True,KR_6738382552
3,Ezreal,0,3078,6694,1036,3042,3158,3363,BOTTOM,True,KR_6738382552
4,Alistar,6667,3860,0,3009,3082,1011,3364,UTILITY,True,KR_6738382552
5,Gnar,3071,3026,3051,3111,0,3078,3363,TOP,False,KR_6738382552
6,Viego,3071,3078,2055,3111,1038,2421,3364,JUNGLE,False,KR_6738382552
7,Orianna,2033,3111,4630,6655,3040,1082,3363,MIDDLE,False,KR_6738382552
8,Caitlyn,6671,1053,3006,1038,3094,3095,3363,BOTTOM,False,KR_6738382552
9,Morgana,6656,3853,2055,3916,3114,3158,3364,UTILITY,False,KR_6738382552
0,Yone,2140,3006,1038,3031,3181,6672,3363,TOP,True,KR_6738298691
1,RekSai,1057,6631,0,3158,3026,3071,3364,JUNGLE,True,KR_6738298691
2,Zoe,4628,6656,3089,3020,0,0,3364,MIDDLE,True,KR_6738298691
3,Sivir,3072,6672,3006,6675,1018,0,3363,BOTTOM,True,KR_6738298691
4,Taric,3860,4638,3190,3158,3070,3067,3364,UTILITY,True,KR_6738298691
5,Aatrox,6630,1036,1055,3133,3067,3047,3363,TOP,False,KR_6738298691
6,Viego,3071,3078,0,1001,1029,0,3364,JUNGLE,False,KR_6738298691
7,Ahri,6656,2033,3157,3102,1082,3158,3364,MIDDLE,False,KR_6738298691
8,Kaisa,1058,3135,3179,3006,3115,6691,3363,BOTTOM,False,KR_6738298691
9,Alistar,3860,3023,2055,3158,1028,6667,3364,UTILITY,False,KR_6738298691
0,Gwen,1056,4633,3115,0,0,3047,3364,TOP,True,KR_6737234108
1,Shaco,3179,1102,1036,3158,3067,1036,3364,JUNGLE,True,KR_6737234108
2,Rumble,3152,2055,2421,1052,1056,3020,3340,MIDDLE,True,KR_6737234108
3,Ashe,6672,2055,3051,1055,3006,3067,3363,BOTTOM,True,KR_6737234108
4,Braum,3855,1029,0,1033,1011,3047,3364,UTILITY,True,KR_6737234108
5,Jax,1055,6632,2031,2422,0,0,3340,TOP,False,KR_6737234108
6,Zac,1103,6660,1011,1031,1082,3158,3364,JUNGLE,False,KR_6737234108
7,Zed,0,0,3117,3133,3179,3134,3364,MIDDLE,False,KR_6737234108
8,Kaisa,2422,1036,1036,3179,3134,1055,3340,BOTTOM,False,KR_6737234108
9,Nautilus,1011,3859,2055,1029,3111,1033,3364,UTILITY,False,KR_6737234108
0,Zac,8001,3158,1011,0,6667,0,3364,TOP,False,KR_6737201161
1,Shaco,6631,3179,6676,3158,1036,1036,3364,JUNGLE,False,KR_6737201161
2,Orianna,1058,6655,3157,3020,0,1058,3363,MIDDLE,False,KR_6737201161
3,Senna,3179,6692,3864,0,3009,0,3364,UTILITY,False,KR_6737201161
4,TahmKench,3076,3190,1029,6660,1054,3047,3340,BOTTOM,False,KR_6737201161
5,Quinn,1038,2031,2055,3009,3091,3153,3340,TOP,True,KR_6737201161
6,Gwen,3152,2420,3115,1058,1082,3158,3364,JUNGLE,True,KR_6737201161
7,Zed,1036,1036,1037,6691,3179,3117,3364,MIDDLE,True,KR_6737201161
8,Kalista,3124,3086,1043,3036,3006,3153,3363,BOTTOM,True,KR_6737201161
9,Rell,6667,3109,3860,2055,3111,3067,3364,UTILITY,True,KR_6737201161
0,Orianna,3040,3916,1052,1028,6655,3020,3364,MIDDLE,False,KR_6737139345
1,Vi,2421,3111,3071,3156,1031,6632,3364,JUNGLE,False,KR_6737139345
2,Malphite,3157,1052,0,1056,4636,3158,3364,TOP,False,KR_6737139345
3,Xayah,6672,3036,6675,3006,2055,2420,3363,BOTTOM,False,KR_6737139345
4,Rakan,3860,2055,6667,3158,3067,0,3364,UTILITY,False,KR_6737139345
5,Sylas,4645,3157,6656,3158,1082,2055,3364,TOP,True,KR_6737139345
6,JarvanIV,3111,6630,3161,3211,0,0,3364,JUNGLE,True,KR_6737139345
7,Viktor,2033,6655,3157,4628,3020,1026,3340,MIDDLE,True,KR_6737139345
8,Samira,1018,6691,3072,6676,1001,3026,3363,BOTTOM,True,KR_6737139345
9,Rell,3860,8020,2055,6667,3158,0,3364,UTILITY,True,KR_6737139345
0,Rumble,0,3152,3135,3165,4637,3020,3364,TOP,False,KR_6737083232
1,JarvanIV,6630,3143,0,2421,3158,3071,3364,JUNGLE,False,KR_6737083232
2,Orianna,6656,1058,1058,1056,3135,3020,3340,MIDDLE,False,KR_6737083232
3,Draven,3508,3036,3074,1001,3031,0,3363,BOTTOM,False,KR_6737083232
4,Senna,3864,6692,3036,0,3009,3179,3364,UTILITY,False,KR_6737083232
5,Nidalee,2055,3158,3916,4645,4636,3089,3364,JUNGLE,True,KR_6737083232
6,Viego,3111,3156,1031,0,3181,3153,3363,TOP,True,KR_6737083232
7,Yone,3091,3031,2421,1053,3006,6672,3364,MIDDLE,True,KR_6737083232
8,Kalista,3124,3086,2055,3091,3047,3153,3363,BOTTOM,True,KR_6737083232
9,Pyke,6691,4638,3857,3117,3179,3814,3364,UTILITY,True,KR_6737083232
0,Sion,1054,6665,3047,6660,0,0,3363,TOP,False,KR_6737015938
1,Elise,3152,0,0,1082,3020,4645,3364,JUNGLE,False,KR_6737015938
2,Tristana,0,1055,0,6675,6672,3006,3363,MIDDLE,False,KR_6737015938
3,Ezreal,3042,3078,3158,3035,1055,1036,3363,BOTTOM,False,KR_6737015938
4,Karma,2065,1004,3853,2055,3011,3158,3364,UTILITY,False,KR_6737015938
5,Yone,1055,0,3181,3006,6672,6673,3340,TOP,True,KR_6737015938
6,JarvanIV,6630,2055,1036,3067,3133,3111,3364,JUNGLE,True,KR_6737015938
7,Orianna,1058,1026,3157,3020,1056,6655,3363,MIDDLE,True,KR_6737015938
8,Kalista,3153,3006,2031,3124,0,1042,3363,BOTTOM,True,KR_6737015938
9,Renata,3853,2065,2055,3158,1052,0,3364,UTILITY,True,KR_6737015938
0,Jax,3161,6632,3111,2055,0,0,3340,TOP,True,KR_6736021743
1,Taliyah,6655,4628,1082,3102,3020,0,3364,JUNGLE,True,KR_6736021743
2,Jayce,6694,3042,6691,2421,1038,3158,3363,MIDDLE,True,KR_6736021743
3,Ezreal,0,3158,0,3074,3042,3078,3363,BOTTOM,True,KR_6736021743
4,Blitzcrank,0,3857,6656,3117,3012,0,3364,UTILITY,True,KR_6736021743
5,Renekton,2031,6630,2421,3047,1028,1055,3340,TOP,False,KR_6736021743
6,Nidalee,3020,2420,2055,3191,3108,4636,3364,JUNGLE,False,KR_6736021743
7,Yone,6672,3031,1037,3006,1053,1018,3364,MIDDLE,False,KR_6736021743
8,Varus,1055,2031,3006,1037,6677,3153,3363,BOTTOM,False,KR_6736021743
9,Braum,3860,3190,2055,3109,3111,0,3364,UTILITY,False,KR_6736021743
0,KSante,3105,3047,6662,2055,3110,0,3364,TOP,False,KR_6736013103
1,Viego,6672,2055,2420,3047,1029,6632,3364,JUNGLE,False,KR_6736013103
2,Vladimir,3152,4645,3191,2424,3108,3158,3364,MIDDLE,False,KR_6736013103
3,Kaisa,6691,3115,2421,3179,3191,3006,3363,BOTTOM,False,KR_6736013103
4,Rakan,2065,3860,2055,3916,3111,3114,3364,UTILITY,False,KR_6736013103
5,Yone,6671,3026,1055,6673,3006,6672,3364,TOP,True,KR_6736013103
6,Diana,4645,2421,3152,1052,3191,3020,3364,JUNGLE,True,KR_6736013103
7,Yasuo,6672,6671,2421,3006,3181,1055,3364,MIDDLE,True,KR_6736013103
8,Kalista,3153,0,1037,3006,6677,1055,3363,BOTTOM,True,KR_6736013103
9,Alistar,1057,3190,3860,0,3158,3066,3364,UTILITY,True,KR_6736013103
0,KSante,4401,6662,3193,3111,0,0,3364,TOP,False,KR_6735985049
1,Evelynn,3100,3152,1082,3020,3102,3135,3363,JUNGLE,False,KR_6735985049
2,Yone,6673,3031,2421,3006,6672,3065,3364,MIDDLE,False,KR_6735985049
3,Draven,3031,6676,3094,1001,1018,3508,3363,BOTTOM,False,KR_6735985049
4,Rell,3158,8020,3001,3860,1029,1028,3364,UTILITY,False,KR_6735985049
5,Karma,4644,3041,3107,4005,3158,6616,3363,TOP,True,KR_6735985049
6,LeeSin,6630,3133,3026,6333,3047,3156,3340,JUNGLE,True,KR_6735985049
7,Ahri,3089,3158,3116,4628,4629,6653,3364,MIDDLE,True,KR_6735985049
8,Kaisa,4645,3089,3115,3006,6691,3179,3364,BOTTOM,True,KR_6735985049
9,Blitzcrank,2065,3222,3860,4638,3117,3066,3364,UTILITY,True,KR_6735985049
0,KSante,8020,3075,6662,3065,1033,3111,3363,TOP,True,KR_6735951513
1,JarvanIV,6630,0,3211,3071,3158,1028,3364,JUNGLE,True,KR_6735951513
2,AurelionSol,3116,4628,0,4644,1056,3020,3363,MIDDLE,True,KR_6735951513
3,Kalista,1055,3140,3153,3085,3124,3006,3363,BOTTOM,True,KR_6735951513
4,Taric,3047,6667,3109,3857,0,3070,3364,UTILITY,True,KR_6735951513
5,Singed,6665,3066,0,3009,3116,1031,3340,TOP,False,KR_6735951513
6,Viego,3133,6632,3047,3071,0,1037,3364,JUNGLE,False,KR_6735951513
7,Vex,2033,6653,1026,4630,3020,1082,3364,MIDDLE,False,KR_6735951513
8,Kaisa,3089,3179,1001,6691,3115,0,3363,BOTTOM,False,KR_6735951513
9,Poppy,3190,3742,3857,2055,3117,2420,3364,UTILITY,False,KR_6735951513
0,Renekton,6630,3143,3053,3111,1054,0,3340,TOP,True,KR_6735914594
1,Viego,6632,3047,0,3071,1029,0,3364,JUNGLE,True,KR_6735914594
2,Gragas,1056,6656,2421,3108,3191,3158,3364,MIDDLE,True,KR_6735914594
3,Ezreal,2421,3158,1036,1055,3042,3078,3363,BOTTOM,True,KR_6735914594
4,Renata,2055,3853,2065,3158,3012,3114,3364,UTILITY,True,KR_6735914594
5,Garen,1054,6631,2031,2055,3047,1031,3340,TOP,False,KR_6735914594
6,JarvanIV,3067,6630,1036,3133,3047,0,3364,JUNGLE,False,KR_6735914594
7,Vex,3152,1052,2055,3020,1082,4645,3364,MIDDLE,False,KR_6735914594
8,Samira,6691,0,6676,3047,0,1055,3363,BOTTOM,False,KR_6735914594
9,Rell,0,2031,3860,0,6667,3158,3364,UTILITY,False,KR_6735914594
0,Renekton,6630,3047,3053,3071,0,1055,3364,TOP,True,KR_6735865387
1,Khazix,3179,3814,6692,3035,2422,1036,3364,JUNGLE,True,KR_6735865387
2,Vex,3089,4630,3041,3020,6655,1026,3364,MIDDLE,True,KR_6735865387
3,Kaisa,6672,6675,2420,3006,1038,3046,3363,BOTTOM,True,KR_6735865387
4,Rakan,3860,6667,3023,3075,0,3111,3364,UTILITY,True,KR_6735865387
5,Irelia,3153,6630,2420,3111,3091,1055,3363,TOP,False,KR_6735865387
6,Nidalee,4636,2055,4645,0,3020,1082,3364,JUNGLE,False,KR_6735865387
7,Jayce,3133,1055,3042,3158,1036,6691,3340,MIDDLE,False,KR_6735865387
8,Xayah,0,6672,6675,1018,1036,3006,3363,BOTTOM,False,KR_6735865387
9,Rell,0,6667,3860,0,3158,0,3364,UTILITY,False,KR_6735865387
0,Renekton,3053,6630,2421,1038,3047,3123,3364,TOP,True,KR_6735813646
1,Nidalee,3157,3041,4636,4630,3916,3158,3364,JUNGLE,True,KR_6735813646
2,Syndra,2421,3135,3158,6655,3089,0,3363,MIDDLE,True,KR_6735813646
3,Sivir,6675,1018,3035,3087,3071,3006,3363,BOTTOM,True,KR_6735813646
4,Rell,6667,3860,0,3023,3111,1028,3364,UTILITY,True,KR_6735813646
5,Aatrox,3047,3161,6630,3044,0,0,3364,TOP,False,KR_6735813646
6,Belveth,1033,1043,6631,3051,3071,3111,3364,JUNGLE,False,KR_6735813646
7,Orianna,2033,6655,4630,3111,3040,3089,3363,MIDDLE,False,KR_6735813646
8,Kaisa,2420,6691,3006,1026,1043,3179,3363,BOTTOM,False,KR_6735813646
9,Maokai,3860,2055,3111,6667,1028,1029,3364,UTILITY,False,KR_6735813646
0,Warwick,1055,2031,3153,3047,0,0,3364,TOP,True,KR_6734667847
1,Taliyah,1101,0,2420,3020,1058,4644,3364,JUNGLE,True,KR_6734667847
2,Yone,2031,3006,1038,6672,1054,1018,3364,MIDDLE,True,KR_6734667847
3,Ashe,2031,0,0,3051,6672,3006,3363,BOTTOM,True,KR_6734667847
4,Rell,3859,0,2031,1011,3158,3105,3364,UTILITY,True,KR_6734667847
5,Riven,1001,3133,3155,3123,0,1055,3340,TOP,False,KR_6734667847
6,LeeSin,6630,1036,2055,1103,0,2422,3513,JUNGLE,False,KR_6734667847
7,Akali,1026,2031,1082,3145,3020,1056,3340,MIDDLE,False,KR_6734667847
8,Sivir,1055,2003,6672,3006,1038,0,3363,BOTTOM,False,KR_6734667847
9,Blitzcrank,3067,2055,3859,3916,1027,3009,3364,UTILITY,False,KR_6734667847
0,Aatrox,1054,3161,3047,6630,1042,0,3340,TOP,True,KR_6734640203
1,LeeSin,6630,0,3156,1028,3047,0,3340,JUNGLE,True,KR_6734640203
2,Leblanc,3113,2015,1082,3108,6655,3020,3364,MIDDLE,True,KR_6734640203
3,Ashe,2055,1053,3085,3078,6672,3006,3363,BOTTOM,True,KR_6734640203
4,Nautilus,3859,0,1028,6667,3047,1029,3364,UTILITY,True,KR_6734640203
5,KSante,6662,3047,2055,3076,1029,0,3340,TOP,False,KR_6734640203
6,Nidalee,3108,2420,4636,3158,1082,0,3364,JUNGLE,False,KR_6734640203
7,Yone,1037,1054,2055,3006,6672,1018,3364,MIDDLE,False,KR_6734640203
8,Jhin,3009,3095,2031,1036,1018,1042,3340,BOTTOM,False,KR_6734640203
9,Karma,2065,0,3853,0,0,3158,3364,UTILITY,False,KR_6734640203
0,Rumble,1056,4636,4637,0,3009,3916,3363,TOP,True,KR_6734595188
1,LeeSin,0,6630,2420,3071,3111,6333,3340,JUNGLE,True,KR_6734595188
2,Ahri,2421,2033,6656,4629,3041,3111,3364,MIDDLE,True,KR_6734595188
3,Kalista,1055,3006,3124,3153,1043,1018,3340,BOTTOM,True,KR_6734595188
4,Sion,3857,2055,3190,3050,3082,3111,3364,UTILITY,True,KR_6734595188
5,Aatrox,0,6630,2055,3155,3161,1001,3364,TOP,False,KR_6734595188
6,Viego,3067,6672,3133,3047,1036,3078,3364,JUNGLE,False,KR_6734595188
7,Neeko,1058,3152,2421,1082,3108,3158,3364,MIDDLE,False,KR_6734595188
8,Kaisa,6675,3046,1055,6672,3006,2055,3363,BOTTOM,False,KR_6734595188
9,Blitzcrank,3023,3860,2055,3047,3075,1033,3364,UTILITY,False,KR_6734595188
0,Kennen,3152,3135,3157,3020,3089,3041,3364,TOP,True,KR_6734491614
1,LeeSin,3158,0,3179,6676,3814,6691,3340,JUNGLE,True,KR_6734491614
2,Gragas,0,3152,3157,3070,3100,3158,3364,MIDDLE,True,KR_6734491614
3,Kaisa,3006,3179,6691,3115,1058,1058,3363,BOTTOM,True,KR_6734491614
4,Blitzcrank,6656,3050,3857,2055,0,3117,3364,UTILITY,True,KR_6734491614
5,Teemo,1056,3211,2055,3006,3115,4633,3340,TOP,False,KR_6734491614
6,Viego,1036,3067,3133,3155,3078,3047,3364,JUNGLE,False,KR_6734491614
7,Sylas,3111,6656,3157,3089,3135,3102,3364,MIDDLE,False,KR_6734491614
8,Rakan,3860,2065,2055,8001,3109,3111,3364,UTILITY,False,KR_6734491614
9,Xayah,1038,6672,3006,6675,1053,1018,3363,BOTTOM,False,KR_6734491614
0,Gnar,3071,3053,3066,2421,3078,3047,3363,TOP,True,KR_6734427246
1,Ekko,3100,3152,1082,3165,3111,3108,3364,JUNGLE,True,KR_6734427246
2,KSante,3105,2055,6662,1029,3075,3111,3364,MIDDLE,True,KR_6734427246
3,Varus,1055,1037,1053,3124,6672,3006,3363,BOTTOM,True,KR_6734427246
4,Renata,3853,2065,2055,3158,3067,3916,3364,UTILITY,True,KR_6734427246
5,Jax,6632,1054,3067,3158,3133,0,3340,TOP,False,KR_6734427246
6,LeeSin,3071,6630,0,3158,0,0,3340,JUNGLE,False,KR_6734427246
7,Neeko,3135,3152,2055,1056,3020,4645,3364,MIDDLE,False,KR_6734427246
8,Kalista,3153,1043,2421,3124,3086,3006,3363,BOTTOM,False,KR_6734427246
9,Soraka,3107,3853,2031,2055,3111,3067,3364,UTILITY,False,KR_6734427246
0,KSante,3105,6662,3143,3047,1033,1029,3364,TOP,False,KR_6734343777
1,Nidalee,3020,3157,1082,2055,4636,0,3364,JUNGLE,False,KR_6734343777
2,Taliyah,1026,3108,3020,6655,1056,4630,3363,MIDDLE,False,KR_6734343777
3,Kaisa,1055,1018,3133,1038,6672,3006,3363,BOTTOM,False,KR_6734343777
4,Alistar,3860,2031,2055,3001,3047,0,3364,UTILITY,False,KR_6734343777
5,Vayne,3087,3078,1028,0,0,3006,3363,TOP,True,KR_6734343777
6,LeeSin,0,6630,3067,3156,3158,0,3340,JUNGLE,True,KR_6734343777
7,Sylas,2055,6656,3020,1056,3102,4645,3364,MIDDLE,True,KR_6734343777
8,Draven,3031,3074,3006,3035,3156,3508,3363,BOTTOM,True,KR_6734343777
9,Rell,2055,3860,3067,3158,6667,1057,3364,UTILITY,True,KR_6734343777
0,Renekton,2055,0,6630,3047,3161,3026,3340,TOP,True,KR_6734275617
1,Graves,0,2422,2055,6676,3095,6691,3364,JUNGLE,True,KR_6734275617
2,Taliyah,3040,6655,3135,1058,0,3020,3363,MIDDLE,True,KR_6734275617
3,Kaisa,3006,3157,3115,3095,3124,1058,3363,BOTTOM,True,KR_6734275617
4,Blitzcrank,2055,6656,3860,3109,3117,0,3364,UTILITY,True,KR_6734275617
5,Jax,6632,3067,3047,3133,1054,1037,3340,TOP,False,KR_6734275617
6,Ekko,3145,3152,2055,1058,3100,3020,3364,JUNGLE,False,KR_6734275617
7,Yone,6672,6671,2031,1028,0,3006,3364,MIDDLE,False,KR_6734275617
8,Kalista,2055,0,6673,3124,3153,3006,3363,BOTTOM,False,KR_6734275617
9,Rell,2421,3860,2055,3158,6667,3801,3364,UTILITY,False,KR_6734275617
0,Gnar,3078,3071,2421,0,3111,2055,3340,TOP,True,KR_6734198752
1,LeeSin,3111,6630,2055,3071,3133,3156,3340,JUNGLE,True,KR_6734198752
2,Lissandra,6656,3135,3157,3020,1052,1082,3364,MIDDLE,True,KR_6734198752
3,Kaisa,3095,2420,3091,3124,1055,3006,3363,BOTTOM,True,KR_6734198752
4,Blitzcrank,0,6656,3860,3023,3117,3801,3364,UTILITY,True,KR_6734198752
5,Udyr,6665,4637,1082,0,3009,0,3364,TOP,False,KR_6734198752
6,Poppy,3190,2055,3047,6660,1031,1028,3364,JUNGLE,False,KR_6734198752
7,Taliyah,3040,6655,1026,3020,4630,0,3363,MIDDLE,False,KR_6734198752
8,Zeri,6675,3046,3095,3035,3006,1033,3363,BOTTOM,False,KR_6734198752
9,Alistar,6667,3860,2055,1028,3158,0,3364,UTILITY,False,KR_6734198752
0,Jax,3111,3181,3157,6632,1033,1036,3340,TOP,False,KR_6733239975
1,Viego,2420,2055,1038,6672,3078,3111,3364,JUNGLE,False,KR_6733239975
2,Syndra,6655,3158,3108,3135,3089,1052,3363,MIDDLE,False,KR_6733239975
3,Ashe,2055,3031,3046,3036,3006,6672,3363,BOTTOM,False,KR_6733239975
4,Nautilus,2055,3860,3001,3047,1028,3024,3364,UTILITY,False,KR_6733239975
5,Gragas,3157,1026,6656,3916,3135,3158,3364,TOP,True,KR_6733239975
6,Trundle,0,8001,6632,3065,3009,3082,3364,JUNGLE,True,KR_6733239975
7,Karma,4636,3504,2055,3114,4005,3158,3363,MIDDLE,True,KR_6733239975
8,Kalista,6035,3006,3026,3153,3124,3085,3363,BOTTOM,True,KR_6733239975
9,Rell,3001,2420,3860,3158,8020,2055,3364,UTILITY,True,KR_6733239975
0,Pantheon,6630,3071,2421,6333,3053,3047,3340,TOP,True,KR_6725750646
1,Karthus,3157,1082,6653,3020,4645,3135,3364,JUNGLE,True,KR_6725750646
2,Jayce,3179,3142,6694,3042,3814,3158,3363,MIDDLE,True,KR_6725750646
3,Draven,3036,3031,3074,1038,3508,3047,3363,BOTTOM,True,KR_6725750646
4,Thresh,2065,3857,4638,3109,3158,0,3364,UTILITY,True,KR_6725750646
5,Gwen,3047,3089,3157,3115,4633,4630,3363,TOP,False,KR_6725750646
6,Belveth,3071,6631,2420,1029,3156,3047,3364,JUNGLE,False,KR_6725750646
7,Tristana,3047,6672,3035,3072,1055,3031,3340,MIDDLE,False,KR_6725750646
8,Jhin,3047,3035,6676,0,3095,3031,3363,BOTTOM,False,KR_6725750646
9,FiddleSticks,3157,3860,2055,4644,3117,0,3330,UTILITY,False,KR_6725750646
0,Kennen,2031,3152,1082,3020,0,1055,3340,TOP,True,KR_6725682908
1,LeeSin,6630,0,1102,3047,3133,0,3340,JUNGLE,True,KR_6725682908
2,Yone,3181,6672,3006,0,1054,1018,3340,MIDDLE,True,KR_6725682908
3,Tristana,2031,6672,1038,1055,1036,3006,3363,BOTTOM,True,KR_6725682908
4,Rakan,3105,3859,2055,1011,0,3111,3364,UTILITY,True,KR_6725682908
5,Gangplank,3508,1018,2055,1054,1083,3158,3364,TOP,False,KR_6725682908
6,Karthus,0,1082,6653,1101,2422,0,3364,JUNGLE,False,KR_6725682908
7,Jayce,1055,3134,2031,3133,3070,2422,3340,MIDDLE,False,KR_6725682908
8,Kalista,1055,1043,1053,3006,0,0,3340,BOTTOM,False,KR_6725682908
9,Lissandra,3851,2424,3802,0,3067,3158,3364,UTILITY,False,KR_6725682908
0,Udyr,3068,3082,6665,1056,1033,3047,3364,TOP,False,KR_6725622928
1,LeeSin,3071,6630,2055,3155,3047,0,3340,JUNGLE,False,KR_6725622928
2,Sylas,6656,2055,3157,4645,0,3020,3364,MIDDLE,False,KR_6725622928
3,Xayah,2420,6675,3006,1055,1053,6672,3363,BOTTOM,False,KR_6725622928
4,Bard,3190,3860,2055,3076,3009,1011,3364,UTILITY,False,KR_6725622928
5,Quinn,3031,3153,3006,0,1036,1018,3363,TOP,True,KR_6725622928
6,Karthus,6653,3089,4645,4630,0,3020,3363,JUNGLE,True,KR_6725622928
7,Tristana,1055,3006,3036,6675,1018,6672,3364,MIDDLE,True,KR_6725622928
8,Kaisa,3089,2421,3115,3006,6691,3179,3363,BOTTOM,True,KR_6725622928
9,Nautilus,3109,3860,2055,6667,3047,0,3364,UTILITY,True,KR_6725622928
0,Malphite,1028,2031,3047,3076,6665,1056,3340,TOP,False,KR_6725587272
1,LeeSin,6630,0,1036,1103,3071,2422,3340,JUNGLE,False,KR_6725587272
2,Taliyah,2031,6655,3067,3070,1056,3020,3340,MIDDLE,False,KR_6725587272
3,Caitlyn,3095,3031,3006,1055,1036,1036,3363,BOTTOM,False,KR_6725587272
4,Bard,3190,3860,2055,1028,3009,0,3364,UTILITY,False,KR_6725587272
5,Illaoi,3181,2033,6662,3053,1001,1033,3340,TOP,True,KR_6725587272
6,Ekko,3020,3152,0,3100,1082,0,3364,JUNGLE,True,KR_6725587272
7,Jayce,3035,1037,3142,3158,3042,1055,3363,MIDDLE,True,KR_6725587272
8,Xayah,1055,6672,3006,6675,1036,0,3363,BOTTOM,True,KR_6725587272
9,Rakan,3860,6667,0,3158,0,0,3364,UTILITY,True,KR_6725587272
0,Tryndamere,3181,1036,2055,6672,3006,1054,3363,TOP,False,KR_6725482656
1,Belveth,6631,3091,1029,2422,0,0,3364,JUNGLE,False,KR_6725482656
2,Vex,3020,1058,6656,4645,0,2055,3364,MIDDLE,False,KR_6725482656
3,Ashe,3078,0,0,3006,6672,0,3363,BOTTOM,False,KR_6725482656
4,Rell,3860,3047,6667,2055,0,0,3364,UTILITY,False,KR_6725482656
5,Zac,3068,6667,2055,1011,3076,3047,3364,TOP,True,KR_6725482656
6,Evelynn,3152,3020,1082,2055,1052,3089,3340,JUNGLE,True,KR_6725482656
7,Tristana,6675,1055,2055,1083,3006,6672,3363,MIDDLE,True,KR_6725482656
8,Kalista,1037,3153,3006,1055,1053,3124,3363,BOTTOM,True,KR_6725482656
9,Alistar,3860,0,6667,3023,3047,0,3364,UTILITY,True,KR_6725482656
0,KSante,3009,6662,1031,1028,0,0,3364,TOP,True,KR_6725439798
1,Evelynn,3152,1082,3020,2055,1058,1103,3340,JUNGLE,True,KR_6725439798
2,Tristana,3133,3006,1018,1083,1055,6672,3364,MIDDLE,True,KR_6725439798
3,Cassiopeia,3040,3108,0,6653,0,1082,3340,BOTTOM,True,KR_6725439798
4,Alistar,0,0,3859,1011,3105,3158,3364,UTILITY,True,KR_6725439798
5,Gnar,2055,3057,1083,1055,3051,3047,3340,TOP,False,KR_6725439798
6,Ekko,3145,1101,1082,1026,1052,2422,3364,JUNGLE,False,KR_6725439798
7,Talon,6693,1036,3142,0,0,2422,3340,MIDDLE,False,KR_6725439798
8,Kaisa,3179,3134,1001,1055,0,0,3340,BOTTOM,False,KR_6725439798
9,Rakan,3158,3859,2055,1011,3105,0,3364,UTILITY,False,KR_6725439798
0,KSante,3143,2055,6662,3105,3047,1033,3364,TOP,False,KR_6725379592
1,LeeSin,3047,6630,2055,3071,1033,0,3340,JUNGLE,False,KR_6725379592
2,Leblanc,3089,6655,3135,3020,1052,1082,3364,MIDDLE,False,KR_6725379592
3,MissFortune,2055,1036,3142,1036,3009,3042,3363,BOTTOM,False,KR_6725379592
4,Nautilus,3860,2055,3024,3082,6667,3047,3364,UTILITY,False,KR_6725379592
5,Akali,4645,2421,3152,3020,2055,1052,3364,MIDDLE,True,KR_6725379592
6,Vi,6630,0,2421,3158,3071,0,3364,JUNGLE,True,KR_6725379592
7,Jayce,0,3161,6694,3042,6691,2422,3363,TOP,True,KR_6725379592
8,Caitlyn,3036,3095,3006,3031,3086,2015,3363,BOTTOM,True,KR_6725379592
9,Braum,3190,3860,2055,3023,3047,3109,3364,UTILITY,True,KR_6725379592
0,Gwen,3115,3047,4633,1056,0,0,3364,TOP,False,KR_6724111681
1,LeeSin,6630,2055,2421,1031,3071,3047,3340,JUNGLE,False,KR_6724111681
2,Azir,1026,3115,3157,3020,1056,4644,3364,MIDDLE,False,KR_6724111681
3,Kalista,2421,3085,3153,3124,1029,3006,3363,BOTTOM,False,KR_6724111681
4,Blitzcrank,6656,3860,2055,1057,3067,3117,3364,UTILITY,False,KR_6724111681
5,Yone,6672,3031,2421,1038,6673,3006,3364,TOP,True,KR_6724111681
6,Evelynn,3041,3152,3102,1058,3020,1058,3363,JUNGLE,True,KR_6724111681
7,Jayce,3042,6694,0,6692,1055,3111,3363,MIDDLE,True,KR_6724111681
8,Kaisa,3115,2421,3108,3006,6691,3179,3363,BOTTOM,True,KR_6724111681
9,Alistar,2055,3860,6667,3023,3047,3801,3364,UTILITY,True,KR_6724111681
0,Quinn,3142,3814,3006,3095,6676,1038,3364,TOP,True,KR_6723478274
1,Elise,3152,2420,2055,3020,4645,1029,3364,JUNGLE,True,KR_6723478274
2,Taliyah,3135,4644,3089,1058,3145,3020,3363,MIDDLE,True,KR_6723478274
3,Kalista,3085,3153,3006,3124,3091,1036,3363,BOTTOM,True,KR_6723478274
4,Nautilus,6667,2055,3860,3111,8020,0,3364,UTILITY,True,KR_6723478274
5,Aatrox,3211,3067,0,6691,3047,3053,3363,TOP,False,KR_6723478274
6,Rumble,4645,3089,4636,3135,0,3020,3364,JUNGLE,False,KR_6723478274
7,Jayce,3179,6691,2420,3133,3111,3042,3364,MIDDLE,False,KR_6723478274
8,Ziggs,3020,6653,3102,3041,4645,1058,3363,BOTTOM,False,KR_6723478274
9,Leona,3860,6667,0,3111,1057,3067,3364,UTILITY,False,KR_6723478274
0,Renekton,6630,3158,1028,3133,1036,0,3340,TOP,False,KR_6721982464
1,Elise,4636,0,3020,1082,0,1101,3364,JUNGLE,False,KR_6721982464
2,Jayce,1055,6691,3070,3133,1036,3158,3340,MIDDLE,False,KR_6721982464
3,Kalista,3153,1037,6677,3006,0,1055,3363,BOTTOM,False,KR_6721982464
4,Blitzcrank,3860,2031,2065,3117,0,0,3364,UTILITY,False,KR_6721982464
5,Aatrox,2055,1037,6630,1028,1055,3047,3340,TOP,True,KR_6721982464
6,LeeSin,1103,3071,6630,0,2422,0,3340,JUNGLE,True,KR_6721982464
7,Lissandra,6656,1058,2420,3158,1056,1082,3364,MIDDLE,True,KR_6721982464
8,Kaisa,1055,2031,3179,2422,6691,1042,3363,BOTTOM,True,KR_6721982464
9,Belveth,1033,3855,2055,1011,1029,3047,3364,UTILITY,True,KR_6721982464
0,Renekton,6631,3161,0,3156,3047,0,3364,TOP,False,KR_6721897857
1,Nidalee,4636,3020,3157,3102,1058,1058,3364,JUNGLE,False,KR_6721897857
2,LeeSin,6630,3071,3053,6333,3133,3111,3340,MIDDLE,False,KR_6721897857
3,Xayah,3046,3095,3006,6675,3036,0,3363,BOTTOM,False,KR_6721897857
4,Thresh,3109,3001,3860,3067,3158,2055,3364,UTILITY,False,KR_6721897857
5,Akshan,6675,3153,3047,3033,3134,1037,3363,TOP,True,KR_6721897857
6,Nocturne,6631,3143,3026,3161,3047,0,3364,JUNGLE,True,KR_6721897857
7,Leblanc,3135,6655,3145,3089,0,3020,3364,MIDDLE,True,KR_6721897857
8,Kaisa,6672,3095,3026,3036,3006,3124,3363,BOTTOM,True,KR_6721897857
9,Rakan,3111,3222,0,3860,6667,0,3364,UTILITY,True,KR_6721897857
0,Gnar,3078,0,0,0,3047,1054,3340,TOP,False,KR_6721859001
1,Gwen,3115,3145,0,1103,2422,0,3364,JUNGLE,False,KR_6721859001
2,Jayce,1036,2031,1055,3070,3134,3158,3340,MIDDLE,False,KR_6721859001
3,Kaisa,1055,1083,3179,1036,1001,0,3340,BOTTOM,False,KR_6721859001
4,Alistar,2055,3859,1001,1011,1033,1029,3364,UTILITY,False,KR_6721859001
5,Rengar,1054,3047,3077,1053,0,0,3364,TOP,True,KR_6721859001
6,Zac,3158,6667,6660,1082,0,1103,3364,JUNGLE,True,KR_6721859001
7,Leblanc,6655,3191,0,3158,1056,1082,3364,MIDDLE,True,KR_6721859001
8,Xayah,3051,1053,3006,6672,1043,1055,3340,BOTTOM,True,KR_6721859001
9,Belveth,6667,3855,0,3047,3067,1036,3364,UTILITY,True,KR_6721859001
0,KSante,6662,3047,3193,1011,3076,8020,3364,TOP,True,KR_6721765700
1,Sylas,4636,4645,2055,3089,1082,3020,3364,JUNGLE,True,KR_6721765700
2,Tristana,6675,6672,2421,3072,3036,3006,3363,MIDDLE,True,KR_6721765700
3,Xerath,6655,4628,3089,3041,3158,3135,3363,BOTTOM,True,KR_6721765700
4,Annie,3853,6667,3222,0,3111,0,3364,UTILITY,True,KR_6721765700
5,Jax,3157,6632,3071,2055,3155,3111,3340,TOP,False,KR_6721765700
6,Sejuani,6667,3143,2055,1028,3068,3111,3364,JUNGLE,False,KR_6721765700
7,Yone,3031,3181,1038,1053,6672,3006,3364,MIDDLE,False,KR_6721765700
8,Ziggs,6653,4645,3089,3020,3916,3135,3363,BOTTOM,False,KR_6721765700
9,Rakan,3860,3107,2055,0,3111,6667,3364,UTILITY,False,KR_6721765700
0,Fiora,6630,3074,1055,1037,3047,1031,3363,TOP,True,KR_6720723858
1,Karthus,6653,3135,1082,1058,1058,3020,3364,JUNGLE,True,KR_6720723858
2,Leblanc,0,3078,3111,3087,0,3095,3364,MIDDLE,True,KR_6720723858
3,Renata,2065,0,3853,3158,1052,0,3364,UTILITY,True,KR_6720723858
4,Kalista,0,3153,3124,1033,1042,3006,3363,BOTTOM,True,KR_6720723858
5,Jayce,1001,6692,3133,1036,3070,1055,3363,TOP,False,KR_6720723858
6,Viego,0,3078,3091,3111,1029,0,3364,JUNGLE,False,KR_6720723858
7,Lissandra,6656,3135,2421,3020,1056,3108,3364,MIDDLE,False,KR_6720723858
8,Ziggs,4628,4630,0,1056,3020,6653,3363,BOTTOM,False,KR_6720723858
9,Alistar,6667,1028,1029,3860,0,3009,3364,UTILITY,False,KR_6720723858
0,KSante,1033,6662,3047,3742,3105,0,3364,TOP,False,KR_6720658539
1,Poppy,6632,3742,1057,3066,1028,3047,3364,JUNGLE,False,KR_6720658539
2,Orianna,6655,3040,0,1056,3158,1058,3363,MIDDLE,False,KR_6720658539
3,Caitlyn,6671,1055,0,3095,3072,3006,3363,BOTTOM,False,KR_6720658539
4,Rell,3860,3190,2055,1029,3050,3158,3364,UTILITY,False,KR_6720658539
5,Jayce,3133,3134,3042,6694,6692,3158,3363,TOP,True,KR_6720658539
6,Karthus,3157,6653,3089,3041,3020,3145,3364,JUNGLE,True,KR_6720658539
7,Tristana,3036,6672,1053,6675,1038,3006,3363,MIDDLE,True,KR_6720658539
8,Kaisa,3179,2031,6691,3006,3115,1058,3363,BOTTOM,True,KR_6720658539
9,Alistar,6667,3860,2055,3109,3158,0,3364,UTILITY,True,KR_6720658539
0,Tryndamere,3066,3006,6631,6672,3044,1037,3340,TOP,True,KR_6720589789
1,Khazix,3158,0,6691,3134,3179,1028,3364,JUNGLE,True,KR_6720589789
2,Sylas,1082,6656,3157,3020,4645,1052,3364,MIDDLE,True,KR_6720589789
3,Draven,3047,0,1055,3078,6676,1036,3363,BOTTOM,True,KR_6720589789
4,Rakan,3859,3111,6667,0,1028,1028,3364,UTILITY,True,KR_6720589789
5,Cassiopeia,6657,3110,1052,1056,0,3070,3340,TOP,False,KR_6720589789
6,JarvanIV,3158,6630,3161,1029,1029,0,3364,JUNGLE,False,KR_6720589789
7,Tristana,3006,6672,1038,3133,1055,1018,3340,MIDDLE,False,KR_6720589789
8,Kaisa,1043,3108,6691,3006,1055,3179,3363,BOTTOM,False,KR_6720589789
9,Sona,3853,2055,2065,3009,3114,3916,3364,UTILITY,False,KR_6720589789
0,Jax,1054,0,2055,6632,3158,3071,3340,TOP,True,KR_6720552462
1,Nidalee,4630,3157,2055,3020,4636,1082,3364,JUNGLE,True,KR_6720552462
2,Jayce,6691,3042,3161,1037,2055,3158,3364,MIDDLE,True,KR_6720552462
3,Nilah,6676,6675,3047,1018,1055,1036,3363,BOTTOM,True,KR_6720552462
4,Senna,3864,4643,2421,3009,6692,3179,3364,UTILITY,True,KR_6720552462
5,Poppy,6662,0,3047,3068,3076,1011,3364,TOP,False,KR_6720552462
6,Belveth,3067,3161,6631,3133,1036,3047,3364,JUNGLE,False,KR_6720552462
7,Vex,1058,6655,2421,4645,3020,1058,3364,MIDDLE,False,KR_6720552462
8,Zeri,1055,1018,3087,3006,3046,3133,3363,BOTTOM,False,KR_6720552462
9,Rakan,3860,6667,2055,1028,3114,3158,3364,UTILITY,False,KR_6720552462
0,Illaoi,8001,2033,6662,3044,3111,3066,3340,TOP,True,KR_6720411617
1,Graves,3036,6676,6673,3078,0,0,3364,JUNGLE,True,KR_6720411617
2,Orianna,4644,4645,3102,0,1056,3020,3363,MIDDLE,True,KR_6720411617
3,Kaisa,3115,3157,6691,3179,4645,3006,3363,BOTTOM,True,KR_6720411617
4,Nautilus,3860,6667,2421,3108,3117,2055,3364,UTILITY,True,KR_6720411617
5,Cassiopeia,6656,1052,2421,1082,1058,3040,3340,TOP,False,KR_6720411617
6,Viego,3071,6632,1036,2055,0,2422,3364,JUNGLE,False,KR_6720411617
7,Azir,3158,2420,2055,0,3115,6653,3363,MIDDLE,False,KR_6720411617
8,Ezreal,6694,3158,3078,3042,3155,0,3363,BOTTOM,False,KR_6720411617
9,Alistar,2055,3860,3117,6667,1028,3076,3364,UTILITY,False,KR_6720411617
0,Pantheon,6333,3153,3026,6692,2055,3158,3364,TOP,False,KR_6720355570
1,Evelynn,3152,3020,1082,2055,3089,4630,3340,JUNGLE,False,KR_6720355570
2,Jayce,3161,3042,6694,6691,3158,6695,3363,MIDDLE,False,KR_6720355570
3,Kaisa,3089,3157,6676,6691,3115,3006,3363,BOTTOM,False,KR_6720355570
4,Rell,2055,3860,8020,3158,6667,3076,3364,UTILITY,False,KR_6720355570
5,Akali,3152,0,3157,3102,4645,3020,3364,TOP,True,KR_6720355570
6,LeeSin,3111,0,6630,3071,3065,3053,3340,JUNGLE,True,KR_6720355570
7,Tristana,3072,3026,1018,6672,6675,3006,3363,MIDDLE,True,KR_6720355570
8,Ezreal,2420,3158,3156,3078,3042,6694,3363,BOTTOM,True,KR_6720355570
9,Rakan,3860,3158,3109,0,6667,3012,3364,UTILITY,True,KR_6720355570
0,Renekton,1036,3111,6630,1028,3156,1055,3364,TOP,False,KR_6720308496
1,Zac,2055,3067,3211,6667,3068,3158,3364,JUNGLE,False,KR_6720308496
2,Tristana,6675,6672,1018,3006,1055,3035,3363,MIDDLE,False,KR_6720308496
3,Kaisa,3108,1026,6691,1055,3179,3006,3363,BOTTOM,False,KR_6720308496
4,Rell,0,2055,3860,6667,1028,3111,3364,UTILITY,False,KR_6720308496
5,Gwen,3115,4633,1052,3047,2055,0,3364,TOP,True,KR_6720308496
6,Evelynn,3152,3020,1082,0,4630,3089,3340,JUNGLE,True,KR_6720308496
7,Yone,3031,0,3006,6672,1055,0,3364,MIDDLE,True,KR_6720308496
8,Ezreal,3078,0,6694,3158,3110,3042,3363,BOTTOM,True,KR_6720308496
9,Alistar,6667,1011,3076,3860,0,3047,3364,UTILITY,True,KR_6720308496
0,Fiora,6632,3155,1036,1001,0,0,3340,TOP,False,KR_6720270243
1,Poppy,1102,2055,3190,6660,3158,1029,3364,JUNGLE,False,KR_6720270243
2,Leblanc,3087,3078,0,0,3111,0,3364,MIDDLE,False,KR_6720270243
3,Zeri,6675,3087,1042,3006,0,0,3363,BOTTOM,False,KR_6720270243
4,Alistar,3859,3190,3111,2055,0,0,3364,UTILITY,False,KR_6720270243
5,Akali,2055,2421,3152,3020,3108,1054,3340,TOP,True,KR_6720270243
6,Kindred,6676,2055,3111,0,6672,0,3364,JUNGLE,True,KR_6720270243
7,Lissandra,6656,2055,2421,3020,3108,3041,3364,MIDDLE,True,KR_6720270243
8,Kaisa,1055,1042,3006,6675,1042,6672,3363,BOTTOM,True,KR_6720270243
9,Rell,3860,2031,2055,3001,1028,3111,3364,UTILITY,True,KR_6720270243
0,Teemo,1055,2031,1026,3047,1043,4633,3340,TOP,False,KR_6720237040
1,Kayn,1036,3179,6691,3158,3035,1036,3364,JUNGLE,False,KR_6720237040
2,Yone,1055,3006,6672,3031,0,0,3364,MIDDLE,False,KR_6720237040
3,Ezreal,3042,1036,3078,1036,3158,0,3363,BOTTOM,False,KR_6720237040
4,Nautilus,6667,3860,3111,2055,0,0,3364,UTILITY,False,KR_6720237040
5,Jax,3047,6632,0,1029,1054,3161,3340,TOP,True,KR_6720237040
6,Graves,6670,6676,0,6691,1042,3047,3364,JUNGLE,True,KR_6720237040
7,Zilean,6656,3157,3158,1056,0,0,3364,MIDDLE,True,KR_6720237040
8,Ziggs,3040,0,2422,0,1056,6653,3363,BOTTOM,True,KR_6720237040
9,Bard,3109,3190,3859,1033,2055,3158,3364,UTILITY,True,KR_6720237040
0,Renekton,0,3044,6630,3071,3111,0,3364,TOP,True,KR_6720180917
1,Kayn,6631,3161,6696,1038,3158,2421,3364,JUNGLE,True,KR_6720180917
2,Viktor,4628,6655,0,3020,1082,0,3340,MIDDLE,True,KR_6720180917
3,Aphelios,6672,3036,6671,3006,1053,1018,3363,BOTTOM,True,KR_6720180917
4,Rell,2055,2421,3860,6667,1028,3158,3364,UTILITY,True,KR_6720180917
5,Poppy,6665,3068,3047,2055,3076,0,3364,TOP,False,KR_6720180917
6,Karthus,3157,1082,6653,3916,1058,3020,3363,JUNGLE,False,KR_6720180917
7,Leblanc,3108,3087,3020,4636,3113,2055,3364,MIDDLE,False,KR_6720180917
8,Kalista,1038,3124,3006,2421,3085,3153,3363,BOTTOM,False,KR_6720180917
9,Rakan,3860,3012,2055,0,6667,3158,3364,UTILITY,False,KR_6720180917
0,Pantheon,1055,6692,3067,0,3133,3111,3340,TOP,False,KR_6720053912
1,Evelynn,3152,3020,1082,2055,1058,0,3340,JUNGLE,False,KR_6720053912
2,Tristana,2031,3031,1018,3006,1055,6672,3363,MIDDLE,False,KR_6720053912
3,Kaisa,1043,6691,3179,3108,1055,3006,3363,BOTTOM,False,KR_6720053912
4,Nautilus,3860,0,0,0,6667,3158,3364,UTILITY,False,KR_6720053912
5,Gragas,6656,3157,0,3158,3108,1056,3364,TOP,True,KR_6720053912
6,Nidalee,0,2421,4636,3041,3108,3158,3364,JUNGLE,True,KR_6720053912
7,Akshan,3047,6675,0,3153,3087,1043,3363,MIDDLE,True,KR_6720053912
8,Ezreal,2055,6694,2010,3158,3042,3078,3363,BOTTOM,True,KR_6720053912
9,Rakan,3860,2065,2055,3067,2031,3047,3364,UTILITY,True,KR_6720053912
0,KSante,1054,6662,2055,3047,3075,1029,3364,TOP,True,KR_6719262836
1,Nidalee,3135,3157,3020,2055,3011,4636,3364,JUNGLE,True,KR_6719262836
2,Lissandra,6656,2033,3157,2055,3020,1058,3364,MIDDLE,True,KR_6719262836
3,Samira,2055,6676,6671,3047,6673,0,3363,BOTTOM,True,KR_6719262836
4,Pyke,3857,2003,2055,3179,6691,3158,3364,UTILITY,True,KR_6719262836
5,Aatrox,2031,3133,6630,3047,1054,3067,3340,TOP,False,KR_6719262836
6,Hecarim,3051,3161,0,3067,0,3111,3364,JUNGLE,False,KR_6719262836
7,Leblanc,2033,1082,1026,6653,3102,3158,3364,MIDDLE,False,KR_6719262836
8,Kaisa,1055,6691,3006,1043,3179,1052,3363,BOTTOM,False,KR_6719262836
9,Blitzcrank,2031,2065,3857,2055,0,3117,3364,UTILITY,False,KR_6719262836
0,Renekton,6630,1055,0,1028,3133,3047,3364,TOP,True,KR_6719226798
1,Hecarim,3161,1102,6632,0,0,3047,3364,JUNGLE,True,KR_6719226798
2,Akali,2031,1082,3152,3111,0,0,3364,MIDDLE,True,KR_6719226798
3,Kaisa,1055,3095,2422,1037,1042,0,3340,BOTTOM,True,KR_6719226798
4,Rakan,3859,3111,6667,0,0,0,3364,UTILITY,True,KR_6719226798
5,Aatrox,1054,1055,1037,3044,3067,0,3340,TOP,False,KR_6719226798
6,Viego,2055,1103,6631,3133,3067,2422,3364,JUNGLE,False,KR_6719226798
7,Sylas,1054,6656,2031,1082,3020,2055,3364,MIDDLE,False,KR_6719226798
8,Zeri,6675,0,3087,1036,3006,0,3364,BOTTOM,False,KR_6719226798
9,Rell,3860,0,2031,3158,1033,1011,3364,UTILITY,False,KR_6719226798
0,Kennen,3152,2055,3157,4630,1082,3020,3340,TOP,True,KR_6719195303
1,Poppy,0,3082,3111,3068,3001,0,3364,JUNGLE,True,KR_6719195303
2,Azir,4630,1056,4644,3115,3020,1026,3363,MIDDLE,True,KR_6719195303
3,Yasuo,6672,2421,3006,3153,6665,1029,3363,BOTTOM,True,KR_6719195303
4,Pyke,3857,2421,0,6691,3179,3158,3364,UTILITY,True,KR_6719195303
5,Zac,6667,2055,3067,3211,3068,3111,3364,TOP,False,KR_6719195303
6,Sejuani,6667,3068,3075,3158,0,2055,3364,JUNGLE,False,KR_6719195303
7,Yone,3044,1037,6671,1054,3006,6672,3340,MIDDLE,False,KR_6719195303
8,Kaisa,1055,6672,3006,6675,0,0,3363,BOTTOM,False,KR_6719195303
9,Rell,3860,3190,2055,2421,3111,3191,3364,UTILITY,False,KR_6719195303
0,KSante,1054,1028,6662,3047,0,0,3340,TOP,True,KR_6719148677
1,Nidalee,1101,2421,4636,0,3108,3020,3364,JUNGLE,True,KR_6719148677
2,Yone,2031,3006,1055,6672,1018,1054,3364,MIDDLE,True,KR_6719148677
3,Kaisa,2031,2422,1055,3179,3134,3133,3363,BOTTOM,True,KR_6719148677
4,Nautilus,3105,3859,2055,3047,1011,0,3364,UTILITY,True,KR_6719148677
5,Akali,2031,3020,3145,1052,1056,1082,3340,MIDDLE,False,KR_6719148677
6,Viego,3078,1036,2055,1102,2422,0,3364,JUNGLE,False,KR_6719148677
7,Sett,2031,6631,0,0,1001,1054,3340,TOP,False,KR_6719148677
8,Xayah,0,3095,3006,1055,0,0,3340,BOTTOM,False,KR_6719148677
9,Rakan,3859,3158,4642,2055,3067,0,3364,UTILITY,False,KR_6719148677
0,Camille,6632,3158,0,1055,3077,3133,3340,TOP,True,KR_6719093901
1,Poppy,3742,3076,2055,3001,3158,1011,3364,JUNGLE,True,KR_6719093901
2,Neeko,3152,2033,4645,3089,3020,3135,3364,MIDDLE,True,KR_6719093901
3,Kaisa,3089,3157,6691,3006,3115,3179,3363,BOTTOM,True,KR_6719093901
4,Gragas,3190,3860,2055,2420,3109,3111,3364,UTILITY,True,KR_6719093901
5,Renekton,3053,0,6630,3111,1054,3071,3364,TOP,False,KR_6719093901
6,Taliyah,6655,3157,3916,3020,3102,3135,3364,JUNGLE,False,KR_6719093901
7,Tristana,6675,3156,3087,1055,3111,1053,3363,MIDDLE,False,KR_6719093901
8,Ezreal,3078,6694,3042,3133,3158,2055,3363,BOTTOM,False,KR_6719093901
9,Rell,3860,2055,3109,6667,0,3158,3364,UTILITY,False,KR_6719093901
0,Karthus,4645,3020,1058,6653,1082,3135,3364,JUNGLE,False,KR_6719050370
1,Tryndamere,6694,6675,6672,3006,3181,3046,3364,TOP,False,KR_6719050370
2,Tristana,6675,1055,1018,3072,3006,6672,3340,MIDDLE,False,KR_6719050370
3,Zeri,6675,3072,6673,3087,1038,3006,3363,BOTTOM,False,KR_6719050370
4,Bard,3860,3107,2065,3067,2055,3009,3364,UTILITY,False,KR_6719050370
5,Volibear,6662,8001,3076,3110,1028,3047,3364,TOP,True,KR_6719050370
6,Elise,3041,3157,4636,3020,3116,3135,3364,JUNGLE,True,KR_6719050370
7,Jayce,6691,3026,3042,3161,6694,3047,3363,MIDDLE,True,KR_6719050370
8,Jinx,6671,3072,6672,3006,3094,6673,3363,BOTTOM,True,KR_6719050370
9,Thresh,3860,3190,0,3109,3009,3011,3364,UTILITY,True,KR_6719050370
0,Renekton,3133,6630,3076,2055,1055,3111,3364,TOP,False,KR_6719010409
1,Zac,6667,6660,3111,1103,0,0,3364,JUNGLE,False,KR_6719010409
2,Tristana,3031,6672,2055,0,1055,3006,3363,MIDDLE,False,KR_6719010409
3,Jinx,6671,6672,1036,3006,1036,0,3363,BOTTOM,False,KR_6719010409
4,Alistar,2055,3860,6667,3158,0,0,3364,UTILITY,False,KR_6719010409
5,Jax,1054,3161,6632,2055,1028,3047,3340,TOP,True,KR_6719010409
6,JarvanIV,0,0,6630,3110,3161,3047,3364,JUNGLE,True,KR_6719010409
7,Taliyah,6653,3020,0,3070,3135,1058,3363,MIDDLE,True,KR_6719010409
8,Kaisa,6672,0,2420,3006,6675,3046,3363,BOTTOM,True,KR_6719010409
9,Rell,0,3860,2031,6667,3158,3067,3364,UTILITY,True,KR_6719010409
0,Jayce,1055,6692,0,3042,3133,3111,3363,TOP,True,KR_6717782850
1,Viego,2055,3155,0,3071,3078,3111,3364,JUNGLE,True,KR_6717782850
2,Akali,3152,3191,2421,1054,3102,3020,3364,MIDDLE,True,KR_6717782850
3,Kaisa,2420,6691,3006,3191,3115,3179,3363,BOTTOM,True,KR_6717782850
4,Blitzcrank,6656,3860,2055,3117,4632,3108,3364,UTILITY,True,KR_6717782850
5,Leblanc,3087,3078,3006,1042,0,0,3363,TOP,False,KR_6717782850
6,XinZhao,3161,0,6630,3158,0,0,3364,JUNGLE,False,KR_6717782850
7,Neeko,3152,2031,2421,4645,2055,3020,3340,MIDDLE,False,KR_6717782850
8,Zeri,3133,1018,0,3087,3006,1055,3363,BOTTOM,False,KR_6717782850
9,Alistar,3860,2421,2055,3158,6667,0,3364,UTILITY,False,KR_6717782850
0,Maokai,1056,3068,1033,3158,0,0,3364,TOP,False,KR_6717698949
1,LeeSin,6630,1102,1036,2422,1036,0,3340,JUNGLE,False,KR_6717698949
2,Xerath,6655,0,2055,1082,2422,1056,3363,MIDDLE,False,KR_6717698949
3,Ashe,6672,2031,0,1055,0,3006,3340,BOTTOM,False,KR_6717698949
4,Rakan,3859,2031,1029,1028,3111,0,3364,UTILITY,False,KR_6717698949
5,Yone,6672,1055,2055,1038,3006,1018,3364,TOP,True,KR_6717698949
6,Viego,0,6632,2422,3071,0,1102,3364,JUNGLE,True,KR_6717698949
7,Ahri,6656,2420,4629,0,1056,3158,3364,MIDDLE,True,KR_6717698949
8,Jhin,3095,0,3009,1038,0,0,3363,BOTTOM,True,KR_6717698949
9,Neeko,3853,2055,0,3158,6655,0,3364,UTILITY,True,KR_6717698949
0,Akshan,1036,3047,3153,3124,3123,1033,3363,TOP,True,KR_6717630749
1,Rumble,4636,3041,1058,3020,1052,0,3364,JUNGLE,True,KR_6717630749
2,Yone,3031,6672,1038,3006,1055,1018,3364,MIDDLE,True,KR_6717630749
3,Kalista,1055,3153,2421,3124,1043,3006,3363,BOTTOM,True,KR_6717630749
4,Rell,1028,3860,0,6667,3047,0,3364,UTILITY,True,KR_6717630749
5,Aatrox,3047,2031,6630,3067,1054,1036,3340,TOP,False,KR_6717630749
6,JarvanIV,2055,3161,6630,3158,3024,1029,3364,JUNGLE,False,KR_6717630749
7,Fizz,1052,3157,0,6655,3020,1082,3364,MIDDLE,False,KR_6717630749
8,Zeri,0,0,1042,3006,6675,3087,3363,BOTTOM,False,KR_6717630749
9,Alistar,3860,0,2055,1011,3111,3105,3364,UTILITY,False,KR_6717630749
0,Gangplank,6676,6333,2055,6675,3508,3006,3364,TOP,True,KR_6717425166
1,Elise,3116,3020,3152,3041,3089,2055,3364,JUNGLE,True,KR_6717425166
2,Jayce,6691,3026,3042,3134,6694,3047,3364,MIDDLE,True,KR_6717425166
3,Draven,6676,0,3036,3078,1038,3047,3363,BOTTOM,True,KR_6717425166
4,Nautilus,3860,4638,3190,3109,3158,1028,3364,UTILITY,True,KR_6717425166
5,Yone,3181,3031,6672,2055,3072,3006,3364,TOP,False,KR_6717425166
6,Zac,6667,3158,1011,3068,3067,0,3364,JUNGLE,False,KR_6717425166
7,KSante,1054,2055,3193,3068,6662,3047,3363,MIDDLE,False,KR_6717425166
8,Senna,2055,3864,3142,3009,3179,3086,3364,UTILITY,False,KR_6717425166
9,Ezreal,3082,3158,3042,3078,6694,3024,3363,BOTTOM,False,KR_6717425166
0,Gwen,1058,1056,3157,4633,3115,3047,3364,TOP,True,KR_6717326941
1,Khazix,2420,6694,3814,6691,3179,3158,3364,JUNGLE,True,KR_6717326941
2,TwistedFate,4644,1082,3157,3158,1058,3100,3364,MIDDLE,True,KR_6717326941
3,Zeri,6673,3087,3006,6675,3085,3036,3363,BOTTOM,True,KR_6717326941
4,Rakan,3860,2065,0,0,3011,3158,3364,UTILITY,True,KR_6717326941
5,Kennen,2055,3152,0,3020,4645,3089,3364,TOP,False,KR_6717326941
6,LeeSin,2420,2055,6630,3156,3111,3071,3340,JUNGLE,False,KR_6717326941
7,KSante,6665,3193,2055,4401,3111,3068,3364,MIDDLE,False,KR_6717326941
8,Ezreal,3110,3139,3035,3078,3042,3158,3363,BOTTOM,False,KR_6717326941
9,Alistar,6667,3860,0,3111,3067,1011,3364,UTILITY,False,KR_6717326941
0,Volibear,1054,3024,3082,6662,3047,0,3364,TOP,False,KR_6717272502
1,Ekko,3020,3152,1082,3115,1058,0,3364,JUNGLE,False,KR_6717272502
2,Jayce,6691,3004,1036,1036,1055,3158,3364,MIDDLE,False,KR_6717272502
3,Sivir,3006,1055,3087,3133,0,0,3363,BOTTOM,False,KR_6717272502
4,Alistar,3859,6667,1028,3117,0,0,3364,UTILITY,False,KR_6717272502
5,Quinn,3087,2031,3095,1001,1038,2055,3364,TOP,True,KR_6717272502
6,Poppy,3158,1057,6632,6660,1028,1102,3364,JUNGLE,True,KR_6717272502
7,Sylas,6656,0,3157,3020,1082,0,3364,MIDDLE,True,KR_6717272502
8,Kaisa,6691,3115,3179,3006,0,0,3363,BOTTOM,True,KR_6717272502
9,Blitzcrank,3857,6656,3024,0,3117,0,3364,UTILITY,True,KR_6717272502
0,Jax,2031,1055,3067,3111,1054,3057,3340,TOP,True,KR_6717207718
1,Zac,0,2055,6660,1103,6667,3158,3364,JUNGLE,True,KR_6717207718
2,Yone,6672,2031,1033,3006,1054,3051,3364,MIDDLE,True,KR_6717207718
3,Kaisa,6691,3179,3006,1043,1052,1055,3363,BOTTOM,True,KR_6717207718
4,Leona,0,1029,3855,1011,3111,1033,3364,UTILITY,True,KR_6717207718
5,Poppy,1054,3105,3068,2055,1028,3047,3364,TOP,False,KR_6717207718
6,Taliyah,1101,1082,6653,3020,0,1052,3364,JUNGLE,False,KR_6717207718
7,Vex,2055,6656,2033,3020,0,0,3363,MIDDLE,False,KR_6717207718
8,Tristana,1018,2031,0,3095,3006,1055,3340,BOTTOM,False,KR_6717207718
9,Alistar,3859,0,2055,1011,3111,1029,3364,UTILITY,False,KR_6717207718
0,Irelia,3051,3153,2055,3047,1043,1055,3363,TOP,False,KR_6717123702
1,Viego,3133,3067,0,3078,0,2422,3364,JUNGLE,False,KR_6717123702
2,Cassiopeia,3070,6653,3067,1052,0,0,3363,MIDDLE,False,KR_6717123702
3,Kaisa,6691,3006,3179,0,0,1055,3363,BOTTOM,False,KR_6717123702
4,Soraka,3853,2055,1006,6617,0,3158,3364,UTILITY,False,KR_6717123702
5,Akshan,3153,1055,1083,3047,6677,3123,3363,TOP,True,KR_6717123702
6,Nidalee,0,0,1058,3020,3041,4636,3364,JUNGLE,True,KR_6717123702
7,Orianna,2031,3020,2421,3040,1056,6655,3340,MIDDLE,True,KR_6717123702
8,TahmKench,2010,1054,3076,1028,6662,3047,3363,BOTTOM,True,KR_6717123702
9,Senna,3009,3864,2055,3179,3133,3134,3364,UTILITY,True,KR_6717123702
0,Rumble,4636,4637,3165,0,3020,1082,3364,TOP,True,KR_6715731897
1,LeeSin,1033,6630,0,3071,3047,1036,3340,JUNGLE,True,KR_6715731897
2,Tristana,1038,6672,6675,3006,1055,1018,3340,MIDDLE,True,KR_6715731897
3,Kaisa,3179,0,3115,3006,6691,0,3363,BOTTOM,True,KR_6715731897
4,Blitzcrank,3857,6656,2055,3117,1028,1029,3364,UTILITY,True,KR_6715731897
5,Irelia,6665,3153,0,2422,3091,1029,3363,TOP,False,KR_6715731897
6,Elise,1058,3020,0,1082,3145,4636,3364,JUNGLE,False,KR_6715731897
7,Akshan,1037,1001,1038,3087,3095,1055,3363,MIDDLE,False,KR_6715731897
8,Aphelios,6671,1037,3095,3006,0,1055,3363,BOTTOM,False,KR_6715731897
9,Braum,3857,6667,2055,1028,0,3047,3364,UTILITY,False,KR_6715731897
0,Renekton,3026,6630,0,3071,3155,3047,3364,TOP,True,KR_6715655021
1,RekSai,6631,3071,0,3111,3161,3053,3364,JUNGLE,True,KR_6715655021
2,Leblanc,3087,4632,0,4636,4645,3111,3364,MIDDLE,True,KR_6715655021
3,Kaisa,3115,3157,3102,3179,6691,3006,3363,BOTTOM,True,KR_6715655021
4,Alistar,6667,3860,0,3109,3050,3158,3364,UTILITY,True,KR_6715655021
5,Quinn,3031,3072,2055,3087,3006,1018,3340,TOP,False,KR_6715655021
6,LeeSin,6630,2055,3155,3026,3071,3111,3340,JUNGLE,False,KR_6715655021
7,Zoe,0,6655,3089,3020,3108,4645,3364,MIDDLE,False,KR_6715655021
8,Ziggs,3135,6655,4628,0,3020,4645,3363,BOTTOM,False,KR_6715655021
9,Pyke,2055,2421,3857,3179,6691,3117,3364,UTILITY,False,KR_6715655021
0,KSante,3047,2031,6662,1054,3075,1029,3364,TOP,True,KR_6715493567
1,JarvanIV,6630,0,3158,3161,3071,0,3364,JUNGLE,True,KR_6715493567
2,Azir,4644,3115,0,1056,3145,3020,3363,MIDDLE,True,KR_6715493567
3,Nilah,3047,6676,6671,3036,1053,0,3363,BOTTOM,True,KR_6715493567
4,Rakan,2065,1029,3860,3011,3158,1028,3364,UTILITY,True,KR_6715493567
5,Belveth,1055,3074,3009,6662,0,0,3364,TOP,False,KR_6715493567
6,Sejuani,0,3068,6667,3076,1028,3047,3364,JUNGLE,False,KR_6715493567
7,Yone,1054,1018,6670,3006,1053,1043,3340,MIDDLE,False,KR_6715493567
8,Aphelios,1001,6672,1036,3086,1038,0,3363,BOTTOM,False,KR_6715493567
9,Senna,3179,3864,6696,3009,0,0,3364,UTILITY,False,KR_6715493567
0,Jayce,6691,6694,3026,3158,3161,3042,3364,TOP,True,KR_6715412545
1,Gwen,4633,3157,3158,3115,3089,0,3364,JUNGLE,True,KR_6715412545
2,Neeko,0,3157,3152,4628,3108,3020,3364,MIDDLE,True,KR_6715412545
3,Xayah,3156,3072,6675,6672,3006,3036,3363,BOTTOM,True,KR_6715412545
4,Rakan,3111,3860,6667,4638,8020,3023,3364,UTILITY,True,KR_6715412545
5,Riven,3047,0,3074,3071,3156,6333,3364,TOP,False,KR_6715412545
6,Viego,3053,3026,3133,3078,3111,6672,3364,JUNGLE,False,KR_6715412545
7,Taliyah,3089,3040,3157,6655,1026,3020,3364,MIDDLE,False,KR_6715412545
8,Kaisa,3115,3102,3157,3006,3124,3087,3363,BOTTOM,False,KR_6715412545
9,Alistar,3001,3860,0,3158,8020,2055,3364,UTILITY,False,KR_6715412545
0,KSante,2055,8020,6662,3068,3075,3009,3364,TOP,True,KR_6715351286
1,Nidalee,3041,3157,3020,1058,3135,4636,3364,JUNGLE,True,KR_6715351286
2,Yasuo,3053,6671,3087,2421,3006,1038,3364,MIDDLE,True,KR_6715351286
3,Kaisa,3006,2421,3124,3115,3108,3095,3363,BOTTOM,True,KR_6715351286
4,Nautilus,3860,0,3067,3047,6667,2421,3364,UTILITY,True,KR_6715351286
5,Jax,3111,3161,2055,2421,3191,6632,3340,TOP,False,KR_6715351286
6,XinZhao,1037,3161,6630,3111,3044,1028,3364,JUNGLE,False,KR_6715351286
7,Syndra,3089,3158,1058,4644,3135,1028,3340,MIDDLE,False,KR_6715351286
8,Ezreal,3078,3042,6694,1055,3158,1036,3363,BOTTOM,False,KR_6715351286
9,Pyke,3857,3134,2055,6691,3179,3158,3364,UTILITY,False,KR_6715351286
0,Jax,3133,6632,0,3067,0,3047,3340,TOP,False,KR_6715304569
1,Nidalee,4636,4630,1082,3158,0,0,3364,JUNGLE,False,KR_6715304569
2,Azir,1026,4644,3108,3158,1056,1058,3340,MIDDLE,False,KR_6715304569
3,Draven,2031,2055,3077,3508,1053,3006,3363,BOTTOM,False,KR_6715304569
4,Pyke,3855,3134,1036,3117,1036,0,3364,UTILITY,False,KR_6715304569
5,Tryndamere,1036,6672,6631,0,0,3006,3340,TOP,True,KR_6715304569
6,Taliyah,2031,3111,1056,4644,3145,0,3364,MIDDLE,True,KR_6715304569
7,LeeSin,6630,0,3071,0,0,3111,3340,JUNGLE,True,KR_6715304569
8,Kaisa,1055,0,3046,6672,3006,6675,3363,BOTTOM,True,KR_6715304569
9,Nautilus,0,6667,3860,3047,1033,0,3364,UTILITY,True,KR_6715304569
0,Udyr,2421,3047,6665,1082,4637,1056,3364,TOP,False,KR_6715051940
1,Kindred,3078,6672,3051,1043,3111,1033,3364,JUNGLE,False,KR_6715051940
2,Azir,3115,4644,1026,3020,0,1082,3364,MIDDLE,False,KR_6715051940
3,Zeri,6675,3087,3086,3006,3072,0,3363,BOTTOM,False,KR_6715051940
4,Rakan,3012,2055,3860,6667,3114,3111,3364,UTILITY,False,KR_6715051940
5,Jayce,1055,3042,6692,6694,0,3158,3364,TOP,True,KR_6715051940
6,Zac,6667,3082,1082,1028,3068,3158,3364,JUNGLE,True,KR_6715051940
7,Taliyah,3089,3158,0,1082,6653,3135,3364,MIDDLE,True,KR_6715051940
8,Ezreal,1055,3158,0,3078,3133,3042,3363,BOTTOM,True,KR_6715051940
9,Pyke,3864,3133,0,3134,3179,3158,3364,UTILITY,True,KR_6715051940
0,KSante,1054,2055,3076,3047,6662,1028,3364,TOP,False,KR_6714022768
1,Viego,3078,1031,3071,2055,0,3047,3364,JUNGLE,False,KR_6714022768
2,Azir,4644,3020,1042,3108,1026,1082,3363,MIDDLE,False,KR_6714022768
3,Sivir,3087,3006,2055,6675,0,0,3363,BOTTOM,False,KR_6714022768
4,Rakan,3859,6667,0,0,0,3111,3364,UTILITY,False,KR_6714022768
5,Jax,3157,3071,6632,2055,0,3111,3340,TOP,True,KR_6714022768
6,Sejuani,6667,3068,1011,3067,3047,0,3364,JUNGLE,True,KR_6714022768
7,Yone,3031,0,0,0,3006,6672,3364,MIDDLE,True,KR_6714022768
8,Ezreal,3042,3158,3078,3133,1036,1036,3363,BOTTOM,True,KR_6714022768
9,Senna,3864,0,3035,3179,3009,1018,3364,UTILITY,True,KR_6714022768
0,Singed,1056,4637,3047,3116,4635,0,3340,TOP,False,KR_6711359563
1,Elise,2421,3020,3145,3191,4636,1082,3364,JUNGLE,False,KR_6711359563
2,Tristana,6675,1055,1018,3072,6672,3006,3363,MIDDLE,False,KR_6711359563
3,Ezreal,3158,3078,3042,1036,1036,0,3363,BOTTOM,False,KR_6711359563
4,Bard,3853,3107,2065,3114,3117,0,3364,UTILITY,False,KR_6711359563
5,Irelia,3153,6631,3111,6333,1029,1029,3364,TOP,True,KR_6711359563
6,Viego,3071,1033,2421,1043,3047,3078,3364,JUNGLE,True,KR_6711359563
7,Cassiopeia,6656,3157,1052,1082,1026,3040,3364,MIDDLE,True,KR_6711359563
8,Kaisa,3179,6691,3115,6694,0,3006,3363,BOTTOM,True,KR_6711359563
9,Alistar,3860,3190,8001,2055,3111,0,3364,UTILITY,True,KR_6711359563
0,Volibear,1056,3076,4633,0,1001,0,3340,TOP,False,KR_6711312344
1,Ekko,3152,3020,1082,1101,3113,3057,3364,JUNGLE,False,KR_6711312344
2,Jayce,1055,0,3047,1036,6692,3042,3340,MIDDLE,False,KR_6711312344
3,Aphelios,2031,3006,1038,6672,3086,1036,3340,BOTTOM,False,KR_6711312344
4,Alistar,3859,3001,2403,0,2055,3047,3364,UTILITY,False,KR_6711312344
5,Darius,0,6631,3111,1055,3067,0,3364,TOP,True,KR_6711312344
6,Taliyah,1101,3157,1082,3020,1052,6655,3364,JUNGLE,True,KR_6711312344
7,Tristana,2031,6672,2055,3006,0,6675,3340,MIDDLE,True,KR_6711312344
8,Rakan,2055,3158,3859,6667,3012,0,3364,UTILITY,True,KR_6711312344
9,Kaisa,1055,3179,6691,3115,0,3006,3363,BOTTOM,True,KR_6711312344
0,Irelia,1055,3153,3111,3091,1028,2055,3364,TOP,True,KR_6711249855
1,Elise,4645,1082,0,4636,3020,0,3364,JUNGLE,True,KR_6711249855
2,Tristana,1055,3035,6675,1018,3087,3111,3363,MIDDLE,True,KR_6711249855
3,Aphelios,6671,2420,0,3006,3035,6672,3363,BOTTOM,True,KR_6711249855
4,Bard,3107,3190,3853,2055,3009,3023,3364,UTILITY,True,KR_6711249855
5,KSante,1033,6662,3143,3047,1033,1054,3364,TOP,False,KR_6711249855
6,JarvanIV,3161,0,6630,0,0,3047,3364,JUNGLE,False,KR_6711249855
7,Annie,3020,1026,4630,6655,1056,1082,3364,MIDDLE,False,KR_6711249855
8,Zeri,1018,3085,3006,3087,6675,1038,3363,BOTTOM,False,KR_6711249855
9,Thresh,0,2055,3857,0,6667,3117,3364,UTILITY,False,KR_6711249855
0,Diana,2031,3152,1052,1056,3020,0,3340,TOP,False,KR_6710962865
1,Belveth,3111,2055,6631,3133,1103,3067,3364,JUNGLE,False,KR_6710962865
2,Azir,1058,2031,1082,6655,1001,1056,3363,MIDDLE,False,KR_6710962865
3,Xayah,3006,6672,1055,3133,1038,0,3363,BOTTOM,False,KR_6710962865
4,Rakan,3860,2424,3190,2055,3916,3111,3364,UTILITY,False,KR_6710962865
5,Kennen,3152,2031,3020,4645,3108,1082,3340,TOP,True,KR_6710962865
6,Briar,0,6631,0,3071,2422,0,3364,JUNGLE,True,KR_6710962865
7,Orianna,1058,3070,6655,1082,3111,1028,3364,MIDDLE,True,KR_6710962865
8,Kalista,3124,0,3006,0,3153,0,3363,BOTTOM,True,KR_6710962865
9,Pyke,3857,2055,2031,3179,3134,3158,3364,UTILITY,True,KR_6710962865
0,Renekton,6630,2055,3161,1054,1055,3111,3364,TOP,True,KR_6710929453
1,Gwen,0,3115,4633,0,0,3111,3364,JUNGLE,True,KR_6710929453
2,Tristana,6675,1055,2055,6672,3006,1018,3363,MIDDLE,True,KR_6710929453
3,Nilah,3047,2055,6676,1037,6675,3036,3363,BOTTOM,True,KR_6710929453
4,Alistar,3860,6667,0,3076,0,3158,3364,UTILITY,True,KR_6710929453
5,KSante,3047,6662,0,3076,1011,3082,3364,TOP,False,KR_6710929453
6,LeeSin,2055,6630,3071,3047,1029,3133,3340,JUNGLE,False,KR_6710929453
7,Ahri,6656,3113,3158,3108,1082,1056,3364,MIDDLE,False,KR_6710929453
8,Aphelios,6671,2055,6672,1036,3006,1036,3363,BOTTOM,False,KR_6710929453
9,Rakan,3860,2065,2055,3158,1028,0,3364,UTILITY,False,KR_6710929453
0,KSante,4401,2055,1011,3047,3075,6662,3364,TOP,True,KR_6710893382
1,Briar,6631,0,0,3053,3071,3047,3364,JUNGLE,True,KR_6710893382
2,Vex,3157,6655,4645,1058,3020,1082,3364,MIDDLE,True,KR_6710893382
3,Kaisa,3089,6691,3135,3179,3115,3006,3363,BOTTOM,True,KR_6710893382
4,Rakan,6667,3860,2055,8020,3111,1029,3364,UTILITY,True,KR_6710893382
5,Camille,1037,3158,6632,3074,3044,1028,3364,TOP,False,KR_6710893382
6,Karthus,1082,6653,0,4645,3020,1058,3340,JUNGLE,False,KR_6710893382
7,Tristana,3072,0,2421,6675,6672,3111,3363,MIDDLE,False,KR_6710893382
8,Aphelios,3036,0,0,3031,3095,3006,3363,BOTTOM,False,KR_6710893382
9,Alistar,2055,3190,3860,3023,1028,3111,3364,UTILITY,False,KR_6710893382
0,Renekton,6630,3161,3111,3133,0,0,3340,TOP,False,KR_6710849724
1,LeeSin,3133,6630,2055,3156,0,2422,3340,JUNGLE,False,KR_6710849724
2,Annie,1056,3152,1026,2031,3020,2055,3340,MIDDLE,False,KR_6710849724
3,Zeri,3087,6675,0,3006,0,0,3363,BOTTOM,False,KR_6710849724
4,Neeko,2031,6656,3853,2055,3916,1001,3364,UTILITY,False,KR_6710849724
5,Rumble,1056,1082,3145,4636,1058,3020,3340,TOP,True,KR_6710849724
6,Briar,3133,6631,2055,3111,1029,3071,3364,JUNGLE,True,KR_6710849724
7,Leblanc,2031,3087,4636,3111,3108,1082,3364,MIDDLE,True,KR_6710849724
8,Twitch,1042,0,2031,3006,3153,3124,3363,BOTTOM,True,KR_6710849724
9,Alistar,3111,3190,3859,2055,1028,1057,3364,UTILITY,True,KR_6710849724
0,Jax,3026,3157,3156,4401,6632,3161,3340,TOP,True,KR_6710806535
1,JarvanIV,6630,3161,4401,3158,3110,3065,3364,JUNGLE,True,KR_6710806535
2,Orianna,3089,6655,4645,3157,3102,3020,3363,MIDDLE,True,KR_6710806535
3,Samira,6676,3026,6671,3111,3036,6673,3363,BOTTOM,True,KR_6710806535
4,Rakan,6667,3860,3011,2055,3158,3066,3364,UTILITY,True,KR_6710806535
5,Taric,1011,3067,3158,6662,3065,3121,3364,TOP,False,KR_6710806535
6,Karthus,3157,4645,3135,6653,3165,3020,3363,JUNGLE,False,KR_6710806535
7,Akshan,3047,6675,2421,3153,6672,3036,3363,MIDDLE,False,KR_6710806535
8,Kaisa,6675,3006,6672,3095,3085,3036,3363,BOTTOM,False,KR_6710806535
9,Rell,6667,2055,3860,3109,3075,3158,3364,UTILITY,False,KR_6710806535
0,Udyr,1026,1011,1052,1082,1056,3047,3340,TOP,False,KR_6710784109
1,Karthus,6653,1101,1082,2055,0,1001,3364,JUNGLE,False,KR_6710784109
2,Qiyana,3179,1036,2055,3158,0,1036,3364,MIDDLE,False,KR_6710784109
3,Kaisa,1055,3179,6691,2422,0,0,3363,BOTTOM,False,KR_6710784109
4,Nautilus,3023,3859,0,1033,3009,0,3364,UTILITY,False,KR_6710784109
5,Akshan,3009,2031,0,0,3153,0,3363,TOP,True,KR_6710784109
6,LeeSin,6630,3133,3067,3047,0,0,3340,JUNGLE,True,KR_6710784109
7,Sylas,0,6656,1054,1082,3191,3158,3364,MIDDLE,True,KR_6710784109
8,Zeri,0,2031,3087,1055,1018,3006,3363,BOTTOM,True,KR_6710784109
9,Taric,3855,1011,0,0,1029,3047,3364,UTILITY,True,KR_6710784109
0,KSante,6662,1033,3105,3158,1054,1029,3340,TOP,False,KR_6710735656
1,Zac,3068,1082,1101,0,6667,3158,3364,JUNGLE,False,KR_6710735656
2,Leblanc,3087,3094,3111,1083,0,0,3364,MIDDLE,False,KR_6710735656
3,Aphelios,1036,6672,3006,3086,1038,0,3340,BOTTOM,False,KR_6710735656
4,Rell,1029,2055,3859,3001,1028,3158,3364,UTILITY,False,KR_6710735656
5,Gwen,1054,0,4633,3020,3108,1042,3364,TOP,True,KR_6710735656
6,LeeSin,1103,3071,6630,0,3047,0,3340,JUNGLE,True,KR_6710735656
7,Lissandra,6656,2033,1058,1082,3020,1052,3340,MIDDLE,True,KR_6710735656
8,Zeri,6675,3072,3087,3006,1083,0,3363,BOTTOM,True,KR_6710735656
9,Alistar,3859,3190,2055,3076,0,3158,3364,UTILITY,True,KR_6710735656
0,Akali,3916,2421,3152,3020,4645,2055,3364,TOP,True,KR_6710332898
1,Sejuani,3068,8020,2055,3111,0,6667,3364,JUNGLE,True,KR_6710332898
2,Yone,3153,6673,3006,1018,3001,6670,3364,MIDDLE,True,KR_6710332898
3,Ezreal,6694,3077,3158,3042,3078,0,3363,BOTTOM,True,KR_6710332898
4,Leona,6667,0,3857,3801,1029,3111,3364,UTILITY,True,KR_6710332898
5,Fiora,3044,6632,3074,1037,3111,3066,3364,TOP,False,KR_6710332898
6,FiddleSticks,4645,2055,4630,4644,3020,3916,3330,JUNGLE,False,KR_6710332898
7,Ahri,1056,2420,3191,3108,6653,3111,3364,MIDDLE,False,KR_6710332898
8,Kaisa,2055,3179,3115,6691,3145,3006,3363,BOTTOM,False,KR_6710332898
9,Pyke,3814,3179,3857,2055,3117,1036,3364,UTILITY,False,KR_6710332898
0,Volibear,1056,0,3065,6662,3110,3158,3364,TOP,True,KR_6710131216
1,Nidalee,3157,1058,3041,4636,3916,3020,3364,JUNGLE,True,KR_6710131216
2,Jayce,1055,6691,1036,2422,3042,6694,3363,MIDDLE,True,KR_6710131216
3,Zeri,6675,1055,1053,3087,1037,3006,3363,BOTTOM,True,KR_6710131216
4,Alistar,6667,2055,3860,3158,1028,3023,3364,UTILITY,True,KR_6710131216
5,Renekton,6630,2420,0,3047,3071,1054,3364,TOP,False,KR_6710131216
6,LeeSin,2055,6630,1036,3155,3071,3047,3340,JUNGLE,False,KR_6710131216
7,Tristana,1018,6672,0,3031,1055,3006,3363,MIDDLE,False,KR_6710131216
8,Kaisa,1058,1058,3115,3179,6691,3006,3363,BOTTOM,False,KR_6710131216
9,Nautilus,3001,3047,3860,2055,3067,1011,3364,UTILITY,False,KR_6710131216
0,Ornn,0,2031,1031,3047,6660,1054,3340,TOP,False,KR_6709915776
1,LeeSin,6630,1103,1036,2055,2422,0,3340,JUNGLE,False,KR_6709915776
2,Orianna,1056,3070,3020,3802,3108,2031,3340,MIDDLE,False,KR_6709915776
3,Kaisa,6672,0,2422,0,1055,0,3340,BOTTOM,False,KR_6709915776
4,Alistar,1011,1029,3859,0,0,3117,3340,UTILITY,False,KR_6709915776
5,Camille,2055,2010,2422,3078,1036,3077,3340,TOP,True,KR_6709915776
6,Karthus,0,3041,6653,1052,2422,0,3363,JUNGLE,True,KR_6709915776
7,Sylas,6656,2031,2055,0,1054,3158,3364,MIDDLE,True,KR_6709915776
8,Xayah,6672,0,2031,3006,1083,6675,3363,BOTTOM,True,KR_6709915776
9,Rakan,2065,3145,3859,2055,3158,1082,3364,UTILITY,True,KR_6709915776
0,Yone,3006,1033,6677,3036,3153,6673,3364,TOP,True,KR_6709849769
1,Sejuani,0,8020,2420,6667,3068,3158,3364,JUNGLE,True,KR_6709849769
2,Azir,3115,3020,2055,4645,3135,6655,3363,MIDDLE,True,KR_6709849769
3,Draven,6671,3006,3026,3508,3074,1036,3363,BOTTOM,True,KR_6709849769
4,Thresh,0,0,3857,6667,3111,3109,3364,UTILITY,True,KR_6709849769
5,Udyr,2421,6665,3047,4637,3191,1056,3364,TOP,False,KR_6709849769
6,Belveth,1028,2421,6631,3111,3053,3071,3364,JUNGLE,False,KR_6709849769
7,Ziggs,6653,3089,3135,3020,4645,0,3363,MIDDLE,False,KR_6709849769
8,Kaisa,3072,2420,3006,3085,6672,6675,3363,BOTTOM,False,KR_6709849769
9,Blitzcrank,3111,3190,3109,3860,3082,3024,3364,UTILITY,False,KR_6709849769
0,Fiora,3074,6632,3111,0,0,1054,3340,TOP,False,KR_6709671399
1,Karthus,3157,6653,1082,3020,3135,1052,3363,JUNGLE,False,KR_6709671399
2,Tristana,3031,3036,3006,6672,0,0,3363,MIDDLE,False,KR_6709671399
3,Ezreal,6694,3042,3158,0,3078,0,3363,BOTTOM,False,KR_6709671399
4,Rakan,6667,3860,3067,3111,2055,0,3364,UTILITY,False,KR_6709671399
5,Renekton,6630,2421,3071,3047,1055,1036,3340,TOP,True,KR_6709671399
6,Zac,6667,6660,8001,3158,1011,3041,3364,JUNGLE,True,KR_6709671399
7,Azir,3115,4644,3157,0,0,3020,3363,MIDDLE,True,KR_6709671399
8,Kaisa,6691,3115,3157,3006,3179,0,3363,BOTTOM,True,KR_6709671399
9,Alistar,3190,3860,0,1033,3023,3158,3364,UTILITY,True,KR_6709671399
0,Olaf,1054,6631,3074,3047,3156,3082,3340,TOP,False,KR_6709633436
1,Blitzcrank,3222,2065,3860,2055,0,3117,3364,UTILITY,False,KR_6709633436
2,Azir,6655,4645,1058,3111,0,0,3364,MIDDLE,False,KR_6709633436
3,Kaisa,1055,3095,3124,3091,3006,1053,3363,BOTTOM,False,KR_6709633436
4,Graves,3814,3142,0,6676,3111,0,3364,JUNGLE,False,KR_6709633436
5,Orianna,3040,4644,1052,0,3916,3020,3363,TOP,True,KR_6709633436
6,Belveth,3047,2421,6631,3161,3071,1029,3364,JUNGLE,True,KR_6709633436
7,Neeko,3152,1058,3157,1082,3135,3020,3340,MIDDLE,True,KR_6709633436
8,Xayah,2421,1031,6675,3072,3006,6672,3363,BOTTOM,True,KR_6709633436
9,Rakan,8001,6667,3860,2055,3158,0,3364,UTILITY,True,KR_6709633436
0,Vi,3071,0,0,6632,1028,2422,3364,JUNGLE,False,KR_6709601762
1,Poppy,6662,2033,1001,6660,1029,0,3340,TOP,False,KR_6709601762
2,Orianna,6653,3020,3070,3067,0,1056,3363,MIDDLE,False,KR_6709601762
3,Ezreal,0,0,3042,3078,2422,1055,3363,BOTTOM,False,KR_6709601762
4,Bard,3853,3190,3117,2055,1052,0,3364,UTILITY,False,KR_6709601762
5,Gwen,4633,2055,3115,3158,1056,0,3364,TOP,True,KR_6709601762
6,Sejuani,6667,3068,3047,1057,1028,2055,3364,JUNGLE,True,KR_6709601762
7,Yone,1037,3006,2055,6672,1054,1038,3340,MIDDLE,True,KR_6709601762
8,MissFortune,6691,2424,3009,3134,3179,1037,3363,BOTTOM,True,KR_6709601762
9,Rell,3860,2055,3076,3158,1028,6667,3364,UTILITY,True,KR_6709601762
0,Renekton,3161,6630,3047,3123,3044,1028,3364,TOP,True,KR_6709580118
1,Nidalee,3108,2420,1052,3041,4636,3020,3364,JUNGLE,True,KR_6709580118
2,Yone,6677,6673,6670,2015,1054,3006,3364,MIDDLE,True,KR_6709580118
3,Sivir,1055,3095,3006,1038,6675,0,3363,BOTTOM,True,KR_6709580118
4,Rakan,0,3860,3916,3114,6667,3158,3364,UTILITY,True,KR_6709580118
5,Aatrox,6630,3133,1036,1055,1054,3047,3340,TOP,False,KR_6709580118
6,Karthus,3145,3020,1052,6653,1082,0,3364,JUNGLE,False,KR_6709580118
7,Talon,6692,6693,1036,2422,1036,0,3364,MIDDLE,False,KR_6709580118
8,Zeri,6675,1083,2055,3006,3087,0,3363,BOTTOM,False,KR_6709580118
9,Alistar,3860,3047,3001,1028,2055,0,3364,UTILITY,False,KR_6709580118
0,KSante,6662,2031,2055,1054,1001,1029,3340,TOP,False,KR_6709556210
1,Nidalee,0,0,0,1101,4636,3020,3364,JUNGLE,False,KR_6709556210
2,Jayce,1054,2031,3070,1001,3133,3134,3364,MIDDLE,False,KR_6709556210
3,Sivir,1055,2031,6672,2422,1036,0,3340,BOTTOM,False,KR_6709556210
4,Nautilus,6660,2031,3859,0,3111,1029,3364,UTILITY,False,KR_6709556210
5,Poppy,1054,6662,3047,6660,1029,2031,3364,TOP,True,KR_6709556210
6,LeeSin,6630,3071,0,0,1103,2422,3340,JUNGLE,True,KR_6709556210
7,Orianna,1058,4644,3158,3070,1056,3067,3340,MIDDLE,True,KR_6709556210
8,Ezreal,3078,3070,1036,2422,1036,1055,3363,BOTTOM,True,KR_6709556210
9,Rell,2031,3859,2055,1033,3158,3023,3364,UTILITY,True,KR_6709556210
0,Gnar,1054,2031,3078,3047,0,0,3340,TOP,False,KR_6709532623
1,Nidalee,4636,1082,1052,1101,0,3020,3364,JUNGLE,False,KR_6709532623
2,Tristana,6672,3006,0,0,1055,0,3340,MIDDLE,False,KR_6709532623
3,Kalista,3153,2055,3006,1042,0,0,3340,BOTTOM,False,KR_6709532623
4,Rakan,3105,3859,2055,0,1011,3111,3364,UTILITY,False,KR_6709532623
5,KSante,1054,6662,0,2055,3047,2031,3364,TOP,True,KR_6709532623
6,Karthus,0,1082,3802,3020,1052,0,3513,JUNGLE,True,KR_6709532623
7,Yone,3006,1054,3153,0,1053,1037,3364,MIDDLE,True,KR_6709532623
8,Zeri,1055,3095,2055,3006,1042,0,3363,BOTTOM,True,KR_6709532623
9,Alistar,2065,0,3859,2055,3158,0,3364,UTILITY,True,KR_6709532623
0,KSante,3075,6662,3105,3047,4401,1033,3364,TOP,False,KR_6709501636
1,LeeSin,3161,1037,3158,3044,2420,6630,3340,JUNGLE,False,KR_6709501636
2,Leblanc,4636,3087,1058,3020,1082,4645,3364,MIDDLE,False,KR_6709501636
3,Senna,3155,3864,2055,3009,3095,3031,3364,UTILITY,False,KR_6709501636
4,TahmKench,6665,3076,1011,1054,3068,3111,3363,BOTTOM,False,KR_6709501636
5,Aatrox,2420,3071,6630,1037,1028,3047,3364,TOP,True,KR_6709501636
6,Nidalee,4636,4645,3157,3158,3135,1082,3364,JUNGLE,True,KR_6709501636
7,Jayce,2420,6692,6693,3047,3042,1036,3363,MIDDLE,True,KR_6709501636
8,Kaisa,3115,3179,6691,3089,1055,3006,3363,BOTTOM,True,KR_6709501636
9,Nautilus,3001,3860,0,3047,3023,3801,3364,UTILITY,True,KR_6709501636
0,Renekton,6630,3071,2420,0,3053,3047,3364,TOP,True,KR_6709473795
1,Kindred,3095,1018,3006,0,1038,6673,3364,JUNGLE,True,KR_6709473795
2,Zilean,6656,2421,3158,3916,1052,1056,3364,MIDDLE,True,KR_6709473795
3,Zeri,3087,1036,1055,6675,1018,3006,3363,BOTTOM,True,KR_6709473795
4,Rell,3860,0,6667,3076,1011,3158,3364,UTILITY,True,KR_6709473795
5,Ornn,1054,3001,3075,2055,2422,1029,3364,TOP,False,KR_6709473795
6,LeeSin,3071,2055,6630,3047,0,0,3340,JUNGLE,False,KR_6709473795
7,Akali,3152,1054,3145,1082,3020,1058,3364,MIDDLE,False,KR_6709473795
8,Twitch,3085,3095,3124,0,2422,0,3363,BOTTOM,False,KR_6709473795
9,Alistar,3860,0,0,1011,3105,3158,3364,UTILITY,False,KR_6709473795
0,Gwen,3115,2055,1058,1058,3158,4633,3364,TOP,True,KR_6709408110
1,LeeSin,3071,0,6630,3161,3044,3111,3340,JUNGLE,True,KR_6709408110
2,Vex,6656,2421,4628,3135,3020,1082,3364,MIDDLE,True,KR_6709408110
3,MissFortune,3009,0,3142,6694,1036,3087,3363,BOTTOM,True,KR_6709408110
4,Senna,6692,3864,3086,3179,3009,2015,3364,UTILITY,True,KR_6709408110
5,Gragas,6656,1052,3158,3108,1056,3165,3364,TOP,False,KR_6709408110
6,Poppy,3068,3105,2055,3158,1033,6665,3364,JUNGLE,False,KR_6709408110
7,Leblanc,3111,2031,3135,6655,3087,0,3364,MIDDLE,False,KR_6709408110
8,Ezreal,3042,3156,3078,3158,3110,0,3363,BOTTOM,False,KR_6709408110
9,Alistar,3860,6667,2055,3076,3117,1011,3364,UTILITY,False,KR_6709408110
0,Renekton,1054,6630,1057,3111,3156,3067,3340,TOP,False,KR_6709375162
1,Poppy,3158,6660,4401,0,0,6665,3364,JUNGLE,False,KR_6709375162
2,Orianna,1056,6653,3157,3135,0,3158,3363,MIDDLE,False,KR_6709375162
3,Ezreal,3078,3158,3042,1055,6694,3077,3363,BOTTOM,False,KR_6709375162
4,Heimerdinger,3802,3916,3108,3853,3116,3158,3364,UTILITY,False,KR_6709375162
5,Gwen,4633,3047,3135,1058,3115,1058,3364,TOP,True,KR_6709375162
6,Hecarim,6632,3161,0,3158,3133,3065,3364,JUNGLE,True,KR_6709375162
7,Zilean,6656,2420,3108,3158,4629,3916,3364,MIDDLE,True,KR_6709375162
8,Cassiopeia,3040,2421,4629,3916,6653,3108,3363,BOTTOM,True,KR_6709375162
9,Nautilus,2055,3190,3860,3050,1033,3111,3364,UTILITY,True,KR_6709375162
0,Kennen,3152,2031,1058,1055,3020,0,3364,TOP,False,KR_6708937702
1,Graves,1102,3095,3051,2422,0,0,3364,JUNGLE,False,KR_6708937702
2,Akshan,3087,2031,1036,1036,0,1001,3340,MIDDLE,False,KR_6708937702
3,Zeri,2031,3087,1055,3006,1036,0,3363,BOTTOM,False,KR_6708937702
4,Rell,1011,2031,3859,1033,1029,3158,3364,UTILITY,False,KR_6708937702
5,Kayle,1028,0,0,3091,3006,0,3363,TOP,True,KR_6708937702
6,Viego,0,0,1103,3111,3078,6670,3513,JUNGLE,True,KR_6708937702
7,Azir,2031,4644,3108,3020,1056,1026,3340,MIDDLE,True,KR_6708937702
8,Xayah,1038,3133,6672,2422,1083,0,3363,BOTTOM,True,KR_6708937702
9,Bard,3851,2031,3023,3047,1033,2055,3364,UTILITY,True,KR_6708937702
0,Irelia,3001,3153,2420,3158,3091,1029,3363,TOP,True,KR_6708857628
1,Gwen,4633,2422,3115,1052,1028,0,3364,JUNGLE,True,KR_6708857628
2,Yone,6672,1028,3031,3044,1055,3006,3364,MIDDLE,True,KR_6708857628
3,Ezreal,3158,3078,3042,0,0,1055,3363,BOTTOM,True,KR_6708857628
4,Alistar,3860,3117,3050,2055,3001,6660,3364,UTILITY,True,KR_6708857628
5,KSante,3047,6662,3075,0,0,0,3340,TOP,False,KR_6708857628
6,Viego,6672,3047,2055,0,3051,3067,3364,JUNGLE,False,KR_6708857628
7,Sylas,1056,6656,1052,3916,1054,3020,3364,MIDDLE,False,KR_6708857628
8,Kaisa,3124,1055,2421,3095,1042,3006,3363,BOTTOM,False,KR_6708857628
9,Rakan,6667,3860,2055,3158,1028,1028,3364,UTILITY,False,KR_6708857628
0,Malphite,1056,1057,3068,3067,3047,3076,3340,TOP,True,KR_6708500110
1,RekSai,6631,3161,3133,3047,1028,0,3364,JUNGLE,True,KR_6708500110
2,Neeko,3157,1082,3152,1056,3020,0,3364,MIDDLE,True,KR_6708500110
3,Kaisa,3115,3006,6691,3179,1042,0,3363,BOTTOM,True,KR_6708500110
4,Alistar,3860,2055,3076,1011,3001,3158,3364,UTILITY,True,KR_6708500110
5,Sylas,6656,3111,1056,3108,3191,1082,3340,MIDDLE,False,KR_6708500110
6,LeeSin,3133,6630,0,0,3071,2422,3340,JUNGLE,False,KR_6708500110
7,Jax,1036,3111,1037,3067,1036,6632,3340,TOP,False,KR_6708500110
8,MissFortune,3179,6691,1055,3035,0,2422,3363,BOTTOM,False,KR_6708500110
9,Blitzcrank,3860,6667,1029,2055,3009,0,3364,UTILITY,False,KR_6708500110
0,Jayce,1055,6691,3070,1036,1001,1036,3363,TOP,False,KR_6708240805
1,JarvanIV,6630,1103,2422,1036,1036,0,3364,JUNGLE,False,KR_6708240805
2,Azir,1056,6655,1001,1042,1082,1052,3340,MIDDLE,False,KR_6708240805
3,MissFortune,6691,6694,0,3179,0,2422,3363,BOTTOM,False,KR_6708240805
4,Rumble,3859,1052,1082,3145,3108,3020,3364,UTILITY,False,KR_6708240805
5,Taric,2033,2055,3065,6662,0,3158,3364,TOP,True,KR_6708240805
6,Nidalee,3057,3157,3152,3113,3041,3158,3364,JUNGLE,True,KR_6708240805
7,Tristana,3035,6672,6675,1018,0,3006,3340,MIDDLE,True,KR_6708240805
8,Varus,3004,3142,3134,3158,1036,1036,3513,BOTTOM,True,KR_6708240805
9,Blitzcrank,2055,2065,3859,2421,0,3009,3364,UTILITY,True,KR_6708240805
0,Aatrox,6630,2420,3076,3047,3053,3071,3364,TOP,True,KR_6708199573
1,Gwen,3115,3089,3157,3135,3047,4633,3364,JUNGLE,True,KR_6708199573
2,Jayce,6695,2421,6691,3042,3158,6694,3363,MIDDLE,True,KR_6708199573
3,MissFortune,6694,2421,6676,6691,3179,3009,3363,BOTTOM,True,KR_6708199573
4,Karma,2065,3853,0,3011,3158,6616,3364,UTILITY,True,KR_6708199573
5,Irelia,6632,3026,3091,3053,3153,3047,3364,TOP,False,KR_6708199573
6,LeeSin,6630,3047,2420,6609,3071,3053,3340,JUNGLE,False,KR_6708199573
7,KSante,3024,3075,3193,3082,6662,3047,3364,MIDDLE,False,KR_6708199573
8,Kaisa,3135,3089,3115,3124,3095,3020,3363,BOTTOM,False,KR_6708199573
9,Rumble,3860,3165,2421,4636,3020,1082,3364,UTILITY,False,KR_6708199573
0,Gragas,1056,3040,6656,0,3158,0,3364,TOP,True,KR_6708176222
1,Nocturne,3111,3161,6631,3071,8020,1043,3364,JUNGLE,True,KR_6708176222
2,Neeko,3135,3157,3152,0,3041,3020,3364,MIDDLE,True,KR_6708176222
3,Kaisa,3095,3157,0,3124,1043,3006,3363,BOTTOM,True,KR_6708176222
4,Rakan,0,0,3860,3107,6667,3158,3364,UTILITY,True,KR_6708176222
5,Kennen,3089,3152,4645,3020,3108,4632,3364,TOP,False,KR_6708176222
6,Viego,3111,0,0,3078,3091,3053,3364,JUNGLE,False,KR_6708176222
7,Tristana,2031,3006,3035,3031,1055,6672,3363,MIDDLE,False,KR_6708176222
8,Zeri,3087,6675,3006,3085,2055,1036,3363,BOTTOM,False,KR_6708176222
9,Maokai,2055,1028,3857,3024,6667,3009,3364,UTILITY,False,KR_6708176222
0,Aatrox,1054,6630,1036,3047,3067,1036,3364,TOP,False,KR_6708134210
1,LeeSin,1103,6630,2055,3067,3133,2422,3340,JUNGLE,False,KR_6708134210
2,Jayce,1055,2031,3070,6691,1036,1001,3363,MIDDLE,False,KR_6708134210
3,Ezreal,2031,3508,1055,2422,3070,0,3340,BOTTOM,False,KR_6708134210
4,Soraka,3851,2031,3158,3067,1052,2055,3364,UTILITY,False,KR_6708134210
5,Camille,1054,6632,3047,0,0,0,3340,TOP,True,KR_6708134210
6,Ivern,1102,2055,3113,6617,0,3158,3364,JUNGLE,True,KR_6708134210
7,Tristana,2031,6672,2055,1037,1055,3006,3340,MIDDLE,True,KR_6708134210
8,Xayah,2031,2055,6672,3133,3006,0,3340,BOTTOM,True,KR_6708134210
9,Thresh,3859,2055,2031,1011,3009,1029,3364,UTILITY,True,KR_6708134210
0,Yone,6672,3124,1053,1055,1037,3006,3363,TOP,True,KR_6707834100
1,Kindred,3078,3047,0,0,6672,0,3364,JUNGLE,True,KR_6707834100
2,TwistedFate,6656,3157,2033,3113,1082,3047,3340,MIDDLE,True,KR_6707834100
3,Varus,3158,3142,3042,3814,3035,1036,3363,BOTTOM,True,KR_6707834100
4,Neeko,3020,3152,2421,3853,0,1052,3364,UTILITY,True,KR_6707834100
5,Udyr,1056,8020,3068,1029,1028,3047,3364,TOP,False,KR_6707834100
6,Graves,3035,0,3142,3133,6696,2422,3364,JUNGLE,False,KR_6707834100
7,Tristana,2031,3006,3031,6672,1055,1018,3363,MIDDLE,False,KR_6707834100
8,Cassiopeia,3040,6657,2031,1028,0,0,3340,BOTTOM,False,KR_6707834100
9,Nautilus,2055,0,3859,3001,0,3111,3364,UTILITY,False,KR_6707834100
0,KSante,6662,3193,1031,6660,3111,0,3364,TOP,False,KR_6707786838
1,Viego,3111,6672,3078,3133,3067,0,3364,JUNGLE,False,KR_6707786838
2,Tristana,3031,6672,3036,3006,1038,1018,3363,MIDDLE,False,KR_6707786838
3,Xerath,3020,6653,3916,4628,1082,3108,3363,BOTTOM,False,KR_6707786838
4,Senna,3009,3095,3864,3031,1018,2055,3364,UTILITY,False,KR_6707786838
5,Gwen,4633,0,3115,1056,4630,3047,3364,TOP,True,KR_6707786838
6,Graves,3078,3095,6676,0,0,3047,3364,JUNGLE,True,KR_6707786838
7,Vex,4630,3157,6656,2055,1026,3158,3364,MIDDLE,True,KR_6707786838
8,Draven,3142,0,3009,3508,3094,3074,3363,BOTTOM,True,KR_6707786838
9,Rell,3158,6667,3860,0,3082,1011,3364,UTILITY,True,KR_6707786838
0,Jax,3071,6632,0,0,0,0,3340,TOP,False,KR_6707757539
1,LeeSin,6630,1102,1037,3133,2422,3067,3340,JUNGLE,False,KR_6707757539
2,Sylas,6656,3158,1058,3191,1056,1082,3364,MIDDLE,False,KR_6707757539
3,Senna,3864,0,2055,3095,3009,0,3364,UTILITY,False,KR_6707757539
4,TahmKench,2031,1054,3068,3047,3067,1031,3364,BOTTOM,False,KR_6707757539
5,KSante,1054,2055,3105,6662,3075,3047,3364,TOP,True,KR_6707757539
6,JarvanIV,3158,6630,2055,3067,3071,3133,3364,JUNGLE,True,KR_6707757539
7,Akali,3152,3145,1082,3020,3916,4645,3364,MIDDLE,True,KR_6707757539
8,Zeri,3006,6675,3087,1083,3035,1018,3363,BOTTOM,True,KR_6707757539
9,Alistar,0,2031,3860,6667,3117,1028,3364,UTILITY,True,KR_6707757539
0,Akali,1054,3145,1052,3020,1082,1026,3364,TOP,False,KR_6707704169
1,LeeSin,1103,6630,2055,2422,1036,0,3340,JUNGLE,False,KR_6707704169
2,Orianna,3158,2033,4644,0,0,0,3363,MIDDLE,False,KR_6707704169
3,Kaisa,2031,2015,1001,1055,6670,1018,3340,BOTTOM,False,KR_6707704169
4,Nautilus,1011,3859,2055,3047,0,0,3364,UTILITY,False,KR_6707704169
5,Gwen,1054,2031,4633,4632,3020,0,3340,TOP,True,KR_6707704169
6,Viego,6631,2055,0,0,3111,3133,3364,JUNGLE,True,KR_6707704169
7,Leblanc,2031,3087,2055,3020,1052,3108,3364,MIDDLE,True,KR_6707704169
8,Ezreal,3158,2031,3078,3004,3133,2055,3363,BOTTOM,True,KR_6707704169
9,Alistar,1011,3111,3859,0,1029,1033,3364,UTILITY,True,KR_6707704169
0,Akali,3152,2421,3135,4645,3020,3108,3364,TOP,True,KR_6707624922
1,Viego,2055,0,3111,3026,3071,6632,3364,JUNGLE,True,KR_6707624922
2,Renekton,3071,6630,0,3044,1028,3047,3364,MIDDLE,True,KR_6707624922
3,Ezreal,3158,3078,3042,6694,3133,1053,3363,BOTTOM,True,KR_6707624922
4,Alistar,1028,3860,0,3158,0,6667,3364,UTILITY,True,KR_6707624922
5,Gnar,4401,3133,3067,3111,3078,1036,3340,TOP,False,KR_6707624922
6,Nidalee,1026,3157,3152,1082,3158,4630,3364,JUNGLE,False,KR_6707624922
7,KSante,2055,3047,3193,6662,1054,1011,3364,MIDDLE,False,KR_6707624922
8,Kaisa,0,3006,1055,3087,6672,6675,3363,BOTTOM,False,KR_6707624922
9,Leona,1028,3857,0,6667,3047,0,3364,UTILITY,False,KR_6707624922
0,Aatrox,1036,1037,1055,3047,6691,3067,3364,TOP,True,KR_6707337210
1,Nidalee,1101,3020,4636,3041,1026,0,3364,JUNGLE,True,KR_6707337210
2,Jayce,1055,6691,2031,3070,1001,3133,3340,MIDDLE,True,KR_6707337210
3,Kaisa,2031,2422,3087,1055,3108,1043,3340,BOTTOM,True,KR_6707337210
4,Rell,3859,1033,0,3047,1029,1011,3364,UTILITY,True,KR_6707337210
5,Camille,3067,3057,1083,1055,1001,3051,3340,TOP,False,KR_6707337210
6,Ekko,1102,3152,2422,1082,1052,0,3364,JUNGLE,False,KR_6707337210
7,Tristana,2031,6672,2055,0,1055,3006,3363,MIDDLE,False,KR_6707337210
8,Aphelios,1083,3095,1038,1001,1018,0,3340,BOTTOM,False,KR_6707337210
9,Alistar,3859,3117,1011,2055,0,0,3364,UTILITY,False,KR_6707337210
0,Udyr,4637,3009,3067,1033,0,1056,3364,TOP,False,KR_6707089186
1,Shaco,6631,1102,3006,3161,1028,0,3364,JUNGLE,False,KR_6707089186
2,Syndra,2055,6655,4630,3020,1056,1082,3340,MIDDLE,False,KR_6707089186
3,Ashe,1055,6672,3051,3006,3067,3057,3363,BOTTOM,False,KR_6707089186
4,Karma,2065,2031,3853,1052,3114,3158,3364,UTILITY,False,KR_6707089186
5,KSante,8020,3111,6662,3105,1029,1054,3364,TOP,True,KR_6707089186
6,Graves,3133,3067,2055,3078,6676,3111,3364,JUNGLE,True,KR_6707089186
7,AurelionSol,4644,3108,3145,3020,1056,3116,3363,MIDDLE,True,KR_6707089186
8,Jhin,0,3142,2031,0,3087,3009,3363,BOTTOM,True,KR_6707089186
9,Zilean,2065,2420,3916,3859,2055,3158,3364,UTILITY,True,KR_6707089186
0,Warwick,1055,3153,3157,3001,3047,3077,3364,TOP,False,KR_6706961541
1,Karthus,3157,1052,1026,3020,4645,6653,3364,JUNGLE,False,KR_6706961541
2,Kaisa,3035,3046,6675,6672,1018,3006,3363,BOTTOM,False,KR_6706961541
3,Jayce,3158,6694,3133,3042,6691,1037,3364,MIDDLE,False,KR_6706961541
4,Blitzcrank,3107,6656,3860,2055,3117,0,3364,UTILITY,False,KR_6706961541
5,Sivir,1001,3087,6675,3046,1038,1055,3363,BOTTOM,True,KR_6706961541
6,LeeSin,6630,3026,0,3071,3111,3161,3340,JUNGLE,True,KR_6706961541
7,Diana,4645,3157,3152,3165,1082,3020,3363,MIDDLE,True,KR_6706961541
8,Poppy,6665,3123,3068,1033,3047,0,3364,TOP,True,KR_6706961541
9,Rakan,3860,2055,6667,3107,0,3158,3364,UTILITY,True,KR_6706961541
0,Renekton,1037,6630,2055,3123,1054,3047,3364,TOP,False,KR_6706622016
1,Taliyah,1082,2055,2421,4645,6653,3020,3364,JUNGLE,False,KR_6706622016
2,Tristana,6675,6672,3036,3006,1055,0,3363,MIDDLE,False,KR_6706622016
3,Xayah,1055,3095,6675,3035,0,3006,3363,BOTTOM,False,KR_6706622016
4,Rakan,3860,2065,1028,2055,3158,3916,3364,UTILITY,False,KR_6706622016
5,Aatrox,6630,0,3077,3047,3161,3133,3364,TOP,True,KR_6706622016
6,Nidalee,3135,3157,3152,1082,3158,3089,3364,JUNGLE,True,KR_6706622016
7,Yone,1054,1036,3153,3095,0,3006,3340,MIDDLE,True,KR_6706622016
8,Kaisa,3115,1055,2421,6691,3179,3006,3363,BOTTOM,True,KR_6706622016
9,Nautilus,3860,3158,2421,2055,6667,1029,3364,UTILITY,True,KR_6706622016
0,Varus,3115,1055,3006,4633,0,0,3340,TOP,False,KR_6706527240
1,RekSai,6631,1028,2055,3071,3044,3047,3364,JUNGLE,False,KR_6706527240
2,Leblanc,6632,3095,3087,0,3051,1001,3340,MIDDLE,False,KR_6706527240
3,Caitlyn,3095,3031,3036,2015,0,3006,3363,BOTTOM,False,KR_6706527240
4,Morgana,3853,3157,0,3105,1028,3158,3364,UTILITY,False,KR_6706527240
5,Akshan,6672,3091,3047,6631,1036,0,3363,TOP,True,KR_6706527240
6,Sejuani,3082,3068,3024,3158,1028,6667,3364,JUNGLE,True,KR_6706527240
7,Tristana,3031,1053,0,6672,1055,3006,3340,MIDDLE,True,KR_6706527240
8,Jhin,6671,2031,3035,3095,0,3009,3363,BOTTOM,True,KR_6706527240
9,Swain,3853,0,1028,3047,6667,3116,3364,UTILITY,True,KR_6706527240
0,Darius,8020,0,6632,3161,3053,3047,3364,TOP,True,KR_6706446489
1,Sejuani,3047,3075,0,6667,3068,3082,3364,JUNGLE,True,KR_6706446489
2,Yone,3006,2420,1038,6673,3087,3031,3364,MIDDLE,True,KR_6706446489
3,Kaisa,3179,6691,3115,1082,3135,3006,3363,BOTTOM,True,KR_6706446489
4,Rakan,3860,2065,3107,4638,3158,1028,3364,UTILITY,True,KR_6706446489
5,Jax,3161,3191,0,2421,3047,6632,3340,TOP,False,KR_6706446489
6,LeeSin,3071,1031,6630,3133,1037,3047,3340,JUNGLE,False,KR_6706446489
7,Leblanc,3078,1053,3087,3006,3181,1043,3340,MIDDLE,False,KR_6706446489
8,Zeri,3087,6675,6673,3035,3006,1018,3363,BOTTOM,False,KR_6706446489
9,Alistar,3860,3158,6667,2055,3801,3023,3364,UTILITY,False,KR_6706446489
0,Renekton,6630,3071,3067,3047,3211,3053,3364,TOP,True,KR_6706356676
1,Gwen,4630,3089,6656,3158,1082,3115,3364,JUNGLE,True,KR_6706356676
2,Ahri,3157,3158,3135,3116,1082,6653,3364,MIDDLE,True,KR_6706356676
3,Kaisa,6691,3095,3006,3115,3179,3134,3363,BOTTOM,True,KR_6706356676
4,Alistar,3109,3860,6667,4638,3111,3067,3364,UTILITY,True,KR_6706356676
5,KSante,3111,6662,3075,1028,1029,1028,3364,MIDDLE,False,KR_6706356676
6,Taliyah,3020,4630,0,1082,6655,3089,3364,JUNGLE,False,KR_6706356676
7,Darius,6631,3143,0,8020,3111,0,3364,TOP,False,KR_6706356676
8,Xayah,6675,3006,6672,3046,3036,0,3363,BOTTOM,False,KR_6706356676
9,Rell,3047,6667,3860,0,3067,0,3364,UTILITY,False,KR_6706356676
0,Malphite,6662,3047,1057,3076,1029,1029,3364,TOP,True,KR_6706300146
1,LeeSin,6630,3071,3133,3161,1031,3047,3340,JUNGLE,True,KR_6706300146
2,Orianna,4629,1082,0,4644,1058,3020,3364,MIDDLE,True,KR_6706300146
3,Zeri,3046,0,3006,3095,6675,1055,3363,BOTTOM,True,KR_6706300146
4,Alistar,3860,0,1011,3076,6667,3158,3364,UTILITY,True,KR_6706300146
5,Darius,6631,0,3047,3742,1036,0,3364,TOP,False,KR_6706300146
6,Nidalee,4636,4645,3158,1082,2055,1052,3364,JUNGLE,False,KR_6706300146
7,Yone,1037,1053,0,6672,3031,3006,3364,MIDDLE,False,KR_6706300146
8,Kaisa,1055,3095,3124,1043,1036,3006,3363,BOTTOM,False,KR_6706300146
9,Blitzcrank,3860,2055,2065,3012,0,3009,3364,UTILITY,False,KR_6706300146
0,Renekton,3071,6631,2055,3047,3082,3026,3340,TOP,True,KR_6706204768
1,XinZhao,3071,3110,6630,3156,3111,0,3364,JUNGLE,True,KR_6706204768
2,AurelionSol,3102,3116,4644,3020,4628,3135,3363,MIDDLE,True,KR_6706204768
3,Xayah,6675,3006,3140,3036,6672,0,3363,BOTTOM,True,KR_6706204768
4,Alistar,3860,2055,3050,6667,3117,1057,3364,UTILITY,True,KR_6706204768
5,Darius,6631,3143,2420,4401,3161,3047,3364,TOP,False,KR_6706204768
6,FiddleSticks,3157,3020,3152,2055,3135,3165,3330,JUNGLE,False,KR_6706204768
7,Sylas,6656,2055,3157,3089,0,3158,3364,MIDDLE,False,KR_6706204768
8,Sivir,0,3006,3087,3072,3071,6675,3363,BOTTOM,False,KR_6706204768
9,Nautilus,6667,3860,3066,3076,3047,1057,3364,UTILITY,False,KR_6706204768
0,Gragas,0,3165,3157,6656,3158,4630,3364,TOP,False,KR_6705784266
1,JarvanIV,3047,3026,0,6630,3161,0,3364,JUNGLE,False,KR_6705784266
2,Syndra,3089,4644,1082,3135,4645,3158,3364,MIDDLE,False,KR_6705784266
3,Kaisa,3124,3157,3089,3115,3135,3006,3363,BOTTOM,False,KR_6705784266
4,Alistar,2055,3109,3860,2421,3158,3001,3364,UTILITY,False,KR_6705784266
5,Jax,3111,3157,2055,6632,3161,1033,3340,TOP,True,KR_6705784266
6,Nidalee,4636,4645,3157,2055,3020,1058,3364,JUNGLE,True,KR_6705784266
7,Tristana,3031,3072,2421,3036,3111,6672,3363,MIDDLE,True,KR_6705784266
8,Xayah,3006,3156,3094,3095,3072,6675,3363,BOTTOM,True,KR_6705784266
9,Rakan,6667,3222,3860,4638,3111,3067,3364,UTILITY,True,KR_6705784266
0,Fiora,6630,1054,1001,0,0,0,3340,TOP,False,KR_6705754179
1,Gwen,0,0,2055,1028,3115,3111,3340,JUNGLE,False,KR_6705754179
2,Sion,2055,2031,1011,1054,3068,3158,3364,MIDDLE,False,KR_6705754179
3,Kaisa,3179,3134,1042,1001,1055,0,3363,BOTTOM,False,KR_6705754179
4,Karma,2055,3851,3067,3158,1052,1004,3364,UTILITY,False,KR_6705754179
5,Swain,3158,3116,1052,0,0,3070,3363,TOP,True,KR_6705754179
6,Neeko,3020,1101,2423,1082,3145,1026,3364,JUNGLE,True,KR_6705754179
7,Talon,6692,2031,3070,3117,3134,3123,3364,MIDDLE,True,KR_6705754179
8,Xayah,6672,1038,3006,1036,1036,1055,3363,BOTTOM,True,KR_6705754179
9,Alistar,2031,3111,3860,2055,3105,1028,3364,UTILITY,True,KR_6705754179
0,Kennen,3157,3152,2031,3135,2055,3020,3340,TOP,False,KR_6705617980
1,Viego,0,0,3111,3071,3091,6632,3364,JUNGLE,False,KR_6705617980
2,Leblanc,3087,6632,3158,3094,6670,2015,3364,MIDDLE,False,KR_6705617980
3,Lucian,2055,3508,1001,6675,6694,0,3363,BOTTOM,False,KR_6705617980
4,Rell,3860,3067,2055,0,6667,3158,3364,UTILITY,False,KR_6705617980
5,KSante,6662,3193,1028,3076,3111,3065,3364,TOP,True,KR_6705617980
6,Rammus,6660,2055,3047,1031,3075,6665,3364,JUNGLE,True,KR_6705617980
7,Tristana,3031,6672,1038,3006,1055,1053,3363,MIDDLE,True,KR_6705617980
8,Kaisa,3115,3124,3157,3020,3087,0,3363,BOTTOM,True,KR_6705617980
9,Rakan,3860,2065,0,8001,1028,3111,3364,UTILITY,True,KR_6705617980
0,Fiora,6630,1055,1001,3074,0,0,3363,TOP,False,KR_6705491807
1,Nidalee,1052,1082,0,3916,4636,3158,3364,JUNGLE,False,KR_6705491807
2,Aatrox,6630,2031,3111,3155,1054,1036,3364,MIDDLE,False,KR_6705491807
3,Caitlyn,6671,3094,0,0,3006,3095,3363,BOTTOM,False,KR_6705491807
4,Bard,3853,2031,2065,3117,0,1052,3364,UTILITY,False,KR_6705491807
5,Jax,3161,2421,0,1055,3047,6632,3340,TOP,True,KR_6705491807
6,Viego,6631,3071,3047,1037,1042,0,3364,JUNGLE,True,KR_6705491807
7,Orianna,6655,1082,3916,3020,3145,4645,3363,MIDDLE,True,KR_6705491807
8,Zeri,3087,2031,3006,1042,6675,0,3363,BOTTOM,True,KR_6705491807
9,Rakan,3860,2065,1011,3158,3067,0,3364,UTILITY,True,KR_6705491807
0,Irelia,3153,1036,0,2055,0,1001,3340,TOP,False,KR_6705109451
1,Elise,1101,3145,0,3020,3108,1082,3340,JUNGLE,False,KR_6705109451
2,Renekton,3047,2031,6029,1054,1042,3067,3364,MIDDLE,False,KR_6705109451
3,Draven,1055,1038,3051,1001,0,3057,3340,BOTTOM,False,KR_6705109451
4,Thresh,3158,3855,0,1011,1033,0,3364,UTILITY,False,KR_6705109451
5,Quinn,6671,2055,3006,0,3095,0,3363,MIDDLE,True,KR_6705109451
6,Sejuani,6660,1103,0,6667,3009,0,3364,JUNGLE,True,KR_6705109451
7,Yone,1054,6672,2031,3006,1055,1037,3364,TOP,True,KR_6705109451
8,Ashe,2010,3006,6672,1055,3067,3051,3363,BOTTOM,True,KR_6705109451
9,Braum,3047,3023,0,3855,2055,0,3364,UTILITY,True,KR_6705109451
0,Poppy,2033,6660,3067,3105,3111,1028,3340,TOP,False,KR_6704771171
1,Shaco,3068,2422,3076,0,0,3084,3364,JUNGLE,False,KR_6704771171
2,Ahri,1056,1052,6656,1082,3020,3916,3364,MIDDLE,False,KR_6704771171
3,Kaisa,2031,3124,3095,3006,1055,1042,3363,BOTTOM,False,KR_6704771171
4,Blitzcrank,2055,3859,2031,3067,3117,3802,3364,UTILITY,False,KR_6704771171
5,Gwen,1042,1026,4633,3047,3108,2055,3364,TOP,True,KR_6704771171
6,RekSai,3053,6630,3047,0,0,0,3513,JUNGLE,True,KR_6704771171
7,Briar,1037,1031,1055,3071,3047,6632,3364,MIDDLE,True,KR_6704771171
8,Neeko,1056,3152,1052,3020,1058,1028,3364,BOTTOM,True,KR_6704771171
9,Senna,3864,3179,0,3009,3134,3133,3364,UTILITY,True,KR_6704771171
0,Jax,3161,3047,6632,1052,0,0,3340,TOP,False,KR_6704435026
1,Rell,3109,6667,3158,1011,1029,0,3364,JUNGLE,False,KR_6704435026
2,Yone,6673,1031,2420,3006,3031,6672,3364,MIDDLE,False,KR_6704435026
3,Zeri,6675,3085,3035,3006,3087,1083,3363,BOTTOM,False,KR_6704435026
4,Lissandra,6667,3853,2055,3191,3158,3916,3364,UTILITY,False,KR_6704435026
5,Renekton,6630,6609,1055,3047,1028,1028,3364,TOP,True,KR_6704435026
6,Sylas,3157,3020,3041,4636,1058,1058,3364,JUNGLE,True,KR_6704435026
7,Tristana,3031,1055,3072,6672,0,3006,3363,MIDDLE,True,KR_6704435026
8,Xayah,0,0,3006,3046,6672,6675,3363,BOTTOM,True,KR_6704435026
9,Alistar,6667,3860,2055,3082,3111,1011,3364,UTILITY,True,KR_6704435026
0,Rengar,1055,6632,3047,3066,1031,1028,3340,TOP,True,KR_6704351470
1,Viego,0,0,3133,3078,6672,3047,3364,JUNGLE,True,KR_6704351470
2,Gragas,2055,4005,2420,6656,1056,3158,3364,MIDDLE,True,KR_6704351470
3,Samira,0,1037,1038,3047,6676,1055,3363,BOTTOM,True,KR_6704351470
4,Nautilus,2031,6667,3860,2055,3111,3067,3364,UTILITY,True,KR_6704351470
5,Ezreal,3158,3078,1036,3133,1055,3070,3363,BOTTOM,False,KR_6704351470
6,Nidalee,2055,3152,3158,1101,3145,1082,3364,JUNGLE,False,KR_6704351470
7,Leblanc,2031,3087,3108,3111,1082,1052,3340,MIDDLE,False,KR_6704351470
8,Jax,6632,3133,1028,1054,0,1001,3364,TOP,False,KR_6704351470
9,Karma,2065,3853,3114,3158,0,3113,3364,UTILITY,False,KR_6704351470
0,Renekton,6630,2031,1054,3071,0,3047,3364,TOP,False,KR_6704292481
1,Nidalee,2055,3157,0,1082,4636,3020,3364,JUNGLE,False,KR_6704292481
2,Tristana,6675,6672,0,3006,1055,0,3363,MIDDLE,False,KR_6704292481
3,Aphelios,6671,1018,6672,1083,0,3006,3363,BOTTOM,False,KR_6704292481
4,TahmKench,3190,2031,3860,2055,3047,1028,3364,UTILITY,False,KR_6704292481
5,Darius,6631,6333,3047,3082,1011,0,3364,TOP,True,KR_6704292481
6,Karthus,3157,6653,2055,1082,3020,0,3364,JUNGLE,True,KR_6704292481
7,Yone,3006,1054,1018,3153,1037,1053,3364,MIDDLE,True,KR_6704292481
8,Senna,3864,0,1018,3009,3179,3095,3364,UTILITY,True,KR_6704292481
9,Nautilus,3068,6665,0,1054,0,3047,3363,BOTTOM,True,KR_6704292481
0,Poppy,3068,2033,3044,1028,3047,0,3364,TOP,True,KR_6704200725
1,JarvanIV,0,6630,2055,1036,3110,3047,3364,JUNGLE,True,KR_6704200725
2,Leblanc,1058,3087,1052,3020,4636,1082,3364,MIDDLE,True,KR_6704200725
3,Kaisa,3095,2421,6672,1055,3124,3006,3363,BOTTOM,True,KR_6704200725
4,Rell,0,3860,3001,3047,1028,0,3364,UTILITY,True,KR_6704200725
5,Gnar,3053,3078,0,3047,0,0,3364,TOP,False,KR_6704200725
6,Ivern,3504,0,6617,3158,0,1082,3364,JUNGLE,False,KR_6704200725
7,Tristana,1055,2031,3133,3006,3087,1018,3363,MIDDLE,False,KR_6704200725
8,Jinx,6671,3095,3006,2055,3035,0,3363,BOTTOM,False,KR_6704200725
9,Thresh,2065,3111,3857,2055,1028,3067,3364,UTILITY,False,KR_6704200725
0,Diana,2031,1082,3020,1056,3145,1052,3340,TOP,False,KR_6704148683
1,Rell,1102,3001,0,1001,6660,0,3364,JUNGLE,False,KR_6704148683
2,Sylas,6656,0,2055,1056,3020,1082,3364,MIDDLE,False,KR_6704148683
3,Ezreal,1055,0,1036,2422,3070,3078,3340,BOTTOM,False,KR_6704148683
4,Renata,3853,1011,3105,1001,2031,2055,3364,UTILITY,False,KR_6704148683
5,Darius,1054,6631,2031,3111,0,0,3364,TOP,True,KR_6704148683
6,Nidalee,3152,0,0,1082,1101,3158,3364,JUNGLE,True,KR_6704148683
7,Tristana,1038,1055,6672,3006,0,0,3363,MIDDLE,True,KR_6704148683
8,Kaisa,1055,3115,1037,2422,0,3087,3363,BOTTOM,True,KR_6704148683
9,Alistar,2031,3111,3859,2055,1011,3105,3364,UTILITY,True,KR_6704148683
0,Singed,4637,3116,3111,6657,4401,0,3340,TOP,False,KR_6703561067
1,Poppy,0,3158,3190,8020,3068,1057,3364,JUNGLE,False,KR_6703561067
2,Jayce,3042,2055,3134,6694,3111,6692,3363,MIDDLE,False,KR_6703561067
3,Caitlyn,1055,3087,3006,3031,3035,1018,3363,BOTTOM,False,KR_6703561067
4,Neeko,3152,3853,0,3108,2421,3158,3364,UTILITY,False,KR_6703561067
5,KSante,3076,1011,3193,6662,3068,3111,3364,TOP,True,KR_6703561067
6,LeeSin,6630,2420,0,3053,3111,3071,3340,JUNGLE,True,KR_6703561067
7,Syndra,6655,3089,4645,0,3020,0,3363,MIDDLE,True,KR_6703561067
8,Kaisa,3115,2421,4630,3087,3124,3020,3363,BOTTOM,True,KR_6703561067
9,Blitzcrank,2055,2065,3860,3117,3742,3066,3364,UTILITY,True,KR_6703561067
0,Rumble,1052,4636,4637,2421,3916,3020,3363,TOP,True,KR_6703451745
1,Poppy,3158,3068,3193,6665,0,0,3364,JUNGLE,True,KR_6703451745
2,Leblanc,3087,6632,2015,3095,3158,3134,3364,MIDDLE,True,KR_6703451745
3,Xayah,6672,3006,6675,3036,3046,1055,3363,BOTTOM,True,KR_6703451745
4,Nautilus,6667,3859,3075,0,0,3047,3364,UTILITY,True,KR_6703451745
5,Volibear,1056,8001,3111,4635,1029,1011,3364,TOP,False,KR_6703451745
6,LeeSin,2420,6630,3109,3111,3067,3211,3340,JUNGLE,False,KR_6703451745
7,Sylas,2031,6656,3108,3020,2055,4645,3364,MIDDLE,False,KR_6703451745
8,Kaisa,1036,6675,3095,1055,6672,3006,3363,BOTTOM,False,KR_6703451745
9,Rell,6667,3111,3860,2055,3067,1033,3364,UTILITY,False,KR_6703451745
0,Irelia,2055,6665,3153,3111,1036,1033,3363,TOP,False,KR_6702840828
1,Viego,3111,1037,3071,3044,3078,0,3364,JUNGLE,False,KR_6702840828
2,Vex,1058,6655,3157,1058,1082,3020,3364,MIDDLE,False,KR_6702840828
3,Aphelios,6671,3155,1018,3006,3095,3072,3363,BOTTOM,False,KR_6702840828
4,Thresh,2065,3047,3857,2055,3012,3114,3364,UTILITY,False,KR_6702840828
5,Kennen,1058,3152,3157,4645,0,3020,3364,TOP,True,KR_6702840828
6,LeeSin,6630,2421,1038,3047,3071,3156,3340,JUNGLE,True,KR_6702840828
7,Tristana,3031,6672,2055,3006,1055,3036,3363,MIDDLE,True,KR_6702840828
8,Kaisa,3087,1055,3124,3115,1001,1052,3363,BOTTOM,True,KR_6702840828
9,Blitzcrank,3860,6656,0,2421,0,3117,3364,UTILITY,True,KR_6702840828
0,Aatrox,1055,3133,1036,3047,6630,3067,3340,TOP,False,KR_6702752421
1,Viego,1103,6632,3133,3067,2055,2422,3364,JUNGLE,False,KR_6702752421
2,Lissandra,3102,6656,2033,3158,1052,3916,3364,MIDDLE,False,KR_6702752421
3,Xayah,6672,3133,3006,1055,1018,1038,3363,BOTTOM,False,KR_6702752421
4,Neeko,3152,3853,2031,3158,0,0,3364,UTILITY,False,KR_6702752421
5,Kaisa,1055,3006,1043,6670,3124,3179,3363,BOTTOM,True,KR_6702752421
6,LeeSin,6630,6333,2055,3071,3047,0,3340,JUNGLE,True,KR_6702752421
7,Leblanc,4636,3087,2055,1058,1082,3111,3364,MIDDLE,True,KR_6702752421
8,Renekton,2055,2031,6630,3071,3047,0,3364,TOP,True,KR_6702752421
9,Blitzcrank,2055,2065,3859,3117,3114,3012,3364,UTILITY,True,KR_6702752421
0,KSante,6662,8001,3075,8020,3047,1054,3340,TOP,True,KR_6702682375
1,LeeSin,0,6630,3053,3071,6333,3047,3340,JUNGLE,True,KR_6702682375
2,Azir,1056,3157,4645,4644,3115,3020,3364,MIDDLE,True,KR_6702682375
3,Varus,1055,3142,3814,3042,3158,6694,3363,BOTTOM,True,KR_6702682375
4,Ashe,2065,3864,2420,3158,3179,4005,3364,UTILITY,True,KR_6702682375
5,Illaoi,3181,3053,6662,1033,1029,1001,3340,TOP,False,KR_6702682375
6,Elise,3152,3020,4645,3115,1052,0,3364,JUNGLE,False,KR_6702682375
7,Zed,3133,3077,3158,6692,6694,3179,3364,MIDDLE,False,KR_6702682375
8,Sivir,3006,6673,0,6672,6675,3036,3363,BOTTOM,False,KR_6702682375
9,Pyke,3857,2055,3134,3179,3158,3133,3364,UTILITY,False,KR_6702682375
0,Shen,1054,1011,3077,3076,3084,3047,3363,TOP,True,KR_6702193241
1,LeeSin,6630,3071,3161,3111,0,0,3340,JUNGLE,True,KR_6702193241
2,Azir,4644,1082,3108,3020,1026,1056,3364,MIDDLE,True,KR_6702193241
3,Zeri,6675,3072,3087,3006,1036,0,3363,BOTTOM,True,KR_6702193241
4,Rakan,3860,2065,0,3158,1028,3023,3364,UTILITY,True,KR_6702193241
5,Rengar,1054,6632,2055,3077,1001,3133,3364,TOP,False,KR_6702193241
6,Khazix,3134,3158,1101,2055,3814,6692,3364,JUNGLE,False,KR_6702193241
7,Leblanc,1082,3087,4636,3158,0,0,3364,MIDDLE,False,KR_6702193241
8,Draven,0,3078,1037,3134,3006,1055,3363,BOTTOM,False,KR_6702193241
9,Lulu,2065,3853,2055,3113,3114,3158,3364,UTILITY,False,KR_6702193241
0,Quinn,6671,1043,3047,3095,3051,1033,3340,TOP,False,KR_6702150711
1,Taliyah,2055,6655,4645,4630,0,3020,3364,JUNGLE,False,KR_6702150711
2,Leblanc,4636,3087,1082,3158,3108,3113,3340,MIDDLE,False,KR_6702150711
3,Ezreal,1055,3078,3042,3024,0,3158,3363,BOTTOM,False,KR_6702150711
4,Lulu,3853,2065,0,3158,1052,0,3364,UTILITY,False,KR_6702150711
5,Aatrox,1037,3071,3155,0,6691,3047,3364,TOP,True,KR_6702150711
6,Gwen,3145,3158,0,3115,4633,3102,3364,JUNGLE,True,KR_6702150711
7,Alistar,0,3860,1028,3001,3023,3158,3364,UTILITY,True,KR_6702150711
8,Tristana,6675,3006,1055,1038,3087,1053,3363,MIDDLE,True,KR_6702150711
9,Aphelios,1055,3006,6671,3072,0,3095,3363,BOTTOM,True,KR_6702150711
0,Kindred,6631,1037,1036,3155,3087,3158,3364,JUNGLE,False,KR_6699733330
1,Jax,6632,2420,3071,1054,0,3047,3363,TOP,False,KR_6699733330
2,Vex,1058,6656,3157,3158,2055,1058,3364,MIDDLE,False,KR_6699733330
3,Kaisa,1055,3006,6672,6675,1043,1042,3363,BOTTOM,False,KR_6699733330
4,Rell,6667,1028,3860,2055,3158,3067,3364,UTILITY,False,KR_6699733330
5,Qiyana,6691,3042,6694,1036,1036,3158,3364,TOP,True,KR_6699733330
6,LeeSin,6630,3071,2055,3111,3044,1028,3340,JUNGLE,True,KR_6699733330
7,Taliyah,1058,6655,2420,3020,3040,1058,3363,MIDDLE,True,KR_6699733330
8,Aphelios,6676,6691,6696,3006,0,0,3363,BOTTOM,True,KR_6699733330
9,Thresh,3860,3190,0,3023,0,3158,3364,UTILITY,True,KR_6699733330
0,Rengar,1054,3158,3074,1029,2055,3066,3340,TOP,False,KR_6699465203
1,Gwen,4635,3115,2055,1103,1082,2422,3364,JUNGLE,False,KR_6699465203
2,Yone,1054,2031,1038,1018,3006,6672,3340,MIDDLE,False,KR_6699465203
3,Kaisa,6672,3006,6675,2055,0,0,3363,BOTTOM,False,KR_6699465203
4,Rell,1011,3105,3859,0,0,3158,3364,UTILITY,False,KR_6699465203
5,Azir,3145,2421,1029,3020,4644,3115,3363,TOP,True,KR_6699465203
6,Viego,1043,3078,0,6670,3047,0,3364,JUNGLE,True,KR_6699465203
7,KSante,2031,6662,3105,3047,1054,1033,3364,MIDDLE,True,KR_6699465203
8,Ezreal,2055,3078,3158,3042,0,1055,3363,BOTTOM,True,KR_6699465203
9,Bard,3190,2055,3853,1028,0,3117,3364,UTILITY,True,KR_6699465203
0,Leblanc,3157,0,1056,6653,3135,3020,3364,TOP,False,KR_6699422486
1,Vi,3161,2420,2055,6632,3158,3044,3364,JUNGLE,False,KR_6699422486
2,Azir,3115,4644,2055,3135,1058,3020,3340,MIDDLE,False,KR_6699422486
3,Ezreal,3042,3078,6694,3158,1036,1036,3363,BOTTOM,False,KR_6699422486
4,Rell,2055,1028,3860,3082,6667,3158,3364,UTILITY,False,KR_6699422486
5,Malphite,3157,8020,6662,1028,0,3158,3364,TOP,True,KR_6699422486
6,Gwen,2055,3157,3115,3041,4633,3158,3364,JUNGLE,True,KR_6699422486
7,Tristana,0,0,6675,3111,3072,6672,3363,MIDDLE,True,KR_6699422486
8,Aphelios,1053,3031,3006,3095,3026,0,3363,BOTTOM,True,KR_6699422486
9,Alistar,3860,6667,2055,3109,3158,0,3364,UTILITY,True,KR_6699422486
0,KSante,1054,6662,2422,3075,0,1029,3364,TOP,True,KR_6699400510
1,Viego,0,2420,2055,6632,3047,3071,3364,JUNGLE,True,KR_6699400510
2,Azir,2031,6655,2055,3020,1056,3115,3340,MIDDLE,True,KR_6699400510
3,Aphelios,1083,3006,6671,2055,1018,3095,3363,BOTTOM,True,KR_6699400510
4,Lulu,3504,2065,3853,2055,0,3158,3364,UTILITY,True,KR_6699400510
5,Aatrox,2055,3047,6630,1054,3067,3133,3340,TOP,False,KR_6699400510
6,JarvanIV,3133,2055,6630,1028,1103,2422,3364,JUNGLE,False,KR_6699400510
7,Orianna,1056,3145,6655,3020,0,0,3364,MIDDLE,False,KR_6699400510
8,Xayah,1038,0,2031,3006,3133,6672,3363,BOTTOM,False,KR_6699400510
9,Rakan,3859,3158,0,3105,1011,0,3364,UTILITY,False,KR_6699400510
0,Gnar,3078,3067,3133,3047,1036,1055,3363,TOP,True,KR_6699370875
1,Taliyah,0,2421,3020,1052,6653,1082,3364,JUNGLE,True,KR_6699370875
2,Tristana,6672,3031,3072,1036,1055,3006,3363,MIDDLE,True,KR_6699370875
3,Kalista,3124,3085,1038,3006,3153,1055,3363,BOTTOM,True,KR_6699370875
4,Nautilus,3860,6667,0,3023,1028,3158,3364,UTILITY,True,KR_6699370875
5,Jax,3158,6632,1036,1036,1054,2055,3340,TOP,False,KR_6699370875
6,Gwen,1103,3115,3158,3108,3145,1052,3340,JUNGLE,False,KR_6699370875
7,Jayce,3042,2055,3158,6692,3133,1036,3363,MIDDLE,False,KR_6699370875
8,Draven,3006,6672,1037,1038,1055,1036,3363,BOTTOM,False,KR_6699370875
9,Lulu,0,2065,3860,2055,3114,3158,3364,UTILITY,False,KR_6699370875
0,Renekton,2420,6630,3156,2055,3075,3111,3364,TOP,True,KR_6699345935
1,Rumble,4637,4636,2055,3165,1082,3158,3364,JUNGLE,True,KR_6699345935
2,Tristana,3031,3006,0,1018,1055,6672,3363,MIDDLE,True,KR_6699345935
3,Kaisa,3087,3124,0,3115,3020,0,3363,BOTTOM,True,KR_6699345935
4,Rakan,3860,6667,0,3076,0,3158,3364,UTILITY,True,KR_6699345935
5,Akali,3916,3152,3157,0,3020,0,3364,TOP,False,KR_6699345935
6,Vi,2055,6630,1029,3082,3161,3111,3364,JUNGLE,False,KR_6699345935
7,Sylas,6656,3157,0,4645,3020,1082,3364,MIDDLE,False,KR_6699345935
8,Kalista,3124,2055,3086,3006,3153,1055,3363,BOTTOM,False,KR_6699345935
9,Lulu,3114,2065,3853,2055,3504,3158,3364,UTILITY,False,KR_6699345935
0,Gangplank,2033,3161,3044,1037,3078,3047,3340,TOP,False,KR_6699128154
1,Udyr,6665,1082,4637,3111,3082,0,3364,JUNGLE,False,KR_6699128154
2,Orianna,1056,3108,4645,0,3020,6653,3363,MIDDLE,False,KR_6699128154
3,Kaisa,6672,6675,1043,1055,3006,1042,3363,BOTTOM,False,KR_6699128154
4,Rakan,2055,3859,0,6667,3111,0,3364,UTILITY,False,KR_6699128154
5,Renekton,3047,6630,0,3053,0,0,3363,TOP,True,KR_6699128154
6,FiddleSticks,4645,2055,1082,4644,3135,3020,3330,JUNGLE,True,KR_6699128154
7,Tristana,3072,6672,3035,3031,1055,3006,3363,MIDDLE,True,KR_6699128154
8,Xayah,1038,6675,1036,6672,1055,3006,3363,BOTTOM,True,KR_6699128154
9,Nautilus,3857,3001,2055,3111,3023,3024,3364,UTILITY,True,KR_6699128154
0,Akali,0,3916,0,4633,4637,3020,3364,TOP,True,KR_6699092936
1,JarvanIV,3161,3082,6630,0,3158,0,3364,JUNGLE,True,KR_6699092936
2,Ryze,6656,0,2055,1082,3040,3020,3363,MIDDLE,True,KR_6699092936
3,Zeri,3006,3087,6673,6675,1042,1055,3363,BOTTOM,True,KR_6699092936
4,Alistar,3860,6667,0,0,0,3117,3364,UTILITY,True,KR_6699092936
5,Renekton,3133,3067,2055,6630,1083,3111,3364,TOP,False,KR_6699092936
6,LeeSin,6630,3067,2055,0,3158,1037,3340,JUNGLE,False,KR_6699092936
7,Ziggs,6653,2031,3020,1058,3145,1056,3363,MIDDLE,False,KR_6699092936
8,Kaisa,3006,1083,6672,1038,3133,0,3363,BOTTOM,False,KR_6699092936
9,Nautilus,3860,2055,6667,0,3111,0,3364,UTILITY,False,KR_6699092936
0,Gnar,3091,3181,3047,3044,3078,0,3364,TOP,True,KR_6699064763
1,LeeSin,0,6630,2420,1031,3071,3047,3340,JUNGLE,True,KR_6699064763
2,TwistedFate,3157,2015,2033,6656,1082,3111,3340,MIDDLE,True,KR_6699064763
3,Tristana,3006,2421,0,6672,6675,6673,3363,BOTTOM,True,KR_6699064763
4,Taliyah,0,6656,3853,1052,3116,3020,3364,UTILITY,True,KR_6699064763
5,Renekton,3053,6631,0,0,3047,0,3364,TOP,False,KR_6699064763
6,Khazix,2055,6692,3814,3179,0,3158,3364,JUNGLE,False,KR_6699064763
7,Azir,0,3020,3157,3135,0,6655,3363,MIDDLE,False,KR_6699064763
8,Ziggs,1026,4630,3040,4644,1082,3020,3363,BOTTOM,False,KR_6699064763
9,Pyke,3857,3134,2055,3117,3179,0,3364,UTILITY,False,KR_6699064763
0,Jax,3157,2055,6632,3047,3161,3024,3340,TOP,True,KR_6698256793
1,LeeSin,6630,3026,2055,1028,3047,3071,3340,JUNGLE,True,KR_6698256793
2,Taliyah,3089,3040,3157,3020,4630,6655,3363,MIDDLE,True,KR_6698256793
3,Zeri,2421,1053,3087,3085,6675,3006,3363,BOTTOM,True,KR_6698256793
4,Rell,3860,0,0,3109,6667,3158,3364,UTILITY,True,KR_6698256793
5,Renekton,3111,3026,6630,3044,3071,3105,3364,TOP,False,KR_6698256793
6,Viego,3071,3026,2055,3047,6333,3078,3364,JUNGLE,False,KR_6698256793
7,Azir,3157,1058,6653,1058,3020,0,3363,MIDDLE,False,KR_6698256793
8,Aphelios,2055,3036,6671,3006,6672,1053,3363,BOTTOM,False,KR_6698256793
9,Nautilus,6667,3860,2055,3023,3111,1028,3364,UTILITY,False,KR_6698256793
0,Rumble,4645,4636,3047,0,0,0,3364,TOP,False,KR_6697830848
1,Karthus,3102,3020,3135,6653,4645,0,3364,JUNGLE,False,KR_6697830848
2,Akshan,3047,2055,1036,3153,3091,1036,3363,MIDDLE,False,KR_6697830848
3,Kaisa,3006,3124,2421,3072,3095,3091,3363,BOTTOM,False,KR_6697830848
4,Alistar,3860,3076,2055,1028,3047,6667,3364,UTILITY,False,KR_6697830848
5,Yasuo,0,2420,6671,3006,6672,3155,3363,TOP,True,KR_6697830848
6,Nidalee,2421,4645,4636,3041,4630,3020,3364,JUNGLE,True,KR_6697830848
7,Gragas,6656,1026,3157,3158,3040,1082,3364,MIDDLE,True,KR_6697830848
8,Xayah,3072,3006,6672,6675,3156,0,3363,BOTTOM,True,KR_6697830848
9,Blitzcrank,3117,3859,6656,0,3066,1033,3364,UTILITY,True,KR_6697830848
0,KSante,2055,3068,3075,6662,3047,1057,3364,TOP,True,KR_6696646622
1,JarvanIV,3161,2420,6630,1033,3158,1028,3364,JUNGLE,True,KR_6696646622
2,Vex,3089,2033,2421,3020,4645,6655,3364,MIDDLE,True,KR_6696646622
3,Aphelios,3095,3031,2420,3036,0,3006,3363,BOTTOM,True,KR_6696646622
4,Nautilus,3012,3190,3114,3860,2055,3111,3364,UTILITY,True,KR_6696646622
5,Olaf,6630,3211,3067,1055,3053,3047,3364,TOP,False,KR_6696646622
6,Poppy,3143,6632,2055,3047,1057,0,3364,JUNGLE,False,KR_6696646622
7,Leblanc,1052,3087,2055,4636,3089,3111,3364,MIDDLE,False,KR_6696646622
8,Kaisa,1055,2055,3020,3087,3124,3115,3363,BOTTOM,False,KR_6696646622
9,Alistar,3860,2055,2031,1011,6667,3158,3364,UTILITY,False,KR_6696646622
0,KSante,0,2055,3143,1029,3047,6662,3340,TOP,False,KR_6696627636
1,JarvanIV,3161,2055,6630,3024,3158,1103,3364,JUNGLE,False,KR_6696627636
2,Orianna,3040,6655,2055,1058,1056,3158,3363,MIDDLE,False,KR_6696627636
3,Aphelios,1083,6672,3006,2031,3134,1037,3340,BOTTOM,False,KR_6696627636
4,Thresh,3857,6667,2055,3158,0,0,3364,UTILITY,False,KR_6696627636
5,Gnar,3047,0,2055,3181,3071,3078,3363,TOP,True,KR_6696627636
6,Sylas,4629,2420,1082,3020,4645,4636,3364,JUNGLE,True,KR_6696627636
7,Jayce,3042,0,3111,6694,1054,6691,3364,MIDDLE,True,KR_6696627636
8,Nilah,6673,6676,6675,1018,1055,3006,3363,BOTTOM,True,KR_6696627636
9,Rakan,3111,6667,3012,3860,2055,1004,3364,UTILITY,True,KR_6696627636
0,KSante,6662,3143,3065,3047,0,0,3364,TOP,True,KR_6696598033
1,JarvanIV,0,3157,6630,3161,3158,1028,3364,JUNGLE,True,KR_6696598033
2,Orianna,3089,1052,6655,3157,0,3158,3363,MIDDLE,True,KR_6696598033
3,Alistar,2055,6667,3860,3158,1011,3067,3364,UTILITY,True,KR_6696598033
4,Xayah,6675,6672,1038,3006,1053,0,3363,BOTTOM,True,KR_6696598033
5,Renekton,1031,6630,2421,3071,3047,0,3364,TOP,False,KR_6696598033
6,Karthus,2421,4645,0,1082,3020,6653,3364,JUNGLE,False,KR_6696598033
7,Jayce,3158,6691,2055,6694,1036,3042,3363,MIDDLE,False,KR_6696598033
8,Kaisa,1055,6672,6675,3006,3035,1018,3363,BOTTOM,False,KR_6696598033
9,Rell,3860,2055,2031,3158,1011,6667,3364,UTILITY,False,KR_6696598033
0,KSante,1054,3105,3068,3047,1033,6662,3364,TOP,True,KR_6696553466
1,Belveth,3161,8020,6631,2055,3047,0,3364,JUNGLE,True,KR_6696553466
2,Vex,6655,1058,3020,3157,3145,3041,3363,MIDDLE,True,KR_6696553466
3,Seraphine,3067,6653,3158,3116,3070,1056,3363,BOTTOM,True,KR_6696553466
4,Rell,3860,2420,6667,2055,3067,3158,3364,UTILITY,True,KR_6696553466
5,Poppy,1055,2033,3068,3111,3105,3067,3364,TOP,False,KR_6696553466
6,Khazix,0,3179,3111,3133,6692,3035,3364,JUNGLE,False,KR_6696553466
7,Leblanc,2031,3087,1058,4636,1082,3111,3364,MIDDLE,False,KR_6696553466
8,Zeri,1018,6675,3087,3006,1036,0,3363,BOTTOM,False,KR_6696553466
9,Alistar,3860,6667,2055,0,0,3158,3364,UTILITY,False,KR_6696553466
0,KSante,1054,3076,6662,3047,1028,0,3364,TOP,False,KR_6696528154
1,Taliyah,1101,2420,6655,1082,3020,1052,3364,JUNGLE,False,KR_6696528154
2,Viego,2031,1054,3153,3111,3067,0,3364,MIDDLE,False,KR_6696528154
3,Aphelios,3086,6672,1038,3006,0,0,3363,BOTTOM,False,KR_6696528154
4,Lulu,2031,3853,0,3158,3067,4642,3364,UTILITY,False,KR_6696528154
5,Rengar,2031,6630,1031,3066,1028,3158,3364,TOP,True,KR_6696528154
6,Belveth,0,3047,6672,0,3067,3051,3364,JUNGLE,True,KR_6696528154
7,Gragas,6656,3070,2055,3158,1056,1058,3340,MIDDLE,True,KR_6696528154
8,Xayah,6672,3006,6675,1053,0,0,3340,BOTTOM,True,KR_6696528154
9,Rell,3859,2031,6667,1028,0,3111,3364,UTILITY,True,KR_6696528154
0,KSante,1054,1031,6662,3047,6660,0,3340,TOP,False,KR_6695848756
1,Khazix,3814,3179,2055,3158,0,6692,3364,JUNGLE,False,KR_6695848756
2,Gragas,1082,3157,2055,0,3158,6656,3363,MIDDLE,False,KR_6695848756
3,Kaisa,6677,0,1055,3087,3115,3020,3363,BOTTOM,False,KR_6695848756
4,Nautilus,3001,3860,2055,3158,1028,0,3364,UTILITY,False,KR_6695848756
5,Aatrox,3071,6630,2055,0,0,3047,3364,TOP,True,KR_6695848756
6,Viego,3078,2055,3047,3071,1028,1033,3364,JUNGLE,True,KR_6695848756
7,Taliyah,3040,1052,1058,3020,1056,6655,3363,MIDDLE,True,KR_6695848756
8,Xayah,2055,3006,1055,6675,0,6672,3363,BOTTOM,True,KR_6695848756
9,Rakan,2031,3860,2055,3067,6667,3111,3364,UTILITY,True,KR_6695848756
0,Udyr,3076,4637,3009,1082,1033,1056,3364,TOP,False,KR_6695419526
1,LeeSin,6630,3071,2055,1036,3111,0,3340,JUNGLE,False,KR_6695419526
2,Qiyana,2031,3155,3134,1001,6691,1036,3364,MIDDLE,False,KR_6695419526
3,Ezreal,2031,3070,3078,2422,3133,1055,3363,BOTTOM,False,KR_6695419526
4,Karma,3853,4636,0,3145,0,3020,3364,UTILITY,False,KR_6695419526
5,Aatrox,6630,2031,1036,1054,3161,3158,3364,TOP,True,KR_6695419526
6,Khazix,3158,3179,6692,1102,3814,0,3513,JUNGLE,True,KR_6695419526
7,Rumble,3152,1052,0,3020,1056,1082,3364,MIDDLE,True,KR_6695419526
8,Cassiopeia,3040,6657,1082,2055,0,0,3363,BOTTOM,True,KR_6695419526
9,Rakan,2055,2065,3859,2031,1011,3158,3364,UTILITY,True,KR_6695419526
0,Pantheon,3161,6691,2055,6694,3071,3047,3364,MIDDLE,False,KR_6695327476
1,Ivern,3107,2421,1052,3011,6617,3158,3364,JUNGLE,False,KR_6695327476
2,Akali,3074,4633,1054,4630,1082,3020,3364,TOP,False,KR_6695327476
3,Zeri,3046,3026,3006,6675,6673,3087,3363,BOTTOM,False,KR_6695327476
4,Lulu,3853,2065,2055,3504,1028,3158,3364,UTILITY,False,KR_6695327476
5,KSante,6662,3193,1054,3075,3111,1011,3364,TOP,True,KR_6695327476
6,Karthus,6653,4645,3135,3165,1082,3020,3364,JUNGLE,True,KR_6695327476
7,Irelia,3082,3047,1054,3091,3001,3153,3340,MIDDLE,True,KR_6695327476
8,Nilah,3072,6673,6676,6691,3134,3006,3364,BOTTOM,True,KR_6695327476
9,Rakan,3067,2065,3860,3050,1011,3158,3364,UTILITY,True,KR_6695327476
0,Pantheon,3047,6692,3071,3133,3814,1037,3340,TOP,True,KR_6695239927
1,JarvanIV,8020,6630,1029,1029,3158,3161,3364,JUNGLE,True,KR_6695239927
2,Lux,4644,4645,4630,3020,1082,3089,3363,MIDDLE,True,KR_6695239927
3,Xayah,3036,3006,0,6675,6672,0,3363,BOTTOM,True,KR_6695239927
4,Rakan,3860,6667,2055,3158,1011,3067,3364,UTILITY,True,KR_6695239927
5,KSante,2055,3193,6662,3047,3068,1029,3364,TOP,False,KR_6695239927
6,Karthus,4645,3157,1058,6653,2055,3020,3364,JUNGLE,False,KR_6695239927
7,Yone,6673,1038,1037,6672,1018,3006,3364,MIDDLE,False,KR_6695239927
8,Kaisa,3124,3087,3020,3115,0,0,3363,BOTTOM,False,KR_6695239927
9,Nautilus,3860,3067,2055,6667,0,3047,3364,UTILITY,False,KR_6695239927
0,KSante,2055,1033,3111,6665,3105,1054,3364,TOP,False,KR_6695179272
1,Khazix,3111,3134,3179,2055,3133,0,3364,JUNGLE,False,KR_6695179272
2,Sylas,6656,1082,3157,3158,1054,1052,3364,MIDDLE,False,KR_6695179272
3,Leona,1028,3067,3855,3001,0,3158,3364,UTILITY,False,KR_6695179272
4,Ezreal,3155,3078,3042,6694,1037,3158,3363,BOTTOM,False,KR_6695179272
5,Rumble,3152,1082,1058,3135,1058,3020,3364,TOP,True,KR_6695179272
6,LeeSin,2421,6630,1001,1031,6333,3134,3340,JUNGLE,True,KR_6695179272
7,Ahri,6656,4628,2421,1056,3158,3916,3364,MIDDLE,True,KR_6695179272
8,Xayah,2422,6672,6675,3046,1053,1055,3363,BOTTOM,True,KR_6695179272
9,Rakan,6667,3860,2055,3114,3111,3916,3364,UTILITY,True,KR_6695179272
0,Warwick,1055,3111,3091,3067,3105,0,3364,TOP,False,KR_6695127521
1,Nunu,1057,3107,2055,3111,6660,6667,3364,JUNGLE,False,KR_6695127521
2,Alistar,3860,3009,2055,6667,3067,1057,3364,UTILITY,False,KR_6695127521
3,Ezreal,1055,3035,3078,3158,3042,1036,3363,BOTTOM,False,KR_6695127521
4,Zoe,6655,3135,0,1056,1082,3020,3364,MIDDLE,False,KR_6695127521
5,Udyr,6665,4637,3111,0,3916,1056,3364,TOP,True,KR_6695127521
6,Vi,8020,0,2421,3111,1029,6632,3364,JUNGLE,True,KR_6695127521
7,Azir,3102,3020,3135,1082,6655,0,3364,MIDDLE,True,KR_6695127521
8,Sivir,1083,3006,3046,6675,3123,3087,3363,BOTTOM,True,KR_6695127521
9,Blitzcrank,3857,6656,0,0,1028,3117,3364,UTILITY,True,KR_6695127521
0,KSante,6662,3193,3075,2055,3047,0,3364,TOP,True,KR_6694596425
1,LeeSin,6630,3026,0,3111,3071,3044,3340,JUNGLE,True,KR_6694596425
2,Azir,3115,6655,2421,3089,3135,3020,3363,MIDDLE,True,KR_6694596425
3,Kaisa,2055,3089,3087,3020,3115,3124,3363,BOTTOM,True,KR_6694596425
4,Alistar,6667,1011,3860,2055,3067,3158,3364,UTILITY,True,KR_6694596425
5,Fiora,6632,3074,3047,3181,0,0,3364,TOP,False,KR_6694596425
6,Orianna,3089,3041,6653,3020,4629,4630,3363,MIDDLE,False,KR_6694596425
7,Viego,3071,2055,1031,2421,3078,3047,3364,JUNGLE,False,KR_6694596425
8,Ezreal,6694,3042,3026,3156,3078,3158,3363,BOTTOM,False,KR_6694596425
9,Rakan,3860,2065,2055,3107,3109,3111,3364,UTILITY,False,KR_6694596425
0,Poppy,3065,6665,1054,3067,0,3111,3364,TOP,False,KR_6694469808
1,JarvanIV,6630,3161,2055,3065,3158,0,3364,JUNGLE,False,KR_6694469808
2,Vex,6656,3135,1058,1056,3020,3165,3364,MIDDLE,False,KR_6694469808
3,Ezreal,2421,3156,3158,3078,3042,6694,3363,BOTTOM,False,KR_6694469808
4,Alistar,6667,3860,0,3023,3801,3111,3364,UTILITY,False,KR_6694469808
5,Swain,3193,3116,6657,0,1026,3047,3364,TOP,True,KR_6694469808
6,LeeSin,6630,3026,3071,2055,3111,3155,3340,JUNGLE,True,KR_6694469808
7,Leblanc,1058,3135,3111,3087,6655,1082,3364,MIDDLE,True,KR_6694469808
8,Kaisa,3139,6672,3026,3006,3046,6675,3363,BOTTOM,True,KR_6694469808
9,Rell,3860,3109,0,6667,3158,0,3364,UTILITY,True,KR_6694469808
0,Pantheon,3133,3067,0,3814,6692,3158,3364,TOP,True,KR_6693919206
1,Gragas,4645,0,2421,4636,3020,1082,3364,JUNGLE,True,KR_6693919206
2,Tristana,3111,6675,3035,3087,1038,1055,3364,MIDDLE,True,KR_6693919206
3,Rell,6667,2055,3860,3191,2421,3111,3364,UTILITY,True,KR_6693919206
4,Kaisa,6672,3026,0,3006,3095,3124,3363,BOTTOM,True,KR_6693919206
5,Singed,3742,3116,1082,3047,1028,3105,3340,TOP,False,KR_6693919206
6,Viego,1036,6632,2055,3071,1028,3047,3364,JUNGLE,False,KR_6693919206
7,Taliyah,6655,3020,1058,1052,1056,3040,3363,MIDDLE,False,KR_6693919206
8,Zeri,1055,2031,1036,6675,3087,3006,3363,BOTTOM,False,KR_6693919206
9,Rakan,6667,3860,2055,3801,1028,3111,3364,UTILITY,False,KR_6693919206
0,Kayle,3116,3006,4630,3115,4633,3091,3363,TOP,False,KR_6693835149
1,Ekko,3157,3100,3152,1052,4645,3111,3364,JUNGLE,False,KR_6693835149
2,Tristana,6675,3006,1031,6672,3072,3036,3364,MIDDLE,False,KR_6693835149
3,Kaisa,6675,6672,3036,3026,3046,3006,3363,BOTTOM,False,KR_6693835149
4,Rell,6667,3860,0,1028,3109,3158,3364,UTILITY,False,KR_6693835149
5,Renekton,3143,0,6630,3047,3071,3053,3364,TOP,True,KR_6693835149
6,Taliyah,3157,6653,3102,4645,3020,3135,3364,JUNGLE,True,KR_6693835149
7,Qiyana,6691,6694,1038,3158,6696,6693,3364,MIDDLE,True,KR_6693835149
8,Zeri,3085,3006,3026,6675,3087,3156,3363,BOTTOM,True,KR_6693835149
9,Poppy,3109,3047,3857,2421,3076,6667,3364,UTILITY,True,KR_6693835149
0,Gnar,3044,1028,3111,3078,0,2055,3340,TOP,False,KR_6693511794
1,Poppy,2055,8020,3143,3001,0,3111,3364,JUNGLE,False,KR_6693511794
2,Malphite,3068,3111,8020,2031,1033,0,3363,MIDDLE,False,KR_6693511794
3,Aphelios,2031,6671,6672,3006,1036,1036,3363,BOTTOM,False,KR_6693511794
4,Rakan,0,3111,3860,1028,2424,6667,3364,UTILITY,False,KR_6693511794
5,Azir,1056,3157,3108,3006,6653,3135,3363,TOP,True,KR_6693511794
6,Viego,2421,6632,3047,3071,0,0,3364,JUNGLE,True,KR_6693511794
7,Neeko,3152,2055,3157,3020,1082,3135,3340,MIDDLE,True,KR_6693511794
8,Kaisa,3006,6675,6672,3046,1036,1055,3363,BOTTOM,True,KR_6693511794
9,Nautilus,6667,2421,3860,1011,0,3111,3364,UTILITY,True,KR_6693511794
0,Tryndamere,6029,6672,3006,3051,1028,0,3364,TOP,False,KR_6693455060
1,Nidalee,4645,3020,4636,1082,3191,0,3364,JUNGLE,False,KR_6693455060
2,Jayce,2031,6691,2055,3042,3158,0,3340,MIDDLE,False,KR_6693455060
3,Nilah,1038,3047,6676,1036,1036,1055,3363,BOTTOM,False,KR_6693455060
4,Rell,6667,3860,1057,3158,0,0,3364,UTILITY,False,KR_6693455060
5,Rengar,3742,6630,3047,3067,0,0,3364,TOP,True,KR_6693455060
6,Khazix,3814,3179,0,0,2422,6692,3364,JUNGLE,True,KR_6693455060
7,Azir,4644,3115,3020,1082,4645,2055,3364,MIDDLE,True,KR_6693455060
8,Kaisa,6677,3087,0,1082,3020,3115,3363,BOTTOM,True,KR_6693455060
9,Pyke,3179,0,3855,3117,3134,1036,3364,UTILITY,True,KR_6693455060
0,Fiora,1037,1028,1036,6632,3047,3074,3364,TOP,True,KR_6693374032
1,Viego,2422,8020,2055,3078,3071,1028,3364,JUNGLE,True,KR_6693374032
2,Azir,3135,6653,1058,3115,1056,3020,3363,MIDDLE,True,KR_6693374032
3,Cassiopeia,3040,2421,6657,0,4629,3041,3363,BOTTOM,True,KR_6693374032
4,Rakan,3860,0,3107,6667,0,3158,3364,UTILITY,True,KR_6693374032
5,Kayle,1055,2421,4633,3115,3006,3091,3363,TOP,False,KR_6693374032
6,LeeSin,6630,3071,3111,2055,3155,1036,3340,JUNGLE,False,KR_6693374032
7,Akali,3152,2421,1082,4645,3916,3020,3364,MIDDLE,False,KR_6693374032
8,Nilah,6671,1036,1036,6673,6676,3111,3363,BOTTOM,False,KR_6693374032
9,Alistar,6667,3860,2055,3067,3111,0,3364,UTILITY,False,KR_6693374032
0,Kayle,1043,3006,3091,0,0,0,3363,TOP,False,KR_6693320431
1,Ivern,2065,1102,1028,3114,1082,3158,3364,JUNGLE,False,KR_6693320431
2,Leblanc,3087,3802,1026,0,3020,0,3364,MIDDLE,False,KR_6693320431
3,Caitlyn,2031,3087,3006,6671,0,0,3363,BOTTOM,False,KR_6693320431
4,Senna,3179,3864,0,3009,3133,3134,3364,UTILITY,False,KR_6693320431
5,Rumble,4636,4645,1058,3020,0,0,3364,TOP,True,KR_6693320431
6,LeeSin,0,6630,3161,0,0,3111,3340,JUNGLE,True,KR_6693320431
7,Azir,3108,6655,4645,1082,1056,3020,3340,MIDDLE,True,KR_6693320431
8,Kalista,3153,3124,2055,3006,0,0,3363,BOTTOM,True,KR_6693320431
9,Neeko,6656,3853,2055,3158,3916,0,3364,UTILITY,True,KR_6693320431
0,Irelia,3153,6630,0,3111,3161,1055,3363,TOP,True,KR_6693277191
1,Ivern,2065,3107,3222,2055,0,3158,3364,JUNGLE,True,KR_6693277191
2,Neeko,0,3152,3157,1056,3020,0,3364,MIDDLE,True,KR_6693277191
3,Kaisa,0,0,3006,3046,6672,6675,3363,BOTTOM,True,KR_6693277191
4,Rell,0,0,3860,3075,6667,3158,3364,UTILITY,True,KR_6693277191
5,Fiora,3074,3047,1036,1036,6632,1055,3363,TOP,False,KR_6693277191
6,Kindred,3078,2055,0,2422,6672,0,3364,JUNGLE,False,KR_6693277191
7,Vex,2033,6655,3157,1028,1082,3158,3363,MIDDLE,False,KR_6693277191
8,Zeri,6675,3006,1036,3087,0,0,3363,BOTTOM,False,KR_6693277191
9,Rakan,3860,6667,1028,0,0,3158,3364,UTILITY,False,KR_6693277191
0,Jayce,6694,6692,3042,3158,1055,1028,3363,TOP,True,KR_6693231001
1,Nunu,3111,3107,8001,6667,1082,3082,3364,JUNGLE,True,KR_6693231001
2,Vex,6656,0,3157,3020,1056,1058,3364,MIDDLE,True,KR_6693231001
3,Pyke,3857,3179,3117,6691,0,0,3364,UTILITY,True,KR_6693231001
4,Nilah,6673,2421,0,6675,6676,3006,3363,BOTTOM,True,KR_6693231001
5,Malphite,1056,3047,3068,6667,3076,1011,3363,TOP,False,KR_6693231001
6,Taliyah,4645,1058,1082,3020,6655,1058,3364,JUNGLE,False,KR_6693231001
7,Qiyana,6691,3158,6696,3133,0,0,3364,MIDDLE,False,KR_6693231001
8,Samira,1055,6676,1018,3031,3047,1036,3363,BOTTOM,False,KR_6693231001
9,Leona,3860,6667,0,0,3117,0,3364,UTILITY,False,KR_6693231001
0,Aatrox,6691,6694,3134,3047,1054,1036,3364,TOP,False,KR_6693185112
1,LeeSin,2421,2055,6630,2422,3161,0,3340,JUNGLE,False,KR_6693185112
2,Azir,0,3157,2055,3111,6653,3115,3363,MIDDLE,False,KR_6693185112
3,Xayah,3035,2055,1018,6672,6675,3047,3363,BOTTOM,False,KR_6693185112
4,Nautilus,3111,3190,3860,0,1011,3076,3364,UTILITY,False,KR_6693185112
5,Zed,3071,6692,3035,3158,1036,3074,3364,TOP,True,KR_6693185112
6,Zac,6667,0,1082,3075,3068,3158,3364,JUNGLE,True,KR_6693185112
7,Syndra,3089,6655,0,1082,3020,3135,3340,MIDDLE,True,KR_6693185112
8,Sivir,3006,3087,6675,1055,3072,1018,3363,BOTTOM,True,KR_6693185112
9,Rakan,3860,2065,3107,3916,2055,3111,3364,UTILITY,True,KR_6693185112
0,Jax,6632,3158,1036,1036,0,0,3340,TOP,False,KR_6692773961
1,Viego,1103,3078,3067,0,2422,0,3364,JUNGLE,False,KR_6692773961
2,Akali,1054,1026,1052,3020,1082,3145,3364,MIDDLE,False,KR_6692773961
3,Aphelios,2031,3086,1083,6672,1036,1001,3340,BOTTOM,False,KR_6692773961
4,Thresh,2055,3855,3158,4642,3067,0,3364,UTILITY,False,KR_6692773961
5,KSante,6662,2031,2055,1028,1054,3047,3364,TOP,True,KR_6692773961
6,Nidalee,1101,4636,1082,3020,1052,0,3364,JUNGLE,True,KR_6692773961
7,Yone,1037,3006,1018,6672,1054,1053,3364,MIDDLE,True,KR_6692773961
8,Kaisa,3115,1042,2055,3087,2422,1055,3363,BOTTOM,True,KR_6692773961
9,Rakan,3859,2065,2055,2031,0,3158,3364,UTILITY,True,KR_6692773961
0,Jayce,2055,1036,3047,3042,6692,3161,3363,TOP,False,KR_6692705896
1,JarvanIV,3161,6630,1028,0,3047,0,3364,JUNGLE,False,KR_6692705896
2,Syndra,0,4629,3157,1082,3158,4644,3363,MIDDLE,False,KR_6692705896
3,Kaisa,4645,3115,2421,3087,3020,3124,3363,BOTTOM,False,KR_6692705896
4,Nautilus,2055,3860,3047,3001,3075,1028,3364,UTILITY,False,KR_6692705896
5,Aatrox,2031,6691,3156,3814,3158,0,3363,TOP,True,KR_6692705896
6,Khazix,3161,3026,6692,3158,6676,3071,3364,JUNGLE,True,KR_6692705896
7,Taliyah,3158,4629,2421,4644,3040,4645,3363,MIDDLE,True,KR_6692705896
8,Tristana,3072,6675,1033,3046,6672,3006,3363,BOTTOM,True,KR_6692705896
9,Rakan,3860,2055,3023,6667,8020,3111,3364,UTILITY,True,KR_6692705896
0,Pantheon,6630,3155,3071,1055,0,3111,3340,TOP,False,KR_6692647695
1,Kindred,2055,3057,3111,6672,3051,0,3364,JUNGLE,False,KR_6692647695
2,Cassiopeia,2031,0,1028,4632,6657,3040,3363,MIDDLE,False,KR_6692647695
3,Xayah,2031,1055,6672,1038,3133,3006,3340,BOTTOM,False,KR_6692647695
4,Leona,3860,3111,6667,0,1028,0,3364,UTILITY,False,KR_6692647695
5,Jax,2421,2055,6632,3161,3047,0,3340,TOP,True,KR_6692647695
6,Elise,0,3020,3135,1082,1028,4636,3364,JUNGLE,True,KR_6692647695
7,Orianna,2033,6655,3040,3020,1082,1058,3363,MIDDLE,True,KR_6692647695
8,Samira,1055,6676,0,6673,3047,3031,3363,BOTTOM,True,KR_6692647695
9,Rell,1011,0,3860,3076,6667,3111,3364,UTILITY,True,KR_6692647695
0,Aatrox,6630,6333,0,0,3047,3161,3364,TOP,True,KR_6692573697
1,Viego,3153,3078,3071,3047,1042,0,3364,JUNGLE,True,KR_6692573697
2,Sylas,3158,2421,6656,1052,1082,3108,3364,MIDDLE,True,KR_6692573697
3,Zeri,3087,6675,6673,3006,1018,1055,3363,BOTTOM,True,KR_6692573697
4,Rakan,3158,3853,2055,3067,1028,6667,3364,UTILITY,True,KR_6692573697
5,Pantheon,6630,6609,1055,3133,0,3047,3340,TOP,False,KR_6692573697
6,Poppy,1102,6660,1031,1028,3001,3047,3364,JUNGLE,False,KR_6692573697
7,Akali,3916,3152,3145,1082,3020,1054,3364,MIDDLE,False,KR_6692573697
8,Xayah,6675,2031,1018,3006,3035,6672,3363,BOTTOM,False,KR_6692573697
9,Alistar,3859,3801,3190,2055,3009,1028,3364,UTILITY,False,KR_6692573697
0,Rumble,1056,3152,2031,1082,3020,1052,3364,TOP,True,KR_6692515258
1,MasterYi,1102,3153,3006,1037,6677,1052,3364,JUNGLE,True,KR_6692515258
2,Vex,2033,6655,1058,1028,3020,1056,3340,MIDDLE,True,KR_6692515258
3,Varus,6691,3134,1028,1036,3070,3009,3363,BOTTOM,True,KR_6692515258
4,Bard,3853,3190,3107,2055,0,3009,3364,UTILITY,True,KR_6692515258
5,KSante,0,6662,1057,0,0,0,3364,TOP,False,KR_6692515258
6,Khazix,1102,3179,2422,6692,0,0,3364,JUNGLE,False,KR_6692515258
7,Neeko,2033,3145,3158,1056,1052,0,3340,MIDDLE,False,KR_6692515258
8,Aphelios,3095,3006,3086,1038,1036,0,3363,BOTTOM,False,KR_6692515258
9,Thresh,3855,3190,2403,2055,3009,0,3364,UTILITY,False,KR_6692515258
0,Illaoi,6662,2033,1001,0,2055,0,3340,TOP,True,KR_6691966710
1,JarvanIV,1103,6630,2055,3111,3067,0,3364,JUNGLE,True,KR_6691966710
2,Syndra,2033,4644,2055,3113,3111,0,3363,MIDDLE,True,KR_6691966710
3,Zeri,3087,1055,3133,3006,0,1038,3363,BOTTOM,True,KR_6691966710
4,Braum,3857,0,1011,3111,1033,1029,3364,UTILITY,True,KR_6691966710
5,Kennen,3152,3145,1082,0,0,3020,3364,TOP,False,KR_6691966710
6,Viego,1102,3078,1036,3047,0,0,3364,JUNGLE,False,KR_6691966710
7,Vex,6653,2033,0,3111,0,1056,3363,MIDDLE,False,KR_6691966710
8,Kaisa,6672,2031,1055,0,1042,2422,3340,BOTTOM,False,KR_6691966710
9,Nautilus,1001,6656,3859,0,0,0,3364,UTILITY,False,KR_6691966710
0,Volibear,1056,3065,1057,4633,3111,1028,3364,TOP,True,KR_6691928084
1,JarvanIV,6630,3065,1028,3133,0,3111,3364,JUNGLE,True,KR_6691928084
2,Taliyah,3089,3040,1052,4644,1056,3158,3363,MIDDLE,True,KR_6691928084
3,Varus,3153,3006,2420,3124,3091,6672,3363,BOTTOM,True,KR_6691928084
4,Braum,2421,6667,3860,1057,0,3111,3364,UTILITY,True,KR_6691928084
5,Cassiopeia,3040,4629,6657,3135,0,0,3363,TOP,False,KR_6691928084
6,LeeSin,2421,6630,2055,3071,0,3111,3340,JUNGLE,False,KR_6691928084
7,Zoe,4645,6655,1082,3158,3135,1058,3364,MIDDLE,False,KR_6691928084
8,Kaisa,3086,1042,3006,6672,6675,1055,3363,BOTTOM,False,KR_6691928084
9,Rell,3860,0,2055,1028,3111,6667,3364,UTILITY,False,KR_6691928084
0,Illaoi,3181,2033,6662,3044,1037,1028,3340,TOP,False,KR_6691557237
1,Vi,1036,1036,0,3047,3067,6632,3364,JUNGLE,False,KR_6691557237
2,Rumble,4645,3009,3152,1052,1082,0,3363,MIDDLE,False,KR_6691557237
3,Rell,3860,2031,0,6667,3111,1029,3364,UTILITY,False,KR_6691557237
4,Aphelios,6671,0,6672,1036,1036,3006,3363,BOTTOM,False,KR_6691557237
5,Jax,6632,3157,2055,3161,3047,1054,3340,TOP,True,KR_6691557237
6,Viego,3078,3026,2055,3071,1028,2422,3364,JUNGLE,True,KR_6691557237
7,Taliyah,1058,4645,3116,4644,1056,3020,3363,MIDDLE,True,KR_6691557237
8,Zeri,6673,6675,3087,0,1055,3006,3363,BOTTOM,True,KR_6691557237
9,Rakan,6667,2055,3860,3107,0,3158,3364,UTILITY,True,KR_6691557237
0,Malphite,1056,3111,6665,4401,0,0,3340,TOP,False,KR_6691224191
1,Rell,3068,3158,0,0,0,6667,3513,JUNGLE,False,KR_6691224191
2,Vex,6656,1058,2055,3135,1082,3020,3364,MIDDLE,False,KR_6691224191
3,Kaisa,3095,3006,3124,3046,0,1055,3363,BOTTOM,False,KR_6691224191
4,Taric,2065,2055,3070,3860,3109,3158,3364,UTILITY,False,KR_6691224191
5,Rumble,2421,4636,3111,4637,0,1056,3364,TOP,True,KR_6691224191
6,Khazix,3071,3179,0,6692,3111,1036,3364,JUNGLE,True,KR_6691224191
7,Jayce,6691,0,3042,0,3111,1055,3363,MIDDLE,True,KR_6691224191
8,Sivir,3036,2055,3006,6675,6672,0,3363,BOTTOM,True,KR_6691224191
9,Alistar,0,0,3860,6667,3023,3111,3364,UTILITY,True,KR_6691224191
0,Aatrox,2031,6630,1054,1001,1029,0,3340,TOP,True,KR_6691163964
1,Viego,6672,1102,3051,1029,3111,1028,3364,JUNGLE,True,KR_6691163964
2,Ahri,3108,6656,2033,1082,3111,2055,3364,MIDDLE,True,KR_6691163964
3,Zeri,3133,2055,3087,1038,1055,3006,3363,BOTTOM,True,KR_6691163964
4,Rakan,0,3859,0,3105,1011,3111,3364,UTILITY,True,KR_6691163964
5,Fiora,3047,0,6630,0,0,0,3340,TOP,False,KR_6691163964
6,Rumble,1103,4636,3009,1052,1052,2055,3364,JUNGLE,False,KR_6691163964
7,Neeko,1056,0,0,3152,1082,3020,3340,MIDDLE,False,KR_6691163964
8,Kaisa,6672,2055,0,0,3006,1055,3363,BOTTOM,False,KR_6691163964
9,Nautilus,2031,3859,0,1029,3111,1028,3364,UTILITY,False,KR_6691163964
0,Jax,1033,3157,2055,6632,3047,3161,3340,TOP,False,KR_6691099492
1,Poppy,3158,1031,3001,2055,1057,3066,3364,JUNGLE,False,KR_6691099492
2,Vex,6656,3135,2420,3158,3089,1056,3364,MIDDLE,False,KR_6691099492
3,Ezreal,6694,3078,2055,3158,0,3042,3363,BOTTOM,False,KR_6691099492
4,Karma,2065,3853,3114,3113,3158,6616,3364,UTILITY,False,KR_6691099492
5,Zed,2031,6692,3111,3067,0,3074,3364,TOP,True,KR_6691099492
6,JarvanIV,6630,0,1057,3053,3047,0,3364,JUNGLE,True,KR_6691099492
7,Ahri,6656,2033,3102,3111,4645,0,3364,MIDDLE,True,KR_6691099492
8,Kaisa,3087,3115,3157,3006,3124,3102,3363,BOTTOM,True,KR_6691099492
9,Nautilus,6667,3860,0,3023,3801,3111,3364,UTILITY,True,KR_6691099492
0,Aatrox,3071,1054,3047,1036,0,0,3364,TOP,False,KR_6691054097
1,Nidalee,0,2055,3152,3020,1052,3108,3364,JUNGLE,False,KR_6691054097
2,Leblanc,3087,3020,2031,3145,3108,0,3340,MIDDLE,False,KR_6691054097
3,Zeri,1083,3087,3133,1018,3006,0,3363,BOTTOM,False,KR_6691054097
4,Rakan,3860,2423,1029,2055,1011,3158,3364,UTILITY,False,KR_6691054097
5,KSante,1028,3068,6662,3047,3076,0,3364,TOP,True,KR_6691054097
6,JarvanIV,2055,6630,3111,3133,1028,1037,3364,JUNGLE,True,KR_6691054097
7,Vex,6656,2033,3089,1052,3158,0,3364,MIDDLE,True,KR_6691054097
8,Xayah,6672,6675,3006,1055,0,0,3363,BOTTOM,True,KR_6691054097
9,Alistar,3859,2055,1029,0,6667,3117,3364,UTILITY,True,KR_6691054097
0,Shen,2055,1028,3077,3068,3084,3111,3363,TOP,True,KR_6690823982
1,LeeSin,6630,3155,0,3067,3111,6333,3340,JUNGLE,True,KR_6690823982
2,Leblanc,3087,3111,1058,3100,4636,1082,3364,MIDDLE,True,KR_6690823982
3,Xayah,1055,2055,6675,6672,3006,3072,3363,BOTTOM,True,KR_6690823982
4,Rell,6667,3860,0,1029,1028,3111,3364,UTILITY,True,KR_6690823982
5,Renekton,3053,6630,2421,1054,3047,1031,3364,TOP,False,KR_6690823982
6,Viego,2055,3071,3111,3078,0,0,3364,JUNGLE,False,KR_6690823982
7,Viktor,4644,3135,3108,1052,3057,3020,3363,MIDDLE,False,KR_6690823982
8,Kaisa,3157,3124,3115,3087,3020,0,3363,BOTTOM,False,KR_6690823982
9,Rakan,6667,3860,2055,3111,1028,0,3364,UTILITY,False,KR_6690823982
0,KSante,6662,8001,2055,3047,0,3068,3364,TOP,False,KR_6690649343
1,LeeSin,3155,6630,2055,3111,3071,1037,3340,JUNGLE,False,KR_6690649343
2,Leblanc,2031,3111,1082,3087,4636,1058,3364,MIDDLE,False,KR_6690649343
3,Jhin,6671,3087,3009,1018,1036,1042,3363,BOTTOM,False,KR_6690649343
4,Rell,6667,3023,3860,2055,3111,0,3364,UTILITY,False,KR_6690649343
5,Renekton,3047,3071,0,6630,1037,1028,3364,TOP,True,KR_6690649343
6,Nidalee,0,2421,3191,4645,4636,3158,3364,JUNGLE,True,KR_6690649343
7,Vex,3020,6656,4645,2421,1082,3108,3363,MIDDLE,True,KR_6690649343
8,Caitlyn,3020,4633,3089,4005,0,0,3363,BOTTOM,True,KR_6690649343
9,Alistar,3860,6667,3023,3158,1028,0,3364,UTILITY,True,KR_6690649343
0,Tryndamere,6631,6672,2055,3181,3006,3133,3364,TOP,False,KR_6690599237
1,Poppy,3190,3047,3068,3023,3801,2055,3364,JUNGLE,False,KR_6690599237
2,Vex,1058,2055,3020,6655,4645,1056,3364,MIDDLE,False,KR_6690599237
3,Kaisa,3124,3115,3087,4630,1026,3020,3363,BOTTOM,False,KR_6690599237
4,Alistar,3860,6667,0,1011,3076,3117,3364,UTILITY,False,KR_6690599237
5,Kled,3053,0,6631,3133,1028,3047,3364,TOP,True,KR_6690599237
6,LeeSin,3071,6630,2421,3053,3158,0,3340,JUNGLE,True,KR_6690599237
7,Leblanc,3089,3087,2055,4636,3111,4630,3364,MIDDLE,True,KR_6690599237
8,Kalista,1055,6673,3026,3085,3124,3006,3363,BOTTOM,True,KR_6690599237
9,Zyra,3853,3116,3020,6653,2421,2055,3364,UTILITY,True,KR_6690599237
0,Renekton,3133,1054,6630,3047,3067,1036,3363,TOP,True,KR_6690556700
1,Hecarim,6631,3158,0,0,1036,0,3340,JUNGLE,True,KR_6690556700
2,Taliyah,2031,3070,0,6655,1056,3020,3340,MIDDLE,True,KR_6690556700
3,Samira,1055,2422,3134,1036,6676,0,3340,BOTTOM,True,KR_6690556700
4,Rakan,3859,2055,3067,4642,3111,0,3364,UTILITY,True,KR_6690556700
5,Gnar,2031,0,3051,1054,3047,1028,3340,TOP,False,KR_6690556700
6,Viego,1103,6632,2055,3047,1036,1036,3364,JUNGLE,False,KR_6690556700
7,Leblanc,3087,2031,0,1082,3145,3111,3364,MIDDLE,False,KR_6690556700
8,Kaisa,3133,1038,1001,1055,6672,0,3363,BOTTOM,False,KR_6690556700
9,Bard,3853,0,3047,3023,1033,2055,3364,UTILITY,False,KR_6690556700
0,KSante,6665,3047,1054,3068,3082,1028,3364,TOP,False,KR_6690383527
1,Rell,2055,3068,3001,1006,3023,3158,3364,JUNGLE,False,KR_6690383527
2,Yasuo,3153,6672,6662,3006,1036,1036,3364,MIDDLE,False,KR_6690383527
3,Vayne,3006,3124,3046,1036,0,6672,3363,BOTTOM,False,KR_6690383527
4,Alistar,0,6667,3860,3117,1011,3076,3364,UTILITY,False,KR_6690383527
5,Udyr,1082,1056,3068,6665,3047,3110,3363,TOP,True,KR_6690383527
6,Nidalee,4645,3157,0,3158,1082,4636,3364,JUNGLE,True,KR_6690383527
7,Tristana,6675,3036,0,6672,1055,3006,3340,MIDDLE,True,KR_6690383527
8,Nilah,6676,2421,6671,1001,3134,3036,3363,BOTTOM,True,KR_6690383527
9,Rakan,3860,6667,0,1028,1029,3158,3364,UTILITY,True,KR_6690383527
0,Yone,2031,1036,1018,3006,6677,1055,3340,TOP,False,KR_6690348993
1,Sylas,1082,4636,2055,0,2422,1103,3340,JUNGLE,False,KR_6690348993
2,Lissandra,6656,1052,2031,0,1056,3158,3340,MIDDLE,False,KR_6690348993
3,Nilah,6676,1038,1055,2422,0,0,3363,BOTTOM,False,KR_6690348993
4,Rell,3860,0,0,3023,0,3158,3364,UTILITY,False,KR_6690348993
5,Jax,0,2031,3047,1055,6632,0,3340,TOP,True,KR_6690348993
6,RekSai,6631,3111,0,0,0,0,3340,JUNGLE,True,KR_6690348993
7,Tristana,2031,6672,3133,3111,1055,1038,3363,MIDDLE,True,KR_6690348993
8,Zeri,1083,3046,1038,0,0,3006,3340,BOTTOM,True,KR_6690348993
9,Nautilus,1011,2055,3860,3111,3105,0,3364,UTILITY,True,KR_6690348993
0,Rumble,4636,3020,0,4637,1082,0,3364,TOP,False,KR_6690328079
1,Khazix,3142,0,0,3179,3047,1102,3364,JUNGLE,False,KR_6690328079
2,Tristana,6672,1037,1038,1083,1055,3006,3363,MIDDLE,False,KR_6690328079
3,Kalista,3124,2055,1055,3086,3006,3153,3363,BOTTOM,False,KR_6690328079
4,Renata,3853,6667,2055,0,3158,0,3364,UTILITY,False,KR_6690328079
5,Poppy,2033,3863,1029,1033,6662,3047,3364,TOP,True,KR_6690328079
6,Nidalee,3157,3158,1082,4636,0,1052,3364,JUNGLE,True,KR_6690328079
7,Akshan,6631,1055,2055,6672,3006,3051,3363,MIDDLE,True,KR_6690328079
8,Kaisa,1055,2421,6675,6672,3006,3046,3363,BOTTOM,True,KR_6690328079
9,Blitzcrank,3860,6656,0,3009,3067,0,3364,UTILITY,True,KR_6690328079
0,Jax,6632,2421,3191,3161,3047,1052,3340,TOP,True,KR_6690300169
1,LeeSin,2420,6630,2055,1031,3111,3161,3340,JUNGLE,True,KR_6690300169
2,Corki,3078,3042,0,3133,3020,1036,3363,MIDDLE,True,KR_6690300169
3,Aphelios,0,6671,3006,3072,6672,3036,3363,BOTTOM,True,KR_6690300169
4,Nautilus,1004,0,3860,6667,3012,3111,3364,UTILITY,True,KR_6690300169
5,Poppy,2033,3075,1055,0,6632,3047,3363,TOP,False,KR_6690300169
6,Viego,3044,3078,1028,3047,0,3071,3364,JUNGLE,False,KR_6690300169
7,Azir,3108,2055,0,3020,3115,6653,3363,MIDDLE,False,KR_6690300169
8,Zeri,1083,3087,6675,3006,1043,3086,3363,BOTTOM,False,KR_6690300169
9,Rell,3860,3001,3047,3023,3801,2055,3364,UTILITY,False,KR_6690300169
0,Illaoi,3181,2033,6662,1001,3044,2055,3340,TOP,True,KR_6690252215
1,LeeSin,6630,1037,2055,3111,0,0,3340,JUNGLE,True,KR_6690252215
2,Azir,1026,6653,3108,3020,1056,1043,3363,MIDDLE,True,KR_6690252215
3,Aphelios,6672,1018,2031,3006,1038,0,3363,BOTTOM,True,KR_6690252215
4,Rakan,3860,2424,2055,3105,1011,3111,3364,UTILITY,True,KR_6690252215
5,KSante,2031,3057,8020,1031,3047,1054,3340,MIDDLE,False,KR_6690252215
6,Poppy,3001,3068,0,1033,0,3158,3364,JUNGLE,False,KR_6690252215
7,Vladimir,4636,4629,3158,1028,1052,1056,3363,TOP,False,KR_6690252215
8,Ezreal,3042,3078,2055,1036,1036,3158,3363,BOTTOM,False,KR_6690252215
9,Karma,2065,3853,2055,3114,3916,3158,3364,UTILITY,False,KR_6690252215
0,Renekton,3047,6630,1028,1083,1055,0,3340,TOP,False,KR_6690223457
1,Nidalee,1101,3158,1058,4636,1082,3145,3364,JUNGLE,False,KR_6690223457
2,Jayce,6691,2031,3155,3070,2422,3133,3340,MIDDLE,False,KR_6690223457
3,Tristana,3006,6672,2031,1038,1018,1055,3363,BOTTOM,False,KR_6690223457
4,Rakan,3860,2055,6667,0,0,3111,3364,UTILITY,False,KR_6690223457
5,KSante,1054,6662,6660,1031,1033,3047,3340,TOP,True,KR_6690223457
6,LeeSin,6630,2055,1103,3133,0,3047,3340,JUNGLE,True,KR_6690223457
7,Azir,3158,4644,3115,1082,1056,0,3363,MIDDLE,True,KR_6690223457
8,Aphelios,1038,0,6672,3006,0,0,3340,BOTTOM,True,KR_6690223457
9,Maokai,3859,0,0,6667,1028,3009,3364,UTILITY,True,KR_6690223457
0,Singed,1082,2033,3111,4637,3116,3105,3340,TOP,False,KR_6690194752
1,JarvanIV,3161,2055,6630,3158,0,0,3364,JUNGLE,False,KR_6690194752
2,Yone,1037,6672,2031,3006,1018,1038,3364,MIDDLE,False,KR_6690194752
3,Xayah,1055,3006,0,6675,0,6672,3363,BOTTOM,False,KR_6690194752
4,Rakan,3860,3012,0,6667,0,3111,3364,UTILITY,False,KR_6690194752
5,Cassiopeia,6657,3040,1052,1011,1082,1026,3363,TOP,True,KR_6690194752
6,Maokai,6660,3110,0,6667,1029,3047,3364,JUNGLE,True,KR_6690194752
7,Jayce,3142,3133,3042,1055,3047,1037,3364,MIDDLE,True,KR_6690194752
8,Ezreal,1055,3042,0,3035,3158,3078,3363,BOTTOM,True,KR_6690194752
9,Heimerdinger,3853,6653,1052,3020,3116,0,3364,UTILITY,True,KR_6690194752
0,Renekton,1036,6630,1036,1054,2055,3111,3363,TOP,False,KR_6689870891
1,Rell,1103,3109,3158,3001,0,0,3364,JUNGLE,False,KR_6689870891
2,Jayce,3133,2055,3111,6691,3070,1054,3364,MIDDLE,False,KR_6689870891
3,Kaisa,3087,6675,1042,0,1055,3006,3363,BOTTOM,False,KR_6689870891
4,Rakan,3853,2055,0,3105,1011,3158,3364,UTILITY,False,KR_6689870891
5,Rumble,3158,4637,3041,1026,3916,1056,3513,TOP,True,KR_6689870891
6,LeeSin,3111,6630,0,0,3133,3067,3340,JUNGLE,True,KR_6689870891
7,Leblanc,2031,3087,4636,1082,3111,0,3340,MIDDLE,True,KR_6689870891
8,Caitlyn,1055,3087,6671,1018,3006,0,3363,BOTTOM,True,KR_6689870891
9,Alistar,6667,1028,3860,2055,3117,1028,3364,UTILITY,True,KR_6689870891
0,Renekton,6630,2031,3053,3111,1054,0,3364,TOP,False,KR_6689842117
1,JarvanIV,0,0,6630,3158,3161,0,3364,JUNGLE,False,KR_6689842117
2,Ahri,6656,3089,3108,3158,3145,1082,3364,MIDDLE,False,KR_6689842117
3,Kaisa,3091,3095,3006,3124,1043,0,3363,BOTTOM,False,KR_6689842117
4,Rell,3001,3860,2055,3023,3158,1028,3364,UTILITY,False,KR_6689842117
5,KSante,6662,3075,3068,3105,3047,1029,3364,TOP,True,KR_6689842117
6,Taliyah,3145,3157,1082,3916,3020,6655,3364,JUNGLE,True,KR_6689842117
7,Viego,0,3078,3153,3111,0,0,3364,MIDDLE,True,KR_6689842117
8,Xayah,1055,6675,6672,0,3006,0,3363,BOTTOM,True,KR_6689842117
9,Alistar,3860,6667,0,3023,0,3117,3364,UTILITY,True,KR_6689842117
0,Jax,6632,0,3133,3067,1054,3047,3340,TOP,True,KR_6689263698
1,Viego,6672,1102,2055,3078,1028,3047,3364,JUNGLE,True,KR_6689263698
2,Kennen,3152,1082,1052,1028,0,3020,3364,MIDDLE,True,KR_6689263698
3,Kaisa,2422,2031,3124,3095,1036,2055,3363,BOTTOM,True,KR_6689263698
4,Pyke,3863,2031,0,3134,3179,3117,3364,UTILITY,True,KR_6689263698
5,Poppy,2033,3047,6660,1031,1028,0,3340,TOP,False,KR_6689263698
6,Nidalee,1103,4636,3108,3158,0,0,3364,JUNGLE,False,KR_6689263698
7,Yone,1053,1055,3006,1043,1054,1037,3364,MIDDLE,False,KR_6689263698
8,Aphelios,2031,2055,1055,3006,6672,1037,3363,BOTTOM,False,KR_6689263698
9,Senna,3864,3179,0,0,0,3009,3364,UTILITY,False,KR_6689263698
0,Cassiopeia,6656,3116,1033,3105,1082,3040,3363,TOP,True,KR_6689009387
1,Shaco,6692,6676,6693,1036,1036,3009,3364,JUNGLE,True,KR_6689009387
2,Vex,3135,6653,1082,3108,3020,1052,3364,MIDDLE,True,KR_6689009387
3,Xayah,1055,6675,6672,3006,3094,1018,3363,BOTTOM,True,KR_6689009387
4,Alistar,3860,6667,2055,3158,3023,0,3364,UTILITY,True,KR_6689009387
5,Gragas,6656,3157,2055,3158,3108,1056,3364,TOP,False,KR_6689009387
6,Graves,6630,3179,3067,3156,3047,3133,3364,JUNGLE,False,KR_6689009387
7,Leblanc,4636,3087,1058,3111,3041,4645,3364,MIDDLE,False,KR_6689009387
8,Caitlyn,0,3086,6671,3006,2015,3095,3363,BOTTOM,False,KR_6689009387
9,Rell,6667,3023,2055,3860,3111,0,3364,UTILITY,False,KR_6689009387
0,Jax,1054,6632,1001,2031,3067,1036,3340,TOP,False,KR_6688973514
1,Hecarim,3133,6632,3009,0,0,2055,3364,JUNGLE,False,KR_6688973514
2,Sylas,6656,2421,1082,1029,1056,3158,3364,MIDDLE,False,KR_6688973514
3,Xayah,6672,3006,1038,1036,1055,1018,3363,BOTTOM,False,KR_6688973514
4,Alistar,3111,2055,3860,3001,0,0,3364,UTILITY,False,KR_6688973514
5,Renekton,1054,0,6630,3047,3161,1037,3363,TOP,True,KR_6688973514
6,LeeSin,6630,3158,0,3071,0,0,3340,JUNGLE,True,KR_6688973514
7,Gragas,2421,3108,6656,3158,1082,1056,3364,MIDDLE,True,KR_6688973514
8,Kaisa,1055,3087,2422,3115,1037,1042,3363,BOTTOM,True,KR_6688973514
9,Rell,6667,3860,2055,3158,0,0,3364,UTILITY,True,KR_6688973514
0,KSante,1054,3068,3047,6662,0,3075,3364,TOP,False,KR_6688938826
1,LeeSin,3071,2055,6630,3111,3123,1036,3340,JUNGLE,False,KR_6688938826
2,Vex,2421,6653,3020,3135,3916,3108,3364,MIDDLE,False,KR_6688938826
3,Zeri,6673,2420,3006,3087,3085,6675,3363,BOTTOM,False,KR_6688938826
4,Rakan,3860,2065,0,3111,3023,0,3364,UTILITY,False,KR_6688938826
5,Aatrox,2420,6630,3071,3053,1054,3047,3364,TOP,True,KR_6688938826
6,Hecarim,3161,3009,3078,3742,2055,0,3364,JUNGLE,True,KR_6688938826
7,Neeko,3152,3108,2421,3020,1082,4645,3364,MIDDLE,True,KR_6688938826
8,Kaisa,3036,3006,2420,6675,6672,3046,3363,BOTTOM,True,KR_6688938826
9,Seraphine,2055,3853,3116,6617,3158,3108,3364,UTILITY,True,KR_6688938826
0,Singed,1082,2420,3152,3116,4637,3009,3363,TOP,False,KR_6688903929
1,Vi,6632,2420,3110,3158,3065,3161,3364,JUNGLE,False,KR_6688903929
2,Lissandra,3157,6656,1082,3111,4645,3089,3364,MIDDLE,False,KR_6688903929
3,Zeri,3026,0,3087,3006,6673,6675,3363,BOTTOM,False,KR_6688903929
4,Rakan,3107,3860,6667,2055,0,3158,3364,UTILITY,False,KR_6688903929
5,Camille,3111,6632,1028,3026,3053,3074,3364,TOP,True,KR_6688903929
6,JarvanIV,6630,8001,3024,3161,3082,3158,3364,JUNGLE,True,KR_6688903929
7,Leblanc,4636,3087,1058,3111,3041,3102,3364,MIDDLE,True,KR_6688903929
8,Sivir,2421,3035,6675,3072,3087,3006,3363,BOTTOM,True,KR_6688903929
9,Lulu,3853,2065,3222,2055,3158,3011,3364,UTILITY,True,KR_6688903929
0,Lissandra,1056,6655,2010,1052,3158,0,3364,TOP,False,KR_6688896303
1,JarvanIV,6630,1037,0,1103,1036,2422,3364,JUNGLE,False,KR_6688896303
2,Gangplank,2031,2422,3133,3508,1038,0,3340,MIDDLE,False,KR_6688896303
3,Kaisa,3087,2422,1043,0,0,0,3340,BOTTOM,False,KR_6688896303
4,Ornn,6667,3855,0,2031,2422,0,3364,UTILITY,False,KR_6688896303
5,Vladimir,1082,3152,1058,0,1056,2422,3340,TOP,True,KR_6688896303
6,Ekko,0,1082,3152,3111,3108,3057,3364,JUNGLE,True,KR_6688896303
7,Qiyana,6691,2031,3133,3070,3158,3134,3364,MIDDLE,True,KR_6688896303
8,Zeri,3087,3006,6675,0,0,0,3363,BOTTOM,True,KR_6688896303
9,Senna,3179,3864,3009,3134,3133,0,3364,UTILITY,True,KR_6688896303
0,Akali,1054,3152,3087,0,0,3111,3340,TOP,False,KR_6688638054
1,Poppy,0,3158,2055,3068,1057,0,3364,JUNGLE,False,KR_6688638054
2,Talon,6691,3133,3158,3134,0,0,3364,MIDDLE,False,KR_6688638054
3,Kaisa,3115,1042,1052,3087,2422,1042,3363,BOTTOM,False,KR_6688638054
4,Nautilus,3859,6667,0,0,3111,0,3364,UTILITY,False,KR_6688638054
5,Gragas,3070,6656,3158,3067,0,3108,3364,TOP,True,KR_6688638054
6,Graves,3111,6630,2055,1028,3133,3179,3364,JUNGLE,True,KR_6688638054
7,Leblanc,4636,3087,0,3020,1082,0,3364,MIDDLE,True,KR_6688638054
8,Zeri,0,3006,3087,1055,1036,6675,3363,BOTTOM,True,KR_6688638054
9,Alistar,3158,3190,3860,3023,1028,2055,3364,UTILITY,True,KR_6688638054
0,Darius,6631,1037,3156,3133,1054,3111,3364,TOP,False,KR_6688614124
1,Sejuani,1031,6660,0,3111,6667,0,3364,JUNGLE,False,KR_6688614124
2,Jayce,2031,3111,3133,3070,1055,6691,3363,MIDDLE,False,KR_6688614124
3,Kalista,3153,6677,3006,1037,1055,2055,3363,BOTTOM,False,KR_6688614124
4,Rakan,3190,3860,0,1028,0,3111,3364,UTILITY,False,KR_6688614124
5,Gragas,3158,6656,4645,1082,4630,1056,3364,TOP,True,KR_6688614124
6,RekSai,0,6631,3044,3161,3047,0,3364,JUNGLE,True,KR_6688614124
7,Vex,1056,1058,3145,3020,6653,1052,3363,MIDDLE,True,KR_6688614124
8,Tristana,1055,3006,3086,6675,6672,1036,3363,BOTTOM,True,KR_6688614124
9,Alistar,3859,3158,0,6667,1028,1028,3364,UTILITY,True,KR_6688614124
0,Gnar,3161,3143,3071,1057,3047,3078,3364,TOP,False,KR_6688559776
1,RekSai,3026,6631,3053,3047,3133,3161,3364,JUNGLE,False,KR_6688559776
2,Neeko,3152,1026,3157,3020,1056,4645,3340,MIDDLE,False,KR_6688559776
3,Ashe,3026,3153,3085,3078,6672,3006,3363,BOTTOM,False,KR_6688559776
4,Pyke,3857,4643,3134,3179,6691,3158,3364,UTILITY,False,KR_6688559776
5,Yone,1036,3031,2421,6673,3006,3153,3364,TOP,True,KR_6688559776
6,Taliyah,3157,6655,3020,4645,3089,4632,3364,JUNGLE,True,KR_6688559776
7,Tryndamere,6672,6694,6631,3153,3508,3006,3364,MIDDLE,True,KR_6688559776
8,Varus,6672,3124,3140,6673,3006,3036,3363,BOTTOM,True,KR_6688559776
9,Nautilus,3047,0,3860,2421,3001,3191,3364,UTILITY,True,KR_6688559776
0,KSante,6662,3068,3105,3111,4401,1029,3364,TOP,True,KR_6688502807
1,Rell,8020,3082,0,6667,0,3158,3364,JUNGLE,True,KR_6688502807
2,Rumble,3152,0,3157,3020,1056,4645,3364,MIDDLE,True,KR_6688502807
3,Zeri,1083,3087,6675,3006,3072,0,3363,BOTTOM,True,KR_6688502807
4,Rakan,2055,3860,2065,3111,3023,3801,3364,UTILITY,True,KR_6688502807
5,Gwen,3115,0,3047,4633,0,1056,3364,TOP,False,KR_6688502807
6,Taliyah,6655,4645,1058,3020,3135,1082,3364,JUNGLE,False,KR_6688502807
7,Yasuo,1054,3001,3153,1053,0,3006,3363,MIDDLE,False,KR_6688502807
8,Aphelios,2055,6671,3006,3036,1018,6672,3363,BOTTOM,False,KR_6688502807
9,Blitzcrank,6656,3009,3857,0,3012,0,3364,UTILITY,False,KR_6688502807
0,KSante,6662,3068,3047,1054,1033,0,3364,TOP,False,KR_6688438899
1,Graves,3111,1036,6630,3179,3071,0,3364,JUNGLE,False,KR_6688438899
2,Neeko,3020,1058,3145,3152,1082,1056,3364,MIDDLE,False,KR_6688438899
3,Senna,0,3864,3179,6692,3009,1036,3364,UTILITY,False,KR_6688438899
4,TahmKench,6662,1054,1057,3047,3066,0,3364,BOTTOM,False,KR_6688438899
5,Jax,2055,3157,3047,6632,1028,0,3340,TOP,True,KR_6688438899
6,Qiyana,3161,0,3142,2422,3179,0,3364,JUNGLE,True,KR_6688438899
7,Alistar,3860,6667,2055,3067,3158,0,3364,UTILITY,True,KR_6688438899
8,Zeri,0,1042,1083,6675,3087,3006,3363,BOTTOM,True,KR_6688438899
9,Taliyah,2424,3040,2055,3135,6653,3158,3363,MIDDLE,True,KR_6688438899
0,Rumble,3135,3152,0,3009,3102,3145,3340,TOP,False,KR_6688001976
1,Hecarim,3065,3110,6632,0,0,3047,3364,JUNGLE,False,KR_6688001976
2,Azir,4644,3115,3020,3135,3089,3108,3363,MIDDLE,False,KR_6688001976
3,Kaisa,3006,3095,3026,3046,0,3124,3363,BOTTOM,False,KR_6688001976
4,Alistar,6667,3109,3860,2055,3076,3158,3364,UTILITY,False,KR_6688001976
5,KSante,3076,3193,3111,8020,6662,1011,3340,TOP,True,KR_6688001976
6,Kindred,3026,3031,3035,6672,6676,3006,3364,JUNGLE,True,KR_6688001976
7,Leblanc,4645,3087,4636,3020,1052,3041,3364,MIDDLE,True,KR_6688001976
8,Ezreal,2420,3156,3158,3042,3078,6694,3363,BOTTOM,True,KR_6688001976
9,Rell,3860,6667,1028,3047,0,1028,3364,UTILITY,True,KR_6688001976
0,Rengar,3071,6630,3111,1029,0,0,3364,TOP,False,KR_6687964999
1,LeeSin,2055,6630,1033,3071,3158,1036,3340,JUNGLE,False,KR_6687964999
2,Leblanc,4636,3087,0,0,3020,0,3364,MIDDLE,False,KR_6687964999
3,Sivir,1036,1036,1018,1038,3006,6672,3340,BOTTOM,False,KR_6687964999
4,Rakan,3158,6667,2055,3859,1028,0,3364,UTILITY,False,KR_6687964999
5,Volibear,2055,1056,4633,3181,3158,0,3364,TOP,True,KR_6687964999
6,Nidalee,4636,0,4645,0,1082,3020,3364,JUNGLE,True,KR_6687964999
7,Yone,3031,3006,6672,1054,1037,1036,3364,MIDDLE,True,KR_6687964999
8,Zeri,3087,1038,6675,1055,3006,1018,3363,BOTTOM,True,KR_6687964999
9,Alistar,1028,3860,2055,0,6667,3158,3364,UTILITY,True,KR_6687964999
0,Yone,6673,3026,6671,3006,0,3153,3363,TOP,True,KR_6687699825
1,Taliyah,4628,3102,4644,3020,3135,3089,3364,JUNGLE,True,KR_6687699825
2,Rumble,3152,3089,3041,3020,4632,4645,3363,MIDDLE,True,KR_6687699825
3,Xayah,3156,6672,2421,6675,3072,3006,3363,BOTTOM,True,KR_6687699825
4,Blitzcrank,2065,3107,3860,8020,3111,0,3364,UTILITY,True,KR_6687699825
5,Gnar,3181,3143,3041,3078,8020,3047,3364,TOP,False,KR_6687699825
6,Karthus,3135,1058,3157,3020,6653,4645,3364,JUNGLE,False,KR_6687699825
7,Xerath,3102,6655,1082,3135,3020,1056,3363,MIDDLE,False,KR_6687699825
8,Zeri,3156,3087,6675,3086,3072,3006,3363,BOTTOM,False,KR_6687699825
9,Nautilus,3860,3190,2055,3109,1057,3009,3364,UTILITY,False,KR_6687699825
0,Pantheon,3153,2031,6692,3133,3117,2055,3364,TOP,False,KR_6687661972
1,Elise,1082,3020,0,4636,4645,0,3364,JUNGLE,False,KR_6687661972
2,Zed,3071,6691,0,1036,3035,3158,3364,MIDDLE,False,KR_6687661972
3,Zeri,1036,6675,3087,3006,1055,6673,3363,BOTTOM,False,KR_6687661972
4,Pyke,3857,3179,3133,3134,2055,3117,3364,UTILITY,False,KR_6687661972
5,Gragas,6656,3157,3145,3916,3158,1056,3364,TOP,True,KR_6687661972
6,Hecarim,0,6632,3110,3161,3044,3047,3364,JUNGLE,True,KR_6687661972
7,Cassiopeia,1028,3040,3157,0,6657,1082,3363,MIDDLE,True,KR_6687661972
8,Kaisa,1055,6672,6675,3006,3086,1042,3363,BOTTOM,True,KR_6687661972
9,Nautilus,3860,6667,2421,2055,1029,3047,3364,UTILITY,True,KR_6687661972
0,Gangplank,3026,3158,3033,6676,3508,6675,3363,TOP,False,KR_6687628187
1,JarvanIV,3161,6630,3047,3026,3110,3065,3364,JUNGLE,False,KR_6687628187
2,Orianna,3040,2421,3191,6655,4645,3020,3363,MIDDLE,False,KR_6687628187
3,Nilah,6671,2420,3111,6673,3033,6676,3363,BOTTOM,False,KR_6687628187
4,Rakan,3860,2055,8001,6667,3916,3111,3364,UTILITY,False,KR_6687628187
5,KogMaw,3153,3124,3085,3047,3026,3046,3363,TOP,True,KR_6687628187
6,Zac,3143,3068,3158,6667,3075,1082,3364,JUNGLE,True,KR_6687628187
7,Jayce,6691,3042,3161,6694,3026,3158,3363,MIDDLE,True,KR_6687628187
8,Kaisa,3089,3157,3115,3020,3124,3087,3363,BOTTOM,True,KR_6687628187
9,Alistar,6667,3860,0,3109,3076,3158,3364,UTILITY,True,KR_6687628187
0,Quinn,3095,6671,0,0,3006,0,3340,TOP,True,KR_6687595733
1,Nidalee,3152,1082,3020,1058,0,0,3364,JUNGLE,True,KR_6687595733
2,KSante,2031,3047,3193,0,1054,6662,3364,MIDDLE,True,KR_6687595733
3,Samira,1055,2031,6676,3047,6673,1037,3364,BOTTOM,True,KR_6687595733
4,Rell,3860,0,2031,3158,0,6667,3364,UTILITY,True,KR_6687595733
5,Renekton,3067,1036,6630,3047,3133,0,3340,TOP,False,KR_6687595733
6,Kindred,1103,3051,3057,1028,3006,6672,3364,JUNGLE,False,KR_6687595733
7,Leblanc,3145,2031,3916,3020,3087,0,3364,MIDDLE,False,KR_6687595733
8,Zeri,1055,3087,3006,1018,1036,1036,3363,BOTTOM,False,KR_6687595733
9,Nautilus,3860,3001,0,3047,0,0,3364,UTILITY,False,KR_6687595733
0,Jax,6632,3181,3191,3047,0,0,3340,TOP,False,KR_6687345539
1,Diana,3020,1052,1082,3152,1028,3157,3364,JUNGLE,False,KR_6687345539
2,Tryndamere,6671,3006,2055,6672,3046,0,3364,MIDDLE,False,KR_6687345539
3,Ezreal,1055,3158,3133,3042,3035,3078,3363,BOTTOM,False,KR_6687345539
4,Karma,3853,2055,2065,1004,0,3158,3364,UTILITY,False,KR_6687345539
5,Kled,6631,3143,3133,3047,1054,1028,3364,TOP,True,KR_6687345539
6,Nidalee,4645,3152,2055,3041,2421,3020,3364,JUNGLE,True,KR_6687345539
7,Zed,6692,6693,6694,3134,3158,0,3364,MIDDLE,True,KR_6687345539
8,Kalista,1053,2055,6672,3124,6673,3006,3363,BOTTOM,True,KR_6687345539
9,Neeko,3152,3145,3853,3158,3916,2055,3364,UTILITY,True,KR_6687345539
0,Ryze,3070,2031,1028,6657,3047,0,3340,TOP,False,KR_6687325188
1,JarvanIV,1103,3161,3158,1028,1036,3067,3364,JUNGLE,False,KR_6687325188
2,KSante,6662,0,2055,3047,1054,0,3340,MIDDLE,False,KR_6687325188
3,Xayah,0,0,3006,0,3133,6672,3340,BOTTOM,False,KR_6687325188
4,Rakan,1011,3111,1029,3859,0,0,3364,UTILITY,False,KR_6687325188
5,Tryndamere,6631,0,0,1054,1018,3006,3364,MIDDLE,True,KR_6687325188
6,Viego,1102,3078,0,3133,3047,0,3364,JUNGLE,True,KR_6687325188
7,Cassiopeia,3070,6653,1082,3116,3067,0,3340,TOP,True,KR_6687325188
8,Kaisa,1055,1001,6672,1042,1038,0,3363,BOTTOM,True,KR_6687325188
9,Nautilus,3047,2031,2055,3859,3023,1033,3364,UTILITY,True,KR_6687325188
0,Tryndamere,6630,2055,1043,1054,1053,3006,3364,TOP,True,KR_6687297527
1,Nocturne,1103,6631,0,1036,3111,1028,3340,JUNGLE,True,KR_6687297527
2,Leblanc,2033,1082,0,3802,3145,3020,3364,MIDDLE,True,KR_6687297527
3,Samira,2031,6673,6676,1038,1001,1055,3363,BOTTOM,True,KR_6687297527
4,Rakan,3859,2055,3105,2031,3111,1011,3364,UTILITY,True,KR_6687297527
5,Malphite,1054,3076,2031,3068,3111,0,3364,TOP,False,KR_6687297527
6,Elise,1101,1082,3145,3020,3108,1052,3364,JUNGLE,False,KR_6687297527
7,Akshan,1055,1053,6672,2055,1001,0,3340,MIDDLE,False,KR_6687297527
8,Kaisa,2031,3087,1042,1055,1001,1042,3340,BOTTOM,False,KR_6687297527
9,Leona,3047,1011,3855,0,1029,1033,3364,UTILITY,False,KR_6687297527
0,Renekton,6630,3026,3133,3071,3053,3047,3364,TOP,False,KR_6687235850
1,Viego,2421,3071,3053,3078,1038,3111,3364,JUNGLE,False,KR_6687235850
2,Leblanc,3135,3087,3089,6655,1082,3020,3364,MIDDLE,False,KR_6687235850
3,Kaisa,3157,3124,3115,1058,3020,3087,3363,BOTTOM,False,KR_6687235850
4,Nautilus,3109,3860,2055,0,6667,3111,3364,UTILITY,False,KR_6687235850
5,Poppy,6665,4401,1011,3076,3111,3068,3364,TOP,True,KR_6687235850
6,JarvanIV,6630,3082,3065,3161,3024,3111,3364,JUNGLE,True,KR_6687235850
7,Vex,3020,3089,3850,3157,6655,4645,3363,MIDDLE,True,KR_6687235850
8,Xayah,3072,3026,6672,6675,3036,3006,3363,BOTTOM,True,KR_6687235850
9,Rakan,3860,0,3023,6667,3111,3075,3364,UTILITY,True,KR_6687235850
0,LeeSin,6630,1036,2055,0,1054,0,3340,TOP,False,KR_6687197982
1,Lillia,3158,1082,0,1052,6657,1102,3364,JUNGLE,False,KR_6687197982
2,Zoe,1056,1026,3158,3802,1082,1052,3363,MIDDLE,False,KR_6687197982
3,Aphelios,3006,6671,1043,1055,1036,0,3340,BOTTOM,False,KR_6687197982
4,Nautilus,3111,3860,1011,2031,0,1033,3364,UTILITY,False,KR_6687197982
5,Rumble,1056,1052,4636,1026,3020,1011,3363,TOP,True,KR_6687197982
6,Zac,3158,6667,6660,1033,1082,1103,3364,JUNGLE,True,KR_6687197982
7,Tristana,2031,6672,0,3006,1055,1038,3363,MIDDLE,True,KR_6687197982
8,Varus,6691,3070,2422,0,0,0,3340,BOTTOM,True,KR_6687197982
9,Karma,3851,4642,2055,0,3067,3009,3364,UTILITY,True,KR_6687197982
0,Aatrox,1001,6630,1054,3133,1028,0,3340,TOP,False,KR_6686687263
1,Kindred,0,6672,3134,1001,1018,0,3364,JUNGLE,False,KR_6686687263
2,Azir,3041,0,3020,4628,6653,0,3340,MIDDLE,False,KR_6686687263
3,Xayah,6672,1038,3133,0,1055,3006,3363,BOTTOM,False,KR_6686687263
4,Alistar,0,6667,3860,0,3158,0,3364,UTILITY,False,KR_6686687263
5,KSante,1031,3047,3076,6660,6662,1028,3364,TOP,True,KR_6686687263
6,RekSai,0,6631,3161,1001,1028,1036,3364,JUNGLE,True,KR_6686687263
7,Taliyah,6653,3040,2055,3089,1056,3158,3363,MIDDLE,True,KR_6686687263
8,Kaisa,6675,6672,3086,1055,3006,1042,3363,BOTTOM,True,KR_6686687263
9,Amumu,3860,6667,0,3158,1011,1028,3364,UTILITY,True,KR_6686687263
0,Gwen,2421,3108,1056,3115,4633,3047,3364,TOP,True,KR_6686466230
1,Rell,6667,3109,2420,3158,3076,1011,3364,JUNGLE,True,KR_6686466230
2,Tristana,3031,3072,3155,6672,0,3047,3363,MIDDLE,True,KR_6686466230
3,Lucian,6675,6672,0,3094,3036,3158,3363,BOTTOM,True,KR_6686466230
4,Alistar,3860,3050,0,2420,3111,6667,3364,UTILITY,True,KR_6686466230
5,Yone,1053,6672,6671,2055,3181,3006,3340,TOP,False,KR_6686466230
6,LeeSin,6630,3047,0,3071,3161,1029,3340,JUNGLE,False,KR_6686466230
7,Neeko,3152,0,3157,3020,3041,0,3364,MIDDLE,False,KR_6686466230
8,Samira,1055,6676,3031,3072,3047,3035,3363,BOTTOM,False,KR_6686466230
9,Nautilus,3860,6667,2055,3023,1028,3158,3364,UTILITY,False,KR_6686466230
0,Renekton,3047,6630,0,1028,1054,3133,3364,TOP,True,KR_6686433739
1,Poppy,6632,1028,1103,0,0,1001,3364,JUNGLE,True,KR_6686433739
2,Neeko,3152,1058,2055,1082,3145,3020,3340,MIDDLE,True,KR_6686433739
3,Ashe,6672,3051,3057,3006,1055,3067,3363,BOTTOM,True,KR_6686433739
4,Nautilus,3117,3859,0,3001,1028,0,3364,UTILITY,True,KR_6686433739
5,KSante,2031,6662,2010,1054,3047,2055,3340,TOP,False,KR_6686433739
6,JarvanIV,1103,3161,2055,2422,0,0,3364,JUNGLE,False,KR_6686433739
7,Orianna,1056,2031,6653,1082,3020,0,3340,MIDDLE,False,KR_6686433739
8,Kalista,1055,1053,1036,1042,3006,1036,3340,BOTTOM,False,KR_6686433739
9,Rell,3111,3859,3023,2031,2055,0,3364,UTILITY,False,KR_6686433739
0,Aatrox,1054,1037,3044,1028,3047,0,3340,TOP,False,KR_6686423070
1,LeeSin,6630,0,1036,0,1103,2422,3340,JUNGLE,False,KR_6686423070
2,Orianna,1056,3070,2031,3802,3108,3020,3340,MIDDLE,False,KR_6686423070
3,Kaisa,3087,2031,1042,2422,3108,0,3340,BOTTOM,False,KR_6686423070
4,Alistar,3105,3859,3047,2031,1011,2055,3364,UTILITY,False,KR_6686423070
5,Gnar,3078,3047,1028,1055,0,0,3340,TOP,True,KR_6686423070
6,Viego,1102,3111,6632,3133,3067,2055,3364,JUNGLE,True,KR_6686423070
7,Vex,6656,2033,0,1056,3020,1058,3364,MIDDLE,True,KR_6686423070
8,Twitch,1055,2031,3153,6676,3006,1018,3363,BOTTOM,True,KR_6686423070
9,Belveth,6667,3855,0,1028,0,3047,3364,UTILITY,True,KR_6686423070
0,Jax,1038,2421,1052,3047,6632,3161,3340,TOP,False,KR_6686379951
1,Graves,3071,6676,6630,3047,1036,0,3364,JUNGLE,False,KR_6686379951
2,Vex,6656,1058,3157,3158,1058,1082,3364,MIDDLE,False,KR_6686379951
3,Zeri,3006,3087,3072,1038,6675,0,3363,BOTTOM,False,KR_6686379951
4,Nautilus,2055,3860,6667,2031,3047,3023,3364,UTILITY,False,KR_6686379951
5,Tryndamere,3035,6631,6672,3006,1036,0,3364,TOP,True,KR_6686379951
6,Taliyah,6655,1058,3157,1082,3020,0,3364,JUNGLE,True,KR_6686379951
7,Jayce,6692,6694,0,3042,3026,3158,3363,MIDDLE,True,KR_6686379951
8,Xayah,3006,1055,0,6672,6675,3046,3363,BOTTOM,True,KR_6686379951
9,Rakan,3860,0,0,6667,3050,3158,3364,UTILITY,True,KR_6686379951
0,Renekton,3071,0,6630,3047,1028,1037,3363,TOP,False,KR_6686358657
1,LeeSin,1103,0,3044,2055,3047,6630,3340,JUNGLE,False,KR_6686358657
2,Vex,3020,2421,0,6655,4645,0,3364,MIDDLE,False,KR_6686358657
3,Kaisa,1055,3087,3020,3115,1037,1042,3363,BOTTOM,False,KR_6686358657
4,Alistar,6667,3860,3111,2055,1028,0,3364,UTILITY,False,KR_6686358657
5,Jax,2421,2055,1055,6632,3071,3111,3340,TOP,True,KR_6686358657
6,Graves,6676,3133,6630,3111,3067,1036,3364,JUNGLE,True,KR_6686358657
7,Taliyah,6655,3040,3108,3020,1056,1052,3363,MIDDLE,True,KR_6686358657
8,Zeri,3087,2031,3006,6675,3085,1038,3363,BOTTOM,True,KR_6686358657
9,Rakan,3222,3860,6667,2055,3111,0,3364,UTILITY,True,KR_6686358657
0,Fiora,3077,6630,3193,3111,1036,0,3364,TOP,True,KR_6686323863
1,Viego,3071,6632,8001,2055,3026,3111,3364,JUNGLE,True,KR_6686323863
2,Azir,3115,3089,0,4645,4644,3020,3363,MIDDLE,True,KR_6686323863
3,Kaisa,3006,3026,6672,3156,3046,6675,3363,BOTTOM,True,KR_6686323863
4,Alistar,3050,2421,2055,3860,3117,3001,3364,UTILITY,True,KR_6686323863
5,Kennen,3089,3152,3135,3020,1052,4645,3364,TOP,False,KR_6686323863
6,Ekko,3152,3135,1058,3100,1058,3111,3364,JUNGLE,False,KR_6686323863
7,Tristana,3072,3006,0,6672,3036,3031,3363,MIDDLE,False,KR_6686323863
8,Xayah,6675,6672,3036,3006,3072,0,3363,BOTTOM,False,KR_6686323863
9,Rell,3860,6667,0,3066,1028,3158,3364,UTILITY,False,KR_6686323863
0,Gnar,6029,2031,3111,1028,3044,1055,3340,TOP,False,KR_6686300974
1,JarvanIV,3158,6630,0,1103,0,0,3364,JUNGLE,False,KR_6686300974
2,Singed,3009,3116,2055,0,0,1082,3340,MIDDLE,False,KR_6686300974
3,Kaisa,1083,3095,2422,0,0,0,3340,BOTTOM,False,KR_6686300974
4,Alistar,3859,2055,1029,1033,1028,3117,3364,UTILITY,False,KR_6686300974
5,Rumble,1056,3145,2031,4637,3020,1052,3364,TOP,True,KR_6686300974
6,LeeSin,1036,3047,1103,2055,3067,6630,3340,JUNGLE,True,KR_6686300974
7,Taliyah,6653,3020,2055,3003,1056,0,3363,MIDDLE,True,KR_6686300974
8,Aphelios,6671,0,0,6672,2422,1038,3363,BOTTOM,True,KR_6686300974
9,Braum,3859,3190,2055,3111,1028,0,3364,UTILITY,True,KR_6686300974
0,Riven,6630,3074,3158,3161,3082,1011,3364,TOP,False,KR_6686278634
1,Karthus,3157,6653,3145,3020,4645,3916,3364,JUNGLE,False,KR_6686278634
2,Sylas,3020,2420,6656,3108,3089,1082,3364,MIDDLE,False,KR_6686278634
3,Aphelios,6671,3006,6672,6673,3086,0,3363,BOTTOM,False,KR_6686278634
4,Milio,2055,2065,3860,3158,3114,1028,3363,UTILITY,False,KR_6686278634
5,Fiora,3074,6333,2421,3047,3181,6632,3340,TOP,True,KR_6686278634
6,JarvanIV,6630,3158,0,3065,3110,3161,3364,JUNGLE,True,KR_6686278634
7,Zilean,1056,3916,4644,3158,3024,3102,3363,MIDDLE,True,KR_6686278634
8,Caitlyn,6671,3026,3087,1018,3094,1001,3363,BOTTOM,True,KR_6686278634
9,Pyke,3117,6691,3179,3857,4638,0,3364,UTILITY,True,KR_6686278634
0,Jax,6632,3157,0,3161,3158,1054,3340,TOP,True,KR_6686021833
1,Graves,3142,6676,0,1036,1036,2422,3364,JUNGLE,True,KR_6686021833
2,Ahri,6656,3102,0,1082,1056,3158,3364,MIDDLE,True,KR_6686021833
3,Aphelios,6671,6672,3006,1083,0,0,3363,BOTTOM,True,KR_6686021833
4,Lulu,3853,2065,3114,0,0,3158,3364,UTILITY,True,KR_6686021833
5,KSante,6662,6660,1031,3111,0,0,3364,TOP,False,KR_6686021833
6,LeeSin,6630,3071,2055,1036,3047,0,3340,JUNGLE,False,KR_6686021833
7,Leblanc,2033,6655,3020,1028,1082,1052,3364,MIDDLE,False,KR_6686021833
8,Zeri,6675,3006,1053,3087,0,0,3363,BOTTOM,False,KR_6686021833
9,Rakan,3860,2055,2065,3916,3158,0,3364,UTILITY,False,KR_6686021833
0,Kayle,1055,3091,3115,1028,1052,3006,3363,TOP,True,KR_6685991583
1,Nidalee,4645,3157,0,3020,1082,4636,3364,JUNGLE,True,KR_6685991583
2,Tristana,3072,6675,0,3006,1055,6672,3363,MIDDLE,True,KR_6685991583
3,Lucian,3158,6672,3036,6675,1033,1036,3363,BOTTOM,True,KR_6685991583
4,Alistar,6667,3076,3860,0,1011,3158,3364,UTILITY,True,KR_6685991583
5,KSante,3110,2055,3193,6662,3047,0,3364,TOP,False,KR_6685991583
6,JarvanIV,3161,3158,6630,2055,3110,0,3364,JUNGLE,False,KR_6685991583
7,Leblanc,4645,3087,1058,1082,3020,6655,3364,MIDDLE,False,KR_6685991583
8,Twitch,3153,6671,0,3006,0,6676,3363,BOTTOM,False,KR_6685991583
9,Rell,3860,3001,3023,1029,2055,3047,3364,UTILITY,False,KR_6685991583
0,Renekton,0,1054,6630,3047,3161,1055,3364,TOP,True,KR_6685959670
1,Karthus,4645,3157,6653,3020,1082,1052,3364,JUNGLE,True,KR_6685959670
2,Irelia,3153,1036,6631,1055,3047,1036,3364,MIDDLE,True,KR_6685959670
3,Ezreal,3042,3078,6694,1055,3158,0,3363,BOTTOM,True,KR_6685959670
4,Alistar,6667,0,1028,3860,3023,3047,3364,UTILITY,True,KR_6685959670
5,Rumble,4637,4636,1052,3047,0,0,3364,TOP,False,KR_6685959670
6,JarvanIV,6630,1037,3133,3158,3067,0,3364,JUNGLE,False,KR_6685959670
7,Tristana,3087,6675,0,1055,0,3047,3363,MIDDLE,False,KR_6685959670
8,Yone,6672,6673,0,0,1054,3006,3363,BOTTOM,False,KR_6685959670
9,Rakan,3860,6667,2055,3111,0,0,3364,UTILITY,False,KR_6685959670
0,Renekton,6630,2031,0,3133,3111,1054,3340,TOP,True,KR_6685897832
1,Lillia,4637,2055,1082,6657,3158,1052,3364,JUNGLE,True,KR_6685897832
2,Akshan,3153,2031,3111,1037,3051,1055,3363,MIDDLE,True,KR_6685897832
3,Kaisa,6672,6675,1038,3085,1055,3006,3363,BOTTOM,True,KR_6685897832
4,Thresh,6667,0,3855,1029,1028,3158,3364,UTILITY,True,KR_6685897832
5,Ahri,2033,6653,3158,1052,1052,0,3340,TOP,False,KR_6685897832
6,JarvanIV,1029,1029,2055,2422,3161,1103,3364,JUNGLE,False,KR_6685897832
7,Taliyah,6653,3020,1026,3040,1056,0,3363,MIDDLE,False,KR_6685897832
8,Zeri,2055,3087,3006,1083,1036,0,3363,BOTTOM,False,KR_6685897832
9,Alistar,3859,3023,3158,0,0,0,3364,UTILITY,False,KR_6685897832
0,Aatrox,3071,6630,2055,1028,3047,0,3364,TOP,False,KR_6685837525
1,JarvanIV,1029,6630,2055,3082,3161,3158,3364,JUNGLE,False,KR_6685837525
2,Zoe,6655,4645,1052,1082,1056,3111,3364,MIDDLE,False,KR_6685837525
3,Kaisa,3035,3087,3006,6675,3085,0,3363,BOTTOM,False,KR_6685837525
4,Rakan,6667,1029,3860,1029,1028,3158,3364,UTILITY,False,KR_6685837525
5,Camille,3074,3047,6632,6333,3044,1055,3364,TOP,True,KR_6685837525
6,Poppy,3742,0,3158,6632,1057,0,3364,JUNGLE,True,KR_6685837525
7,Viktor,6655,3020,0,1082,4628,1058,3363,MIDDLE,True,KR_6685837525
8,Ezreal,3158,3508,3042,6675,0,0,3363,BOTTOM,True,KR_6685837525
9,Alistar,3860,6667,0,3158,3067,0,3364,UTILITY,True,KR_6685837525
0,Jax,3181,3051,3111,3078,3161,1043,3340,TOP,False,KR_6685744712
1,FiddleSticks,3102,3157,2055,6653,3020,4645,3330,JUNGLE,False,KR_6685744712
2,Talon,3179,6691,6694,3814,3134,3117,3364,MIDDLE,False,KR_6685744712
3,Zeri,3156,6675,2420,3087,3006,3085,3363,BOTTOM,False,KR_6685744712
4,Rakan,3860,6667,8020,2055,0,3111,3364,UTILITY,False,KR_6685744712
5,Kennen,3135,3152,0,3020,4645,1058,3364,TOP,True,KR_6685744712
6,JarvanIV,3156,6630,3110,3161,0,3158,3364,JUNGLE,True,KR_6685744712
7,Azir,3135,3157,3116,4644,3020,1058,3363,MIDDLE,True,KR_6685744712
8,Caitlyn,3006,6671,3087,3094,3072,3026,3363,BOTTOM,True,KR_6685744712
9,Morgana,3157,3853,2065,0,1028,3158,3364,UTILITY,True,KR_6685744712
0,Jax,0,0,0,3161,3111,6632,3340,TOP,True,KR_6684673732
1,JarvanIV,3110,6630,3161,3158,3211,0,3364,JUNGLE,True,KR_6684673732
2,Azir,2420,4644,3020,3115,1082,0,3340,MIDDLE,True,KR_6684673732
3,Kaisa,6675,1038,2421,6672,3085,3006,3363,BOTTOM,True,KR_6684673732
4,Alistar,6667,3107,3860,0,3158,0,3364,UTILITY,True,KR_6684673732
5,Kennen,3135,3152,3020,0,0,1055,3340,TOP,False,KR_6684673732
6,Ivern,2065,0,0,0,3011,3158,3364,JUNGLE,False,KR_6684673732
7,Tristana,3031,1055,1036,6672,0,3006,3363,MIDDLE,False,KR_6684673732
8,Xayah,0,6675,3006,6672,3036,1055,3363,BOTTOM,False,KR_6684673732
9,Rell,3860,0,0,3076,3001,3158,3364,UTILITY,False,KR_6684673732
0,Aatrox,3814,3047,3071,6692,6694,3156,3340,TOP,True,KR_6684598718
1,Ivern,2065,3222,3157,3114,3041,3158,3364,JUNGLE,True,KR_6684598718
2,Rumble,3152,3089,3157,3041,3020,4645,3364,MIDDLE,True,KR_6684598718
3,Tristana,6675,6672,3072,3006,3036,3046,3363,BOTTOM,True,KR_6684598718
4,Rell,3860,3109,4638,6667,3066,3158,3364,UTILITY,True,KR_6684598718
5,Garen,3742,6631,3123,4401,3181,3047,3364,TOP,False,KR_6684598718
6,JarvanIV,3161,6630,0,3047,3065,8020,3364,JUNGLE,False,KR_6684598718
7,Azir,4645,3135,2421,6653,3165,3020,3364,MIDDLE,False,KR_6684598718
8,Lucian,6675,3094,3036,3047,6672,3156,3363,BOTTOM,False,KR_6684598718
9,Rakan,6667,4638,3860,3011,3158,0,3364,UTILITY,False,KR_6684598718
0,Udyr,1056,1033,1082,6665,4637,3111,3364,TOP,True,KR_6684153298
1,LeeSin,2421,6630,3074,6676,3053,1001,3340,JUNGLE,True,KR_6684153298
2,Leblanc,3100,3087,3145,4628,3020,6655,3364,MIDDLE,True,KR_6684153298
3,Yasuo,2031,6672,6671,6673,1033,3006,3363,BOTTOM,True,KR_6684153298
4,Alistar,6667,3860,8020,2055,3158,1057,3364,UTILITY,True,KR_6684153298
5,Kennen,3135,3152,0,3020,4645,0,3364,TOP,False,KR_6684153298
6,JarvanIV,2055,6630,3111,3161,3110,1103,3364,JUNGLE,False,KR_6684153298
7,Sylas,1054,6656,2055,3157,3158,0,3364,MIDDLE,False,KR_6684153298
8,Kaisa,3108,3124,2421,3087,3115,3006,3363,BOTTOM,False,KR_6684153298
9,Blitzcrank,3001,3860,3117,3801,3023,0,3364,UTILITY,False,KR_6684153298
0,Gnar,3133,3078,3067,3076,3047,1054,3340,TOP,False,KR_6684104856
1,JarvanIV,3161,6630,1033,1001,0,0,3363,JUNGLE,False,KR_6684104856
2,Sylas,6656,3108,3158,3191,1056,1082,3364,MIDDLE,False,KR_6684104856
3,Xayah,1055,6672,3006,6675,1053,1037,3363,BOTTOM,False,KR_6684104856
4,Rakan,2065,3067,2055,1011,3158,3860,3364,UTILITY,False,KR_6684104856
5,Zed,6692,3111,3133,3074,1036,3067,3364,MIDDLE,True,KR_6684104856
6,Karthus,3020,3157,6653,1082,4637,0,3364,JUNGLE,True,KR_6684104856
7,Jax,1054,3133,3071,3067,6632,3158,3340,TOP,True,KR_6684104856
8,Kaisa,1055,6672,6675,3006,3086,1042,3363,BOTTOM,True,KR_6684104856
9,Alistar,3860,2421,3076,0,6667,3117,3364,UTILITY,True,KR_6684104856
0,Zed,3071,6692,3158,3133,3074,3035,3364,TOP,True,KR_6684032129
1,Nidalee,3157,2055,1082,4636,3020,4645,3364,JUNGLE,True,KR_6684032129
2,Leblanc,1052,4636,3087,3135,3041,3020,3364,MIDDLE,True,KR_6684032129
3,Alistar,3860,0,1057,3067,3158,6667,3364,UTILITY,True,KR_6684032129
4,Samira,3072,3036,2421,3031,6676,3047,3363,BOTTOM,True,KR_6684032129
5,Rumble,4636,3157,1052,1011,1026,3047,3363,TOP,False,KR_6684032129
6,Graves,2055,6676,3078,3111,1018,3033,3364,JUNGLE,False,KR_6684032129
7,KSante,0,3075,3193,6662,0,3111,3364,MIDDLE,False,KR_6684032129
8,Kaisa,2420,3124,3087,0,3020,3115,3363,BOTTOM,False,KR_6684032129
9,Rell,6667,3047,3860,2055,1028,1029,3364,UTILITY,False,KR_6684032129
0,KSante,3047,1029,1033,3105,3075,6662,3340,TOP,False,KR_6683956120
1,Lillia,3047,3089,3916,6653,1052,4637,3364,JUNGLE,False,KR_6683956120
2,Zed,1028,3158,3134,6692,6693,6694,3364,MIDDLE,False,KR_6683956120
3,Kaisa,3089,3087,4645,3124,3115,3020,3363,BOTTOM,False,KR_6683956120
4,Alistar,6667,3109,3860,2055,3117,1028,3364,UTILITY,False,KR_6683956120
5,Kled,6630,2420,3156,3074,3161,3047,3364,TOP,True,KR_6683956120
6,JarvanIV,6630,3065,2421,3161,0,3158,3364,JUNGLE,True,KR_6683956120
7,Leblanc,6656,4645,3089,3041,3087,3020,3364,MIDDLE,True,KR_6683956120
8,Zeri,6673,3036,3026,3006,6675,3087,3363,BOTTOM,True,KR_6683956120
9,Rakan,3860,6667,3222,2055,0,3111,3364,UTILITY,True,KR_6683956120
0,Renekton,6630,3044,3071,1037,0,3111,3364,TOP,False,KR_6683884168
1,Khazix,6691,3179,3814,3158,6695,0,3364,JUNGLE,False,KR_6683884168
2,Neeko,1056,2421,3152,1082,3020,3108,3364,MIDDLE,False,KR_6683884168
3,Kaisa,1055,2031,3087,3115,3020,0,3363,BOTTOM,False,KR_6683884168
4,Pyke,3179,3117,3857,2055,1029,0,3364,UTILITY,False,KR_6683884168
5,Jax,6632,2421,3108,1052,3047,3161,3340,TOP,True,KR_6683884168
6,Taliyah,3135,3157,1052,3020,6655,3041,3364,JUNGLE,True,KR_6683884168
7,Qiyana,3042,6691,3134,6694,1036,3158,3364,MIDDLE,True,KR_6683884168
8,Ezreal,3078,3042,6694,3158,0,0,3363,BOTTOM,True,KR_6683884168
9,Karma,3157,2065,3853,0,0,3047,3364,UTILITY,True,KR_6683884168
0,Poppy,2033,1031,3047,3067,3057,0,3340,TOP,False,KR_6683823590
1,Nidalee,4636,1058,1101,0,3020,0,3364,JUNGLE,False,KR_6683823590
2,Akali,1054,1082,2031,3145,3020,0,3364,MIDDLE,False,KR_6683823590
3,Zeri,3087,2031,3006,1055,0,0,3340,BOTTOM,False,KR_6683823590
4,Rakan,3859,1011,0,1029,0,3158,3364,UTILITY,False,KR_6683823590
5,Aatrox,1054,6630,2055,1036,3158,3161,3364,TOP,True,KR_6683823590
6,JarvanIV,6630,0,3158,3133,0,1103,3513,JUNGLE,True,KR_6683823590
7,Leblanc,2031,3087,6655,3158,0,0,3364,MIDDLE,True,KR_6683823590
8,Kaisa,2031,1043,2422,3087,3108,1055,3364,BOTTOM,True,KR_6683823590
9,Alistar,2055,3117,3859,1011,1029,1033,3364,UTILITY,True,KR_6683823590
0,Aatrox,1054,6630,3071,1028,1036,3047,3340,TOP,False,KR_6682874683
1,Nidalee,1082,2420,4636,4645,1058,3020,3364,JUNGLE,False,KR_6682874683
2,Akshan,2031,6672,3091,1001,1036,1042,3363,MIDDLE,False,KR_6682874683
3,Kaisa,6675,6672,1055,1042,2422,0,3363,BOTTOM,False,KR_6682874683
4,Rell,2403,3859,3158,3023,1033,2055,3364,UTILITY,False,KR_6682874683
5,Renekton,3053,3047,6630,0,1055,0,3340,TOP,True,KR_6682874683
6,JarvanIV,6630,1028,0,0,3161,3158,3364,JUNGLE,True,KR_6682874683
7,Azir,3089,6655,2055,3020,1056,4645,3363,MIDDLE,True,KR_6682874683
8,Xayah,1055,6672,3046,6675,1018,3006,3363,BOTTOM,True,KR_6682874683
9,Rakan,3860,2065,0,3158,3916,3114,3364,UTILITY,True,KR_6682874683
0,Gnar,2055,3078,3053,1028,3047,1029,3364,TOP,False,KR_6682789821
1,Viego,3078,2421,2055,6672,3111,3053,3364,JUNGLE,False,KR_6682789821
2,Sylas,6656,2055,3157,3158,3089,1082,3364,MIDDLE,False,KR_6682789821
3,Zeri,3085,3087,3140,6675,3006,3035,3363,BOTTOM,False,KR_6682789821
4,Alistar,3860,2055,3076,3111,6667,1011,3364,UTILITY,False,KR_6682789821
5,Renekton,6630,3053,3075,3071,3047,0,3364,TOP,True,KR_6682789821
6,Sejuani,8020,3068,2421,6667,3047,0,3364,JUNGLE,True,KR_6682789821
7,Azir,4644,2420,3165,3115,3020,3191,3363,MIDDLE,True,KR_6682789821
8,Nilah,6673,3047,3133,6675,1037,6676,3363,BOTTOM,True,KR_6682789821
9,Nautilus,3860,0,3109,3076,3158,3001,3364,UTILITY,True,KR_6682789821
0,Tryndamere,6672,3044,6631,3006,3161,0,3340,TOP,False,KR_6682726208
1,Viego,6632,3047,0,3071,0,0,3364,JUNGLE,False,KR_6682726208
2,Sylas,6656,0,3157,4645,1058,3020,3364,MIDDLE,False,KR_6682726208
3,Zeri,3026,0,6675,3006,3085,3087,3363,BOTTOM,False,KR_6682726208
4,Rell,3860,3158,6667,3023,3801,2055,3364,UTILITY,False,KR_6682726208
5,Rumble,3157,3916,3145,1056,3047,4636,3364,TOP,True,KR_6682726208
6,Nautilus,3157,3860,2055,3117,0,3001,3364,UTILITY,True,KR_6682726208
7,Naafiri,6691,3158,3134,3071,6694,6609,3364,MIDDLE,True,KR_6682726208
8,Kaisa,6672,3006,3026,3046,6675,1053,3363,BOTTOM,True,KR_6682726208
9,RekSai,3053,2421,3071,3047,6631,0,3364,JUNGLE,True,KR_6682726208
0,Jayce,6692,2031,0,3158,3004,0,3340,TOP,True,KR_6682691018
1,JarvanIV,6630,2055,1103,3158,1028,1028,3364,JUNGLE,True,KR_6682691018
2,Taliyah,2031,3020,3145,6655,1056,3108,3363,MIDDLE,True,KR_6682691018
3,Nautilus,3859,2055,2031,3111,3001,0,3364,UTILITY,True,KR_6682691018
4,Aphelios,3072,0,6671,1083,0,3006,3363,BOTTOM,True,KR_6682691018
5,Nidalee,1101,4636,3108,3020,0,1082,3364,JUNGLE,False,KR_6682691018
6,Pantheon,6630,1055,0,1036,1036,3047,3364,TOP,False,KR_6682691018
7,Zoe,2031,3802,2055,1026,1056,3020,3340,MIDDLE,False,KR_6682691018
8,Kaisa,3142,2422,1042,3087,1055,1042,3363,BOTTOM,False,KR_6682691018
9,Alistar,3859,2031,2055,3023,3158,0,3364,UTILITY,False,KR_6682691018
0,Gwen,4645,4633,3158,1026,1052,1056,3340,TOP,False,KR_6682638152
1,Ekko,3152,3115,3089,3145,0,3020,3364,JUNGLE,False,KR_6682638152
2,Akshan,6672,3091,0,3006,1055,0,3340,MIDDLE,False,KR_6682638152
3,Zeri,3006,3072,0,6675,0,3087,3364,BOTTOM,False,KR_6682638152
4,Rakan,3859,2055,2065,3158,3916,0,3364,UTILITY,False,KR_6682638152
5,Poppy,2033,3068,1029,3047,1033,6662,3340,TOP,True,KR_6682638152
6,JarvanIV,6630,0,3211,3158,3067,3161,3364,JUNGLE,True,KR_6682638152
7,Ahri,6656,4628,1058,3158,3041,1056,3364,MIDDLE,True,KR_6682638152
8,Ashe,3006,3026,6672,3078,3091,1053,3363,BOTTOM,True,KR_6682638152
9,Milio,3012,3504,2065,3853,2055,3158,3364,UTILITY,True,KR_6682638152
0,Singed,1031,3066,3157,3009,4633,4637,3364,TOP,False,KR_6682575281
1,JarvanIV,3065,6630,3110,3161,0,3158,3364,JUNGLE,False,KR_6682575281
2,Talon,6691,3071,3814,6693,6694,0,3364,MIDDLE,False,KR_6682575281
3,Samira,3047,1018,3035,6676,3031,6333,3363,BOTTOM,False,KR_6682575281
4,Maokai,0,3075,3857,3009,3001,1029,3364,UTILITY,False,KR_6682575281
5,Rumble,4636,4637,3145,0,3916,3020,3364,TOP,True,KR_6682575281
6,Rengar,3742,3143,3009,6630,3066,1028,3364,JUNGLE,True,KR_6682575281
7,Ahri,6656,4628,3157,1082,1058,3158,3364,MIDDLE,True,KR_6682575281
8,Zeri,3006,3026,3035,6673,6675,3087,3363,BOTTOM,True,KR_6682575281
9,Alistar,3860,3109,0,6667,3158,3076,3364,UTILITY,True,KR_6682575281
0,Akshan,3124,3181,3153,3047,0,3123,3363,TOP,True,KR_6682149009
1,JarvanIV,6630,3161,0,3158,3082,3024,3364,JUNGLE,True,KR_6682149009
2,TwistedFate,6656,0,3157,3100,3041,3158,3340,MIDDLE,True,KR_6682149009
3,Kaisa,3087,3157,3020,3124,3115,0,3363,BOTTOM,True,KR_6682149009
4,Leona,6667,3860,1011,0,3076,3047,3364,UTILITY,True,KR_6682149009
5,Rengar,1028,6630,0,3742,1033,3047,3364,TOP,False,KR_6682149009
6,Vi,2421,2055,6632,3071,3111,0,3364,JUNGLE,False,KR_6682149009
7,Orianna,2421,3040,3108,3111,6653,1056,3363,MIDDLE,False,KR_6682149009
8,Lucian,6675,6672,3508,1033,1036,1001,3363,BOTTOM,False,KR_6682149009
9,Bard,3853,3190,3024,0,3082,3111,3364,UTILITY,False,KR_6682149009
0,Rumble,3152,3157,3135,4637,3020,0,3364,TOP,True,KR_6682084041
1,LeeSin,6630,2420,3111,0,3071,1031,3340,JUNGLE,True,KR_6682084041
2,TwistedFate,6656,3157,3094,3158,3100,3165,3364,MIDDLE,True,KR_6682084041
3,Kaisa,6672,6675,2421,3046,3036,3006,3363,BOTTOM,True,KR_6682084041
4,Alistar,0,3860,3076,6667,1028,3117,3364,UTILITY,True,KR_6682084041
5,Sion,3068,6665,0,1054,3158,4401,3364,TOP,False,KR_6682084041
6,Kindred,3111,6676,3031,6672,3086,2015,3364,JUNGLE,False,KR_6682084041
7,Sylas,6656,4645,3157,3020,3089,4630,3364,MIDDLE,False,KR_6682084041
8,Xayah,6672,6675,3046,3036,0,3006,3363,BOTTOM,False,KR_6682084041
9,Rakan,6667,3222,3860,3111,0,2055,3364,UTILITY,False,KR_6682084041
0,Renekton,6630,0,3047,3026,3053,3071,3364,TOP,False,KR_6682002040
1,JarvanIV,3110,6630,2055,0,3161,3158,3364,JUNGLE,False,KR_6682002040
2,Leblanc,3087,3020,2055,3100,6655,1058,3364,MIDDLE,False,KR_6682002040
3,Samira,1036,6691,0,6676,6673,3047,3363,BOTTOM,False,KR_6682002040
4,Zac,3109,3860,2055,0,6667,3158,3364,UTILITY,False,KR_6682002040
5,Jax,6632,3108,2421,3071,3158,1055,3340,TOP,True,KR_6682002040
6,Talon,6691,3158,0,6695,3071,3026,3364,JUNGLE,True,KR_6682002040
7,Ahri,6656,2055,3157,4628,1058,3158,3364,MIDDLE,True,KR_6682002040
8,Ezreal,3078,3042,6694,3110,0,3158,3363,BOTTOM,True,KR_6682002040
9,Rakan,3860,2065,2055,8001,3158,0,3364,UTILITY,True,KR_6682002040
0,Rengar,6630,3158,0,1055,1036,1036,3340,TOP,True,KR_6681947627
1,JarvanIV,0,0,6630,1103,3158,3067,3364,JUNGLE,True,KR_6681947627
2,Zoe,2033,6655,0,1082,3020,3145,3363,MIDDLE,True,KR_6681947627
3,Kaisa,3020,3115,1042,3087,1042,1052,3363,BOTTOM,True,KR_6681947627
4,Nautilus,3859,2055,1029,3001,3047,0,3364,UTILITY,True,KR_6681947627
5,Renekton,1054,6630,0,3111,3044,0,3364,TOP,False,KR_6681947627
6,Ekko,1103,3111,3152,1082,0,0,3364,JUNGLE,False,KR_6681947627
7,Talon,6630,2031,1036,2422,0,0,3364,MIDDLE,False,KR_6681947627
8,Ezreal,3078,3070,0,1055,0,2422,3340,BOTTOM,False,KR_6681947627
9,Karma,2031,3851,3158,3145,1052,1052,3364,UTILITY,False,KR_6681947627
0,Fiora,6630,1054,2031,3133,3077,3047,3364,TOP,False,KR_6681579847
1,Nidalee,2055,3108,3191,3158,4636,4645,3364,JUNGLE,False,KR_6681579847
2,Zed,6692,3179,3035,3133,3158,2055,3364,MIDDLE,False,KR_6681579847
3,Samira,6676,6673,2055,3111,1055,1018,3363,BOTTOM,False,KR_6681579847
4,Nautilus,1028,1029,3860,2055,6667,3111,3364,UTILITY,False,KR_6681579847
5,Quinn,3087,6671,1053,3006,1038,1018,3340,TOP,True,KR_6681579847
6,LeeSin,2420,6630,0,3047,1031,6333,3340,JUNGLE,True,KR_6681579847
7,Leblanc,3078,3087,2055,3158,2015,0,3364,MIDDLE,True,KR_6681579847
8,Kaisa,1055,3124,2055,3115,3087,3006,3363,BOTTOM,True,KR_6681579847
9,Rell,3860,3158,2055,6667,3050,0,3364,UTILITY,True,KR_6681579847
0,Jayce,6692,3133,6694,3047,3042,3067,3364,TOP,True,KR_6680599932
1,LeeSin,6630,3026,3071,0,3047,1033,3340,JUNGLE,True,KR_6680599932
2,Leblanc,6655,3111,0,3108,3087,1082,3340,MIDDLE,True,KR_6680599932
3,Kaisa,1055,3087,6677,3020,1037,3115,3363,BOTTOM,True,KR_6680599932
4,Nautilus,3047,3860,3001,3023,2055,3801,3364,UTILITY,True,KR_6680599932
5,Jax,3157,6632,1036,2055,1028,3047,3340,TOP,False,KR_6680599932
6,Viego,2055,0,0,3078,3071,3047,3364,JUNGLE,False,KR_6680599932
7,Zoe,3102,1026,1082,6655,3158,4645,3364,MIDDLE,False,KR_6680599932
8,Xayah,1038,3006,1053,6675,1055,6672,3363,BOTTOM,False,KR_6680599932
9,Rakan,3860,2055,6667,3916,3158,3114,3364,UTILITY,False,KR_6680599932
0,Jayce,3042,6691,0,0,3158,0,3363,TOP,False,KR_6680573634
1,RekSai,2422,3067,6631,1036,3133,0,3364,JUNGLE,False,KR_6680573634
2,Leblanc,2031,3087,0,6655,1058,3158,3364,MIDDLE,False,KR_6680573634
3,Ziggs,6653,3020,3040,2055,0,0,3363,BOTTOM,False,KR_6680573634
4,Rakan,3860,6667,2055,3111,0,0,3364,UTILITY,False,KR_6680573634
5,Malphite,1056,0,4632,3158,6662,3068,3340,TOP,True,KR_6680573634
6,Ekko,3100,3152,3102,3089,3111,3041,3364,JUNGLE,True,KR_6680573634
7,Yasuo,3115,4644,0,3006,0,0,3364,MIDDLE,True,KR_6680573634
8,Kaisa,3087,3020,2031,3115,1058,1052,3363,BOTTOM,True,KR_6680573634
9,Rell,3001,3860,0,1028,3158,1028,3364,UTILITY,True,KR_6680573634
0,Aatrox,3156,3047,6691,1036,1036,0,3340,TOP,False,KR_6680525703
1,JarvanIV,6630,2055,1029,3158,3161,3065,3364,JUNGLE,False,KR_6680525703
2,Leblanc,3087,6655,1052,1082,3020,4645,3364,MIDDLE,False,KR_6680525703
3,Xayah,6672,6675,3046,0,1055,3006,3363,BOTTOM,False,KR_6680525703
4,Rakan,2065,3860,2055,1004,3012,3111,3364,UTILITY,False,KR_6680525703
5,Akali,3157,3152,3145,1058,1082,3020,3364,TOP,True,KR_6680525703
6,Khazix,6692,3179,3814,0,3158,0,3364,JUNGLE,True,KR_6680525703
7,Rumble,0,3916,3152,3157,3111,1054,3363,MIDDLE,True,KR_6680525703
8,Ezreal,1038,3155,6694,3158,3042,3078,3363,BOTTOM,True,KR_6680525703
9,Nautilus,3860,6667,3109,3047,3012,2055,3364,UTILITY,True,KR_6680525703
0,Aatrox,1055,1036,3155,3057,6693,1001,3340,TOP,False,KR_6680486530
1,Evelynn,1102,3152,2055,3020,3113,1082,3363,JUNGLE,False,KR_6680486530
2,Jayce,6691,2422,3070,0,0,1054,3340,MIDDLE,False,KR_6680486530
3,Kaisa,6672,2422,1055,1042,0,0,3340,BOTTOM,False,KR_6680486530
4,Blitzcrank,3859,2055,3067,3117,0,0,3364,UTILITY,False,KR_6680486530
5,Akali,3152,2055,1056,1052,0,3020,3364,TOP,True,KR_6680486530
6,Belveth,0,6672,3071,0,3047,0,3364,JUNGLE,True,KR_6680486530
7,Leblanc,6656,2031,0,3020,1082,3087,3364,MIDDLE,True,KR_6680486530
8,Xayah,6672,1038,3006,3133,1055,2055,3363,BOTTOM,True,KR_6680486530
9,Thresh,2031,3023,3009,1033,0,3855,3364,UTILITY,True,KR_6680486530
0,Renekton,1055,2055,6630,3047,3071,3044,3364,TOP,False,KR_6680417563
1,Taliyah,3157,6653,1026,3020,4645,4630,3364,JUNGLE,False,KR_6680417563
2,Pantheon,3111,1055,3123,3071,6692,1036,3364,MIDDLE,False,KR_6680417563
3,Vayne,3078,3087,6673,3006,3046,0,3363,BOTTOM,False,KR_6680417563
4,Bard,3853,3190,2055,3107,3916,3009,3364,UTILITY,False,KR_6680417563
5,Aatrox,3047,3071,6630,6333,3053,3035,3364,TOP,True,KR_6680417563
6,Sejuani,8001,6667,2055,3047,1057,3068,3364,JUNGLE,True,KR_6680417563
7,Yone,6673,3006,3026,3031,0,3153,3340,MIDDLE,True,KR_6680417563
8,Kaisa,3157,2055,3124,3115,3087,3006,3363,BOTTOM,True,KR_6680417563
9,Rell,2421,3109,2055,3860,3001,3111,3364,UTILITY,True,KR_6680417563
0,Tryndamere,3006,6672,6631,1055,1036,1036,3340,TOP,False,KR_6680241457
1,Taliyah,6655,3157,1028,0,0,3020,3364,JUNGLE,False,KR_6680241457
2,Vex,6655,1058,3145,1056,1082,3020,3364,MIDDLE,False,KR_6680241457
3,Samira,6676,2031,1053,3031,1001,6673,3363,BOTTOM,False,KR_6680241457
4,Rell,2055,3859,3076,3001,1028,3158,3364,UTILITY,False,KR_6680241457
5,KSante,3047,3143,2031,1033,0,6662,3340,TOP,True,KR_6680241457
6,Nidalee,3020,4636,1052,4645,3102,1082,3364,JUNGLE,True,KR_6680241457
7,Yone,6630,3006,2055,1043,1054,3153,3340,MIDDLE,True,KR_6680241457
8,Ezreal,0,3078,3074,3042,1055,3158,3363,BOTTOM,True,KR_6680241457
9,Karma,3145,6655,3853,3108,1082,3020,3364,UTILITY,True,KR_6680241457
0,Cassiopeia,0,6656,3193,3040,3116,0,3363,TOP,True,KR_6680162617
1,JarvanIV,0,6630,3193,3161,3044,3158,3364,JUNGLE,True,KR_6680162617
2,Ahri,2033,6656,2055,4645,3111,4630,3364,MIDDLE,True,KR_6680162617
3,Ezreal,6694,3042,3078,3156,3158,1055,3363,BOTTOM,True,KR_6680162617
4,Alistar,3860,6667,0,3158,3023,3801,3364,UTILITY,True,KR_6680162617
5,Akali,3102,0,3152,4645,1052,3020,3364,TOP,False,KR_6680162617
6,Qiyana,2422,6692,3179,6695,1036,1036,3364,JUNGLE,False,KR_6680162617
7,Orianna,3040,3020,0,6655,3135,0,3363,MIDDLE,False,KR_6680162617
8,Sivir,6672,6675,3072,1036,1036,3006,3363,BOTTOM,False,KR_6680162617
9,Blitzcrank,6656,2031,3860,0,3117,1027,3364,UTILITY,False,KR_6680162617
0,Akshan,1055,3153,3091,6672,3006,1042,3340,TOP,True,KR_6679649723
1,LeeSin,2055,6630,2421,3143,3047,3071,3340,JUNGLE,True,KR_6679649723
2,Xerath,3157,4628,3020,1082,6655,3135,3363,MIDDLE,True,KR_6679649723
3,Kaisa,3124,3157,3006,3087,3115,3135,3363,BOTTOM,True,KR_6679649723
4,Rakan,3860,6667,0,3158,3075,0,3364,UTILITY,True,KR_6679649723
5,Malphite,3047,3110,3066,8020,6662,0,3364,TOP,False,KR_6679649723
6,Viego,2055,2420,3047,3078,6672,3071,3364,JUNGLE,False,KR_6679649723
7,Tristana,6672,6673,3031,3006,3072,1033,3364,MIDDLE,False,KR_6679649723
8,Xayah,2055,0,6675,6672,3072,3006,3363,BOTTOM,False,KR_6679649723
9,Maokai,3860,2055,6667,3067,1057,3158,3364,UTILITY,False,KR_6679649723
0,Renekton,6630,3071,1028,3047,0,1055,3364,TOP,True,KR_6679630166
1,Gragas,3157,4636,3165,1052,1082,3020,3364,JUNGLE,True,KR_6679630166
2,Syndra,3157,1082,3916,6655,0,3020,3363,MIDDLE,True,KR_6679630166
3,Kaisa,1055,6672,6675,3006,1043,0,3363,BOTTOM,True,KR_6679630166
4,Alistar,6667,2055,3860,3076,3158,1011,3364,UTILITY,True,KR_6679630166
5,Ornn,1054,3068,7026,3047,3076,0,3340,TOP,False,KR_6679630166
6,Belveth,3091,0,0,3153,3111,0,3364,JUNGLE,False,KR_6679630166
7,Sylas,6656,0,3157,1052,1082,3158,3364,MIDDLE,False,KR_6679630166
8,Samira,6676,3031,3036,3111,0,0,3363,BOTTOM,False,KR_6679630166
9,Rell,3859,2055,0,1029,6667,3158,3364,UTILITY,False,KR_6679630166
0,Pantheon,1055,6692,3047,3161,3814,0,3364,TOP,True,KR_6679601198
1,Ekko,4645,3100,3152,0,1052,3111,3340,JUNGLE,True,KR_6679601198
2,Jayce,3042,6694,2055,3111,0,6691,3363,MIDDLE,True,KR_6679601198
3,Kaisa,3006,6672,6675,1036,1055,1042,3363,BOTTOM,True,KR_6679601198
4,Leona,3860,3001,1028,1029,2055,3047,3364,UTILITY,True,KR_6679601198
5,Tryndamere,3006,6675,3074,0,0,0,3340,TOP,False,KR_6679601198
6,XinZhao,3161,6630,0,0,0,3047,3364,JUNGLE,False,KR_6679601198
7,Vex,3157,3158,6656,2055,1082,1058,3364,MIDDLE,False,KR_6679601198
8,Xayah,3085,6675,6672,3006,1053,1055,3363,BOTTOM,False,KR_6679601198
9,Rakan,6667,0,3860,1028,3111,0,3364,UTILITY,False,KR_6679601198
0,Yone,1042,3006,6672,1054,3044,1028,3363,TOP,False,KR_6679566777
1,Kindred,0,3078,3091,0,0,3047,3340,JUNGLE,False,KR_6679566777
2,Orianna,1056,1058,6655,3111,0,0,3363,MIDDLE,False,KR_6679566777
3,Ezreal,1055,3078,0,3042,0,3158,3363,BOTTOM,False,KR_6679566777
4,Rakan,2031,2055,3860,3067,3111,6667,3364,UTILITY,False,KR_6679566777
5,Jax,2420,2055,3047,3161,6632,1054,3340,TOP,True,KR_6679566777
6,Graves,0,3067,3133,6676,3078,3047,3364,JUNGLE,True,KR_6679566777
7,Neeko,3152,4645,1026,1082,3020,0,3340,MIDDLE,True,KR_6679566777
8,Samira,1036,1055,2055,3047,6691,6676,3363,BOTTOM,True,KR_6679566777
9,Nautilus,3190,3860,2055,3076,1028,3047,3364,UTILITY,True,KR_6679566777
0,Rumble,1054,2031,3020,4636,0,0,3340,TOP,False,KR_6679525175
1,Neeko,3152,1102,1001,1082,0,0,3364,JUNGLE,False,KR_6679525175
2,Viego,3748,1053,0,1001,0,0,3340,MIDDLE,False,KR_6679525175
3,Kaisa,6672,0,3006,0,0,1055,3340,BOTTOM,False,KR_6679525175
4,Alistar,2403,3859,2055,3023,0,3117,3364,UTILITY,False,KR_6679525175
5,Ziggs,6655,0,1056,4645,3020,0,3363,MIDDLE,True,KR_6679525175
6,RekSai,6631,1103,3111,1028,1028,0,3340,JUNGLE,True,KR_6679525175
7,Gnar,3057,3111,2055,3067,1054,3051,3340,TOP,True,KR_6679525175
8,Lucian,1036,3086,1055,6672,3031,3158,3363,BOTTOM,True,KR_6679525175
9,Nautilus,3111,2055,3859,3001,0,0,3364,UTILITY,True,KR_6679525175
0,KSante,1054,3057,1031,2055,3047,3067,3340,TOP,False,KR_6677278402
1,Graves,1103,6691,6670,2422,0,0,3364,JUNGLE,False,KR_6677278402
2,Leblanc,3087,2031,1042,1083,2422,1036,3363,MIDDLE,False,KR_6677278402
3,Samira,2031,6691,1036,1001,1036,0,3340,BOTTOM,False,KR_6677278402
4,Rell,3023,0,3859,0,0,3111,3364,UTILITY,False,KR_6677278402
5,Quinn,6672,2031,3006,3086,0,0,3340,TOP,True,KR_6677278402
6,JarvanIV,6630,3067,1103,3133,0,3158,3364,JUNGLE,True,KR_6677278402
7,Viktor,2033,6655,4628,3020,0,0,3340,MIDDLE,True,KR_6677278402
8,Varus,3142,2031,3158,3133,1036,3070,3363,BOTTOM,True,KR_6677278402
9,Lux,3851,4644,2055,0,3158,0,3364,UTILITY,True,KR_6677278402
0,LeeSin,3071,2055,3047,6692,6609,1055,3340,TOP,True,KR_6677211419
1,Elise,4645,3020,3135,4636,1052,2055,3364,JUNGLE,True,KR_6677211419
2,Tristana,3031,3006,3026,3072,3036,6672,3363,MIDDLE,True,KR_6677211419
3,Kalista,3142,2421,2055,3006,6672,1037,3363,BOTTOM,True,KR_6677211419
4,Alistar,3860,0,6667,1028,3075,3158,3364,UTILITY,True,KR_6677211419
5,Illaoi,3053,6662,0,3047,3071,0,3363,TOP,False,KR_6677211419
6,Hecarim,2055,1057,3066,6632,3110,3158,3364,JUNGLE,False,KR_6677211419
7,Syndra,3158,3089,1058,1056,6655,3135,3364,MIDDLE,False,KR_6677211419
8,Zeri,6675,3087,3006,3085,6673,0,3363,BOTTOM,False,KR_6677211419
9,Karma,2055,3853,2065,2424,3158,4005,3364,UTILITY,False,KR_6677211419
0,Rengar,3074,3742,3009,3001,0,0,3364,TOP,False,KR_6677143863
1,Taliyah,6655,1058,4645,3020,1082,1058,3364,JUNGLE,False,KR_6677143863
2,Qiyana,2031,6691,3814,0,1001,0,3363,MIDDLE,False,KR_6677143863
3,Varus,6691,2031,3004,3158,0,0,3363,BOTTOM,False,KR_6677143863
4,Neeko,3001,3853,1033,2055,3009,3067,3364,UTILITY,False,KR_6677143863
5,Ahri,3108,6653,3047,0,3113,3057,3340,TOP,True,KR_6677143863
6,FiddleSticks,3152,3157,2055,1028,3020,0,3330,JUNGLE,True,KR_6677143863
7,Tristana,3031,1055,2420,3072,3006,6672,3363,MIDDLE,True,KR_6677143863
8,Zeri,1053,6675,0,3087,1055,3006,3363,BOTTOM,True,KR_6677143863
9,Lulu,0,2065,3853,0,3504,3111,3364,UTILITY,True,KR_6677143863
0,Pantheon,2421,6692,0,3047,0,0,3340,TOP,False,KR_6677106615
1,Taliyah,6655,3020,1082,1101,0,0,3340,JUNGLE,False,KR_6677106615
2,Naafiri,3134,3074,2422,0,0,0,3364,MIDDLE,False,KR_6677106615
3,Jhin,1055,3095,3009,0,0,0,3340,BOTTOM,False,KR_6677106615
4,Rakan,3859,1004,0,1052,3067,3158,3364,UTILITY,False,KR_6677106615
5,Yone,3181,1018,6672,0,0,3006,3364,TOP,True,KR_6677106615
6,Ekko,2055,3152,3020,1103,1082,0,3364,JUNGLE,True,KR_6677106615
7,Tristana,6672,1083,1018,3006,1055,3031,3363,MIDDLE,True,KR_6677106615
8,Ezreal,1055,2031,3078,3070,1001,2055,3340,BOTTOM,True,KR_6677106615
9,Yuumi,1082,6617,3851,3114,0,2055,3364,UTILITY,True,KR_6677106615
0,Renekton,6630,3143,3161,3047,8020,3053,3364,TOP,True,KR_6677044759
1,Khazix,3134,3814,6695,6692,3179,3111,3364,JUNGLE,True,KR_6677044759
2,Cassiopeia,3040,3102,3157,2055,3089,6657,3340,MIDDLE,True,KR_6677044759
3,Aphelios,6672,6671,2055,1038,3036,3006,3363,BOTTOM,True,KR_6677044759
4,Alistar,1028,8020,3001,3860,0,3158,3364,UTILITY,True,KR_6677044759
5,Malphite,3068,2055,3076,3111,1057,6662,3364,TOP,False,KR_6677044759
6,Taliyah,4645,3135,3916,3089,3020,6655,3364,JUNGLE,False,KR_6677044759
7,Tristana,6672,1053,3036,3006,1038,6675,3363,MIDDLE,False,KR_6677044759
8,Zeri,6675,3087,6673,3036,3006,3085,3363,BOTTOM,False,KR_6677044759
9,Nami,3158,4005,3853,2065,3916,2055,3364,UTILITY,False,KR_6677044759
0,Gragas,6656,3157,4645,0,0,3158,3364,TOP,False,KR_6676984842
1,Taliyah,3020,3157,3089,6655,0,4645,3364,JUNGLE,False,KR_6676984842
2,Tristana,3036,3006,0,6672,1083,3031,3363,MIDDLE,False,KR_6676984842
3,Kalista,1036,3153,3026,3124,3085,3006,3363,BOTTOM,False,KR_6676984842
4,Thresh,3860,3075,0,3001,3158,1029,3364,UTILITY,False,KR_6676984842
5,Rengar,3111,6630,2420,3071,3082,6333,3363,TOP,True,KR_6676984842
6,Nidalee,3152,3157,3158,4645,3135,1082,3364,JUNGLE,True,KR_6676984842
7,KSante,3193,0,6662,3047,1031,6660,3364,MIDDLE,True,KR_6676984842
8,Twitch,3085,6672,3091,3031,3006,3153,3363,BOTTOM,True,KR_6676984842
9,Rell,1011,4643,6667,3860,3109,3111,3364,UTILITY,True,KR_6676984842
0,Renekton,2055,6630,3053,0,3071,3047,3364,TOP,False,KR_6676930599
1,Poppy,3109,0,6660,3001,1031,3158,3364,JUNGLE,False,KR_6676930599
2,Ahri,6656,4628,1026,3102,3158,1082,3364,MIDDLE,False,KR_6676930599
3,Varus,3091,3140,1053,3006,6672,3124,3363,BOTTOM,False,KR_6676930599
4,Braum,3012,1004,3860,2055,6667,3111,3364,UTILITY,False,KR_6676930599
5,KSante,3193,3111,1028,3075,6662,1054,3340,TOP,True,KR_6676930599
6,Rammus,0,3001,3082,8020,3075,3111,3364,JUNGLE,True,KR_6676930599
7,Zoe,2055,4628,3157,1082,6655,3020,3363,MIDDLE,True,KR_6676930599
8,Kaisa,3026,6675,6672,3006,3046,1036,3363,BOTTOM,True,KR_6676930599
9,Rakan,3860,8001,0,3111,0,2065,3364,UTILITY,True,KR_6676930599
0,Aatrox,1054,2055,3134,3047,6694,6691,3364,TOP,False,KR_6676794446
1,Nidalee,3152,1082,4645,3020,1058,1058,3364,JUNGLE,False,KR_6676794446
2,Jayce,6692,2055,3042,3035,3814,3111,3363,MIDDLE,False,KR_6676794446
3,Kaisa,1055,3115,3124,3087,2422,0,3363,BOTTOM,False,KR_6676794446
4,Nautilus,6667,2055,3860,3108,3158,2421,3364,UTILITY,False,KR_6676794446
5,Renekton,3133,1028,6631,3123,3047,1055,3340,TOP,True,KR_6676794446
6,Viego,3111,3078,0,3071,6672,1036,3364,JUNGLE,True,KR_6676794446
7,Lissandra,6656,2421,1056,3158,4645,3108,3364,MIDDLE,True,KR_6676794446
8,Zeri,3085,3006,3087,1036,6675,0,3363,BOTTOM,True,KR_6676794446
9,Rakan,1028,3860,0,6667,3158,3076,3364,UTILITY,True,KR_6676794446
0,Jayce,0,6694,3161,6692,3042,3047,3363,TOP,True,KR_6676750551
1,Khazix,6694,3179,6692,3134,1028,3158,3364,JUNGLE,True,KR_6676750551
2,Taliyah,4644,3158,2055,3040,4628,1058,3363,MIDDLE,True,KR_6676750551
3,Sivir,0,3087,6691,6696,3006,3071,3363,BOTTOM,True,KR_6676750551
4,Xerath,3853,3916,6653,0,3108,3158,3364,UTILITY,True,KR_6676750551
5,Riven,3074,2055,6692,0,6333,3047,3364,TOP,False,KR_6676750551
6,LeeSin,6630,2055,2420,3053,3133,3071,3340,JUNGLE,False,KR_6676750551
7,Ahri,3158,6656,3157,0,4628,0,3363,MIDDLE,False,KR_6676750551
8,Brand,4637,3020,3135,3116,2055,6653,3363,BOTTOM,False,KR_6676750551
9,Alistar,2065,3860,2055,3050,1028,3117,3364,UTILITY,False,KR_6676750551
0,Renekton,3047,1054,6630,3053,1029,0,3364,TOP,True,KR_6676714537
1,JarvanIV,3053,3047,6630,0,0,0,3364,JUNGLE,True,KR_6676714537
2,Neeko,3152,2033,3157,3041,3158,1058,3364,MIDDLE,True,KR_6676714537
3,Aphelios,1055,2421,6671,3036,3006,1038,3363,BOTTOM,True,KR_6676714537
4,Nautilus,2055,3082,3001,1028,3047,3860,3364,UTILITY,True,KR_6676714537
5,Poppy,3068,2033,1055,3047,6665,3076,3363,TOP,False,KR_6676714537
6,Nidalee,4636,4645,3020,1058,1058,1082,3364,JUNGLE,False,KR_6676714537
7,Tristana,3133,1038,1053,6672,3006,1055,3363,MIDDLE,False,KR_6676714537
8,Draven,3006,1053,3508,3074,1018,1055,3363,BOTTOM,False,KR_6676714537
9,Thresh,2055,3857,3067,6667,0,3158,3364,UTILITY,False,KR_6676714537
0,KSante,6662,0,0,0,3076,0,3340,TOP,False,KR_6676698053
1,Gragas,4636,0,0,1082,3020,1101,3364,JUNGLE,False,KR_6676698053
2,Yone,1054,2031,3006,1053,1043,0,3340,MIDDLE,False,KR_6676698053
3,Kaisa,1055,3087,3006,1042,1052,1026,3340,BOTTOM,False,KR_6676698053
4,Zac,3859,2031,6660,1029,1001,0,3364,UTILITY,False,KR_6676698053
5,Aatrox,3047,2055,2031,1036,6692,1054,3340,TOP,True,KR_6676698053
6,Kindred,3051,3057,1028,6672,3006,1103,3364,JUNGLE,True,KR_6676698053
7,Neeko,3152,3108,2420,3020,1056,3191,3340,MIDDLE,True,KR_6676698053
8,Ezreal,3158,2031,6675,3508,1036,0,3363,BOTTOM,True,KR_6676698053
9,Rakan,3859,3111,0,1004,6667,0,3364,UTILITY,True,KR_6676698053
0,Illaoi,3181,3053,3111,2421,6662,3071,3340,TOP,True,KR_6672784042
1,Nidalee,3152,3157,4645,3135,1082,3158,3364,JUNGLE,True,KR_6672784042
2,Zed,3071,3074,6692,6694,1036,3158,3363,MIDDLE,True,KR_6672784042
3,Heimerdinger,1052,3157,3089,4645,3020,6653,3363,BOTTOM,True,KR_6672784042
4,Pyke,3179,3857,6691,3117,3814,0,3364,UTILITY,True,KR_6672784042
5,Fiora,3181,3074,2055,1037,6632,3111,3364,TOP,False,KR_6672784042
6,Viego,3078,6672,3155,3111,3026,1036,3364,JUNGLE,False,KR_6672784042
7,Leblanc,3158,6655,2421,3087,3100,3108,3364,MIDDLE,False,KR_6672784042
8,Ziggs,3157,3089,4630,3020,6653,3040,3363,BOTTOM,False,KR_6672784042
9,Rakan,3860,2065,2055,3158,3109,2420,3364,UTILITY,False,KR_6672784042
0,Udyr,4637,3916,3111,6665,0,0,3364,TOP,True,KR_6672710259
1,Kindred,3078,6672,3111,1033,0,0,3364,JUNGLE,True,KR_6672710259
2,Naafiri,6692,3071,2055,1036,3035,3111,3364,MIDDLE,True,KR_6672710259
3,Zeri,6675,3087,3139,1043,3006,0,3363,BOTTOM,True,KR_6672710259
4,Rakan,3860,2065,2055,8001,3111,0,3364,UTILITY,True,KR_6672710259
5,Fiora,1054,2031,3111,3133,0,6632,3364,TOP,False,KR_6672710259
6,FiddleSticks,3152,3157,2055,0,3020,0,3330,JUNGLE,False,KR_6672710259
7,Azir,6655,2031,2422,1082,3135,3108,3340,MIDDLE,False,KR_6672710259
8,Jinx,6672,3031,0,3006,0,0,3363,BOTTOM,False,KR_6672710259
9,Milio,0,3853,2065,3158,1004,0,3364,UTILITY,False,KR_6672710259
0,FiddleSticks,3157,3020,2055,6653,3102,3916,3330,TOP,False,KR_6672629084
1,Graves,3142,6676,3033,1028,1036,3111,3364,JUNGLE,False,KR_6672629084
2,Naafiri,3071,6692,2055,3026,1054,3111,3364,MIDDLE,False,KR_6672629084
3,Swain,3102,6653,3111,3116,1056,2424,3363,BOTTOM,False,KR_6672629084
4,Nautilus,3860,2055,1057,6667,3111,1028,3364,UTILITY,False,KR_6672629084
5,Kennen,2055,3157,3152,3916,3145,3020,3364,TOP,True,KR_6672629084
6,Sylas,3157,3041,4636,3020,3102,3135,3364,JUNGLE,True,KR_6672629084
7,Tristana,3072,3047,2420,6672,1033,6675,3363,MIDDLE,True,KR_6672629084
8,Kaisa,3087,3020,3157,3124,3115,2139,3363,BOTTOM,True,KR_6672629084
9,Bard,3853,3190,1011,8020,3076,3009,3364,UTILITY,True,KR_6672629084
0,Maokai,1056,3065,3001,3158,6660,0,3340,TOP,False,KR_6672548203
1,MonkeyKing,2055,1037,3133,6632,3071,3158,3364,JUNGLE,False,KR_6672548203
2,TwistedFate,6656,2033,3100,3108,1052,3158,3364,MIDDLE,False,KR_6672548203
3,Nilah,6675,6676,2420,3111,0,0,3363,BOTTOM,False,KR_6672548203
4,Leona,3001,1028,3860,3801,0,3117,3364,UTILITY,False,KR_6672548203
5,Udyr,3111,3157,6665,1082,4637,0,3340,TOP,True,KR_6672548203
6,Gragas,4645,3135,4632,1082,4636,3020,3364,JUNGLE,True,KR_6672548203
7,Naafiri,3071,2421,1038,3111,6692,6694,3340,MIDDLE,True,KR_6672548203
8,Kaisa,1055,2421,3124,3006,3046,6672,3363,BOTTOM,True,KR_6672548203
9,Blitzcrank,6656,2055,3860,3117,3742,0,3364,UTILITY,True,KR_6672548203
0,KSante,3193,3047,3143,6662,0,0,3364,TOP,False,KR_6672108329
1,Qiyana,6691,3161,6696,3133,1036,3158,3364,JUNGLE,False,KR_6672108329
2,Ekko,1082,3020,2033,3152,3108,1043,3364,MIDDLE,False,KR_6672108329
3,Caitlyn,3087,3031,3094,0,1083,3006,3363,BOTTOM,False,KR_6672108329
4,Morgana,3117,2055,3157,3853,3067,0,3364,UTILITY,False,KR_6672108329
5,Gangplank,3072,3158,3508,6675,3086,1018,3363,TOP,True,KR_6672108329
6,Elise,4645,4636,2420,1052,1082,3020,3364,JUNGLE,True,KR_6672108329
7,Lucian,3508,3158,0,6675,6672,1055,3363,MIDDLE,True,KR_6672108329
8,Kaisa,0,3802,1026,3087,3006,3115,3363,BOTTOM,True,KR_6672108329
9,Nautilus,3111,6667,3023,3860,3801,2055,3364,UTILITY,True,KR_6672108329
0,KSante,1054,6662,3047,3075,3105,1029,3340,TOP,False,KR_6672018475
1,Graves,3078,1053,0,3047,3053,6676,3364,JUNGLE,False,KR_6672018475
2,Qiyana,3133,3134,6691,3814,1036,3158,3364,MIDDLE,False,KR_6672018475
3,Kaisa,3087,6655,2420,3108,3115,3006,3363,BOTTOM,False,KR_6672018475
4,Braum,3190,3860,0,3047,3076,1011,3364,UTILITY,False,KR_6672018475
5,Yasuo,6671,6672,2420,1055,1031,3006,3364,TOP,True,KR_6672018475
6,Nidalee,3157,4636,1082,0,3145,3020,3364,JUNGLE,True,KR_6672018475
7,Zed,3035,3074,2055,6691,3158,1036,3364,MIDDLE,True,KR_6672018475
8,Aphelios,3036,2420,6671,6672,3006,3072,3363,BOTTOM,True,KR_6672018475
9,Nautilus,3801,3860,0,3111,3023,3001,3364,UTILITY,True,KR_6672018475
0,Malphite,0,1029,3068,1054,3076,1001,3340,TOP,False,KR_6671965716
1,Khazix,2055,1102,3179,2422,1036,3134,3364,JUNGLE,False,KR_6671965716
2,Akali,1026,3191,1082,3020,1056,3145,3340,MIDDLE,False,KR_6671965716
3,Sivir,1083,6672,3133,0,0,3006,3340,BOTTOM,False,KR_6671965716
4,Alistar,2055,3859,3158,3023,1033,0,3364,UTILITY,False,KR_6671965716
5,Camille,2031,6632,1001,0,1083,1054,3340,TOP,True,KR_6671965716
6,Rumble,1026,1011,0,1103,3020,4636,3364,JUNGLE,True,KR_6671965716
7,Zed,3074,3134,2031,3158,0,0,3340,MIDDLE,True,KR_6671965716
8,Xayah,6672,3133,1038,1018,3006,1055,3363,BOTTOM,True,KR_6671965716
9,Nautilus,3859,3105,2055,0,1011,3158,3364,UTILITY,True,KR_6671965716
0,Olaf,1001,4401,6631,0,0,0,3340,TOP,False,KR_6671918792
1,Graves,3142,0,1033,0,6676,1001,3364,JUNGLE,False,KR_6671918792
2,Leblanc,3087,3145,0,3111,3108,1052,3340,MIDDLE,False,KR_6671918792
3,Xayah,1055,6675,6672,3006,0,0,3363,BOTTOM,False,KR_6671918792
4,Nautilus,3111,3855,0,1028,3001,0,3364,UTILITY,False,KR_6671918792
5,Akali,3152,1058,0,3020,1056,3145,3364,TOP,True,KR_6671918792
6,JarvanIV,0,6630,0,3161,3158,0,3340,JUNGLE,True,KR_6671918792
7,Lissandra,2031,3089,4645,3020,1056,3041,3364,MIDDLE,True,KR_6671918792
8,Ashe,6672,3006,3051,3057,1055,3067,3363,BOTTOM,True,KR_6671918792
9,Rakan,3860,6667,3012,3114,3158,2055,3364,UTILITY,True,KR_6671918792
0,Jayce,6692,2031,3004,1036,1036,3158,3364,TOP,False,KR_6671880673
1,JarvanIV,6630,3047,1028,1101,0,0,3364,JUNGLE,False,KR_6671880673
2,Xerath,1056,6655,1052,1001,0,1082,3363,MIDDLE,False,KR_6671880673
3,Ezreal,3078,3070,0,2422,3133,1055,3363,BOTTOM,False,KR_6671880673
4,Rakan,3859,4642,0,3158,3067,0,3364,UTILITY,False,KR_6671880673
5,Nocturne,2033,6631,3161,0,1001,0,3363,TOP,True,KR_6671880673
6,RekSai,6631,3133,2055,2422,1103,1028,3364,JUNGLE,True,KR_6671880673
7,Camille,3077,1001,0,3078,1054,3053,3364,MIDDLE,True,KR_6671880673
8,Kaisa,3006,6672,3133,1018,1038,1055,3363,BOTTOM,True,KR_6671880673
9,Nautilus,0,2031,3860,2055,3001,3047,3364,UTILITY,True,KR_6671880673
0,Gangplank,3508,2033,6675,3047,1018,3134,3363,TOP,True,KR_6670843775
1,Elise,4636,3157,0,0,1033,3020,3364,JUNGLE,True,KR_6670843775
2,Yone,6673,3153,1018,0,3001,3006,3364,MIDDLE,True,KR_6670843775
3,Heimerdinger,1056,3020,0,1052,6653,4645,3363,BOTTOM,True,KR_6670843775
4,Thresh,3001,0,3857,1029,1028,3117,3364,UTILITY,True,KR_6670843775
5,Darius,6631,3047,3742,0,0,1054,3340,TOP,False,KR_6670843775
6,Taliyah,3145,3020,6653,1082,1058,0,3364,JUNGLE,False,KR_6670843775
7,Tristana,1055,6672,2031,1036,3047,1036,3363,MIDDLE,False,KR_6670843775
8,Kaisa,3115,3087,0,3020,0,0,3340,BOTTOM,False,KR_6670843775
9,TahmKench,3860,3190,1028,0,3111,0,3364,UTILITY,False,KR_6670843775
0,Jax,3067,1036,3157,3111,3161,6632,3340,TOP,True,KR_6670772593
1,Viego,3078,2421,1037,3111,3091,3153,3364,JUNGLE,True,KR_6670772593
2,Neeko,4645,3152,3089,3157,3020,1082,3364,MIDDLE,True,KR_6670772593
3,Yasuo,3026,1029,6672,3072,3031,3006,3363,BOTTOM,True,KR_6670772593
4,Nautilus,3860,2055,2421,3158,8020,3001,3364,UTILITY,True,KR_6670772593
5,Gragas,0,3157,6656,3158,4629,3135,3364,TOP,False,KR_6670772593
6,Taliyah,4645,2420,6655,1082,3020,3916,3364,JUNGLE,False,KR_6670772593
7,Tristana,3031,3006,3036,1038,1055,6672,3363,MIDDLE,False,KR_6670772593
8,Kaisa,6672,3091,3006,6675,6673,0,3363,BOTTOM,False,KR_6670772593
9,Rakan,3860,8001,2055,6667,3047,0,3364,UTILITY,False,KR_6670772593
0,Yone,3006,0,0,6671,3181,6672,3364,TOP,True,KR_6670705066
1,Graves,3142,3071,1036,6676,3047,0,3364,JUNGLE,True,KR_6670705066
2,Leblanc,0,3135,3158,3041,4645,6655,3364,MIDDLE,True,KR_6670705066
3,Ashe,2420,3078,6672,3086,1043,3006,3363,BOTTOM,True,KR_6670705066
4,Karma,3853,2065,3916,4005,0,3158,3364,UTILITY,True,KR_6670705066
5,Aatrox,2055,1036,6691,3814,1054,3047,3340,TOP,False,KR_6670705066
6,Lillia,2055,3157,1028,4637,3158,6653,3364,JUNGLE,False,KR_6670705066
7,Tristana,6672,3072,3031,0,1055,3006,3364,MIDDLE,False,KR_6670705066
8,Caitlyn,1043,6670,6671,3087,3006,1055,3363,BOTTOM,False,KR_6670705066
9,Alistar,3190,3860,0,3050,3009,1028,3364,UTILITY,False,KR_6670705066
0,KSante,6662,3193,3143,1028,3068,3047,3340,TOP,False,KR_6670586642
1,LeeSin,6333,6630,2055,3071,3047,3026,3340,JUNGLE,False,KR_6670586642
2,Neeko,4630,3152,3089,3157,1026,3158,3364,MIDDLE,False,KR_6670586642
3,Ashe,3072,6672,2421,3006,3031,3046,3363,BOTTOM,False,KR_6670586642
4,Alistar,3143,3860,2055,6667,3158,1028,3364,UTILITY,False,KR_6670586642
5,Garen,3742,3006,6631,3086,3071,3053,3364,TOP,True,KR_6670586642
6,Karthus,2055,3157,6653,3020,4645,3135,3364,JUNGLE,True,KR_6670586642
7,Tristana,3031,3006,3094,6672,3072,3036,3363,MIDDLE,True,KR_6670586642
8,Kaisa,6676,1037,3006,3046,6672,3036,3363,BOTTOM,True,KR_6670586642
9,Leona,3001,2055,3860,3111,3109,3023,3364,UTILITY,True,KR_6670586642
0,Ornn,8001,1057,3047,6660,7023,8020,3363,TOP,True,KR_6670237931
1,Evelynn,3102,1082,0,3020,3135,7011,3363,JUNGLE,True,KR_6670237931
2,Yone,3153,3091,1018,3006,7023,3123,3364,MIDDLE,True,KR_6670237931
3,Xayah,6672,3156,0,3072,7032,3006,3363,BOTTOM,True,KR_6670237931
4,Alistar,3860,3001,0,8020,3111,3801,3364,UTILITY,True,KR_6670237931
5,Kled,3074,6631,3133,1055,8020,3111,3363,TOP,False,KR_6670237931
6,FiddleSticks,3157,2055,3152,3135,3102,3020,3330,JUNGLE,False,KR_6670237931
7,Sylas,6656,2421,2055,4645,3158,1082,3364,MIDDLE,False,KR_6670237931
8,Kaisa,3115,6655,3135,3087,3020,0,3363,BOTTOM,False,KR_6670237931
9,Rell,3860,2055,3001,8020,3111,3067,3364,UTILITY,False,KR_6670237931
0,Rengar,3742,3133,2031,3009,3067,6632,3364,TOP,False,KR_6670171180
1,LeeSin,3179,2055,6630,3067,3158,3133,3340,JUNGLE,False,KR_6670171180
2,Ahri,6656,2033,3157,0,4628,3158,3364,MIDDLE,False,KR_6670171180
3,Kaisa,3087,2421,3124,3115,3108,3006,3363,BOTTOM,False,KR_6670171180
4,Thresh,3860,2055,1011,2065,3111,3067,3364,UTILITY,False,KR_6670171180
5,Udyr,2421,3916,3111,6665,4637,1056,3364,TOP,True,KR_6670171180
6,Nidalee,0,4628,3020,4645,1082,4636,3340,JUNGLE,True,KR_6670171180
7,Talon,3142,6693,3111,3814,1036,1036,3364,MIDDLE,True,KR_6670171180
8,Ezreal,3158,3133,6694,3042,3078,3077,3363,BOTTOM,True,KR_6670171180
9,Braum,1004,3012,3860,0,6667,3047,3364,UTILITY,True,KR_6670171180
0,Gangplank,3508,6675,3047,6676,3035,1018,3363,TOP,False,KR_6670085310
1,LeeSin,6630,3179,2055,3026,1028,3158,3340,JUNGLE,False,KR_6670085310
2,Ahri,1056,2033,6656,1058,4645,3158,3364,MIDDLE,False,KR_6670085310
3,Draven,3074,1036,3508,1055,3031,3006,3363,BOTTOM,False,KR_6670085310
4,Blitzcrank,3860,3012,2055,6656,3117,0,3364,UTILITY,False,KR_6670085310
5,KSante,6662,3193,3068,3047,3082,1011,3364,TOP,True,KR_6670085310
6,Viego,6672,2420,3078,3071,1029,3047,3364,JUNGLE,True,KR_6670085310
7,Orianna,6653,3020,3040,1052,3165,2055,3363,MIDDLE,True,KR_6670085310
8,Nilah,1029,2055,6671,3047,6673,6676,3363,BOTTOM,True,KR_6670085310
9,Rakan,6667,3860,2055,3107,3047,0,3364,UTILITY,True,KR_6670085310
0,Gangplank,3508,6671,3047,6676,1018,1036,3363,TOP,False,KR_6669765366
1,Elise,1052,2055,3157,4636,3020,1082,3364,JUNGLE,False,KR_6669765366
2,Tristana,6675,3087,3047,3072,1036,3155,3363,MIDDLE,False,KR_6669765366
3,Xayah,3026,6672,3006,6675,6673,0,3363,BOTTOM,False,KR_6669765366
4,Rakan,3860,2065,0,3158,2055,3023,3364,UTILITY,False,KR_6669765366
5,Renekton,6631,3026,3143,3053,3105,3047,3364,TOP,True,KR_6669765366
6,Khazix,3814,6691,6694,3158,3134,0,3364,JUNGLE,True,KR_6669765366
7,Leblanc,4645,6655,1026,3041,3089,3020,3364,MIDDLE,True,KR_6669765366
8,Ezreal,3078,3042,0,3158,6694,0,3363,BOTTOM,True,KR_6669765366
9,Rell,3001,3067,2055,3860,1011,3047,3364,UTILITY,True,KR_6669765366
0,Camille,6632,3158,2421,3181,3074,3123,3364,TOP,False,KR_6669717150
1,Khazix,2055,6333,3047,3179,6692,0,3364,JUNGLE,False,KR_6669717150
2,Leblanc,6655,3087,3135,4645,3020,1058,3364,MIDDLE,False,KR_6669717150
3,Zeri,3087,6673,3006,2055,6675,3086,3363,BOTTOM,False,KR_6669717150
4,Rakan,3047,2421,2055,3860,6667,0,3364,UTILITY,False,KR_6669717150
5,Aatrox,3071,6692,2055,6694,1036,3047,3364,TOP,True,KR_6669717150
6,Belveth,3091,6631,2055,6333,3071,3047,3364,JUNGLE,True,KR_6669717150
7,Tristana,1055,2421,6675,3006,3072,3087,3364,MIDDLE,True,KR_6669717150
8,Draven,3094,3033,3072,6676,3078,3006,3363,BOTTOM,True,KR_6669717150
9,Rell,3109,3860,3050,2055,3001,3158,3364,UTILITY,True,KR_6669717150
0,Aatrox,6630,3044,1054,0,3071,3047,3364,TOP,True,KR_6669677295
1,Viego,0,0,3047,3071,3078,6672,3364,JUNGLE,True,KR_6669677295
2,Malzahar,1056,2055,3089,3020,6655,4645,3363,MIDDLE,True,KR_6669677295
3,Caitlyn,1055,3031,3087,1036,3006,1018,3363,BOTTOM,True,KR_6669677295
4,Morgana,6656,3853,3165,2055,0,3158,3364,UTILITY,True,KR_6669677295
5,Renekton,1055,6630,3047,3133,3067,1036,3363,TOP,False,KR_6669677295
6,Kayn,0,3158,2055,6676,6691,3035,3364,JUNGLE,False,KR_6669677295
7,Leblanc,1033,3087,3020,3041,6655,0,3364,MIDDLE,False,KR_6669677295
8,Jhin,2031,6671,3094,0,3095,3009,3363,BOTTOM,False,KR_6669677295
9,Alistar,6667,3859,2055,0,0,3158,3364,UTILITY,False,KR_6669677295
0,Jax,6632,3071,2421,1054,3047,3133,3340,TOP,False,KR_6669627957
1,Belveth,6333,2421,6631,3111,0,2055,3364,JUNGLE,False,KR_6669627957
2,Leblanc,3020,4636,3041,0,3087,1052,3364,MIDDLE,False,KR_6669627957
3,Kaisa,6675,6672,3091,3006,1053,1043,3363,BOTTOM,False,KR_6669627957
4,Nautilus,3001,3023,3860,2055,0,3111,3364,UTILITY,False,KR_6669627957
5,Aatrox,0,6333,6630,3047,1028,0,3364,TOP,True,KR_6669627957
6,Viego,3078,2421,2055,3153,3047,6672,3364,JUNGLE,True,KR_6669627957
7,Neeko,3152,1058,3089,3020,3135,1082,3364,MIDDLE,True,KR_6669627957
8,Vayne,1031,3006,2421,3091,6672,3078,3363,BOTTOM,True,KR_6669627957
9,Alistar,6667,3860,3109,3047,2055,0,3364,UTILITY,True,KR_6669627957
0,Rengar,3742,3143,3009,6632,1028,1029,3364,TOP,True,KR_6669605075
1,LeeSin,2421,6630,0,1038,3071,3047,3340,JUNGLE,True,KR_6669605075
2,Orianna,3040,6653,2420,3916,3158,3145,3340,MIDDLE,True,KR_6669605075
3,Ezreal,3158,2421,3508,6691,3042,3067,3363,BOTTOM,True,KR_6669605075
4,Alistar,3190,2055,3860,3066,3158,1031,3364,UTILITY,True,KR_6669605075
5,Darius,3066,3742,6631,1055,3047,3123,3364,TOP,False,KR_6669605075
6,Ekko,3152,1082,2055,3100,3020,3108,3364,JUNGLE,False,KR_6669605075
7,Camille,2055,3078,2420,3053,1038,3158,3364,MIDDLE,False,KR_6669605075
8,Samira,3036,3026,3111,6691,0,6676,3363,BOTTOM,False,KR_6669605075
9,Nautilus,3860,1029,2055,3001,3023,3047,3364,UTILITY,False,KR_6669605075
0,Camille,3074,6632,1054,1001,0,2055,3340,TOP,False,KR_6669576415
1,JarvanIV,2055,6630,3111,1103,3133,0,3364,JUNGLE,False,KR_6669576415
2,Akali,3152,2031,1082,1054,3020,0,3364,MIDDLE,False,KR_6669576415
3,Zeri,1083,3087,3006,0,0,0,3340,BOTTOM,False,KR_6669576415
4,Lulu,3851,2065,2055,3158,0,0,3364,UTILITY,False,KR_6669576415
5,Graves,2422,3133,1055,3078,3134,3067,3340,TOP,True,KR_6669576415
6,Ivern,3158,6617,3107,2055,1082,0,3364,JUNGLE,True,KR_6669576415
7,Talon,6691,2031,6693,2422,1036,0,3364,MIDDLE,True,KR_6669576415
8,Kaisa,6677,3020,3041,3115,0,3087,3363,BOTTOM,True,KR_6669576415
9,Neeko,3853,2031,0,6656,3158,0,3364,UTILITY,True,KR_6669576415
0,Vladimir,3152,2055,0,4645,3158,0,3364,TOP,False,KR_6669204409
1,Maokai,3916,3158,4637,6667,1028,0,3364,JUNGLE,False,KR_6669204409
2,Yone,6672,3031,2055,0,0,3006,3364,MIDDLE,False,KR_6669204409
3,Zeri,1055,3087,6675,0,3006,0,3363,BOTTOM,False,KR_6669204409
4,Rell,2055,2031,3860,3001,0,3111,3364,UTILITY,False,KR_6669204409
5,Sett,6029,3181,3111,3051,0,3067,3364,TOP,True,KR_6669204409
6,Khazix,3814,6692,2055,3179,3158,3035,3364,JUNGLE,True,KR_6669204409
7,Taliyah,6653,3020,2424,4645,3135,1052,3364,MIDDLE,True,KR_6669204409
8,Kaisa,1055,3087,3006,3115,3124,0,3363,BOTTOM,True,KR_6669204409
9,Swain,3853,2421,3047,3116,6667,1052,3364,UTILITY,True,KR_6669204409
0,KSante,3193,3047,3076,4401,8020,6662,3364,TOP,False,KR_6669149551
1,Graves,3142,2055,6676,3071,3111,3036,3364,JUNGLE,False,KR_6669149551
2,Azir,2420,3102,3135,3115,6653,3020,3363,MIDDLE,False,KR_6669149551
3,Varus,6694,3814,3158,3042,6691,3155,3363,BOTTOM,False,KR_6669149551
4,Rell,3050,3860,2055,3001,3158,1057,3364,UTILITY,False,KR_6669149551
5,Gwen,3135,4633,8020,3047,3115,4629,3364,TOP,True,KR_6669149551
6,Belveth,3047,3026,6631,2055,3053,3071,3364,JUNGLE,True,KR_6669149551
7,Akali,3152,0,3157,3020,3089,4645,3364,MIDDLE,True,KR_6669149551
8,Sivir,3087,3071,2420,3006,6691,6694,3363,BOTTOM,True,KR_6669149551
9,Rakan,3222,0,3860,3158,6667,3067,3364,UTILITY,True,KR_6669149551
0,Poppy,2033,3076,3068,3047,3105,3067,3340,TOP,False,KR_6669071517
1,Nidalee,4636,4645,0,3158,1029,0,3364,JUNGLE,False,KR_6669071517
2,Galio,3916,3157,6656,3158,1082,0,3364,MIDDLE,False,KR_6669071517
3,Xayah,1055,0,3006,6672,6675,0,3363,BOTTOM,False,KR_6669071517
4,Rakan,3860,6667,2055,3158,1029,3024,3364,UTILITY,False,KR_6669071517
5,Aatrox,1028,0,6691,3158,6694,3134,3364,TOP,True,KR_6669071517
6,Khazix,1028,3134,6693,6691,3179,3111,3364,JUNGLE,True,KR_6669071517
7,Akali,3152,2031,0,4645,3020,3191,3364,MIDDLE,True,KR_6669071517
8,Ashe,6672,3078,0,0,1055,3006,3363,BOTTOM,True,KR_6669071517
9,Nautilus,3111,3857,6667,2055,1028,0,3364,UTILITY,True,KR_6669071517
0,Aatrox,6691,1055,3133,3111,3035,0,3364,TOP,True,KR_6669010092
1,Kayn,3142,6693,3814,3042,3158,3035,3364,JUNGLE,True,KR_6669010092
2,Gangplank,3508,6675,3047,0,1018,0,3364,MIDDLE,True,KR_6669010092
3,Kaisa,1058,3115,3087,3124,3020,1058,3363,BOTTOM,True,KR_6669010092
4,Rell,3190,3860,3075,0,0,3158,3364,UTILITY,True,KR_6669010092
5,Gragas,2421,6656,3191,3158,1056,0,3364,TOP,False,KR_6669010092
6,Taliyah,1082,4645,6653,1052,1101,3020,3364,JUNGLE,False,KR_6669010092
7,Tristana,3094,6672,1053,3006,1055,3031,3363,MIDDLE,False,KR_6669010092
8,MissFortune,1055,3142,2031,3814,3035,2422,3340,BOTTOM,False,KR_6669010092
9,Braum,6667,3857,2031,2055,3047,1029,3364,UTILITY,False,KR_6669010092
0,Camille,2031,6632,0,1036,2422,0,3340,TOP,False,KR_6668734855
1,Viego,1102,6672,3051,3057,2422,0,3364,JUNGLE,False,KR_6668734855
2,Akali,2031,3152,0,3108,3020,1054,3364,MIDDLE,False,KR_6668734855
3,Zeri,1055,3006,3087,2055,0,0,3363,BOTTOM,False,KR_6668734855
4,Pyke,1036,3855,1036,3134,0,3158,3364,UTILITY,False,KR_6668734855
5,Jax,1055,3158,6632,3133,1036,0,3340,TOP,True,KR_6668734855
6,FiddleSticks,1102,3157,1052,3020,1028,0,3330,JUNGLE,True,KR_6668734855
7,Yone,3153,1055,6673,3006,1054,0,3364,MIDDLE,True,KR_6668734855
8,Kaisa,1055,1026,0,3108,3087,2422,3363,BOTTOM,True,KR_6668734855
9,Ornn,1033,3855,3023,1027,3047,2031,3364,UTILITY,True,KR_6668734855
0,Jax,1029,3161,2421,3111,3091,6632,3340,TOP,True,KR_6668678362
1,Nidalee,3157,1082,2055,3158,1052,4636,3364,JUNGLE,True,KR_6668678362
2,Talon,6691,6693,3814,3158,0,0,3364,MIDDLE,True,KR_6668678362
3,Zeri,3086,1053,0,3087,6675,3006,3363,BOTTOM,True,KR_6668678362
4,Ornn,3111,3857,3001,8020,0,2055,3364,UTILITY,True,KR_6668678362
5,Yone,6672,3031,3006,0,0,0,3364,MIDDLE,False,KR_6668678362
6,Neeko,3152,1082,3191,3020,3108,2424,3364,JUNGLE,False,KR_6668678362
7,Fiora,6630,3077,0,3133,1054,1001,3364,TOP,False,KR_6668678362
8,Kaisa,3087,3115,3006,1037,1055,0,3363,BOTTOM,False,KR_6668678362
9,Rakan,6667,1028,3860,2055,3047,0,3364,UTILITY,False,KR_6668678362
0,KSante,6662,3075,3105,2055,1029,3047,3364,TOP,True,KR_6668610803
1,Khazix,3047,3133,3814,6692,3067,0,3364,JUNGLE,True,KR_6668610803
2,Leblanc,3100,3087,0,3041,6655,3158,3364,MIDDLE,True,KR_6668610803
3,Draven,3508,3074,1038,3006,1055,0,3363,BOTTOM,True,KR_6668610803
4,Alistar,3158,6667,3860,2055,1011,1029,3364,UTILITY,True,KR_6668610803
5,Fiora,2031,3077,2055,1001,1036,6632,3340,TOP,False,KR_6668610803
6,RekSai,1102,6631,2055,3047,3133,3067,3364,JUNGLE,False,KR_6668610803
7,Zoe,3020,2031,6655,1052,1056,1082,3364,MIDDLE,False,KR_6668610803
8,MissFortune,3036,2422,1036,6676,6691,1055,3363,BOTTOM,False,KR_6668610803
9,Nautilus,2055,3860,3190,1011,1028,3158,3364,UTILITY,False,KR_6668610803
0,Jax,3067,3133,0,3047,6632,1054,3340,TOP,False,KR_6661245788
1,Poppy,1029,2031,6660,0,6662,3047,3364,JUNGLE,False,KR_6661245788
2,Akali,3145,3152,1082,1054,3047,0,3364,MIDDLE,False,KR_6661245788
3,Xayah,6675,6672,1055,0,3006,0,3363,BOTTOM,False,KR_6661245788
4,Lulu,2065,3158,3853,0,3113,3114,3364,UTILITY,False,KR_6661245788
5,Darius,6631,3076,2031,3066,1028,3047,3364,TOP,True,KR_6661245788
6,Viego,3071,6632,3133,0,3047,1031,3364,JUNGLE,True,KR_6661245788
7,Tristana,6675,3006,1038,6672,1055,1053,3363,MIDDLE,True,KR_6661245788
8,Aphelios,1083,3086,6672,1036,3006,1038,3340,BOTTOM,True,KR_6661245788
9,Blitzcrank,2055,3860,6656,3117,1028,3023,3364,UTILITY,True,KR_6661245788
0,Yorick,3047,3181,6632,3123,1036,1036,3363,TOP,True,KR_6661194822
1,JarvanIV,3047,6630,2055,3156,3026,0,3364,JUNGLE,True,KR_6661194822
2,Leblanc,3020,3087,0,4636,1082,3145,3364,MIDDLE,True,KR_6661194822
3,Xayah,3155,1055,1038,6672,6675,3006,3363,BOTTOM,True,KR_6661194822
4,Rakan,6667,3860,0,3158,0,3109,3364,UTILITY,True,KR_6661194822
5,Aatrox,1036,1036,0,6692,3047,6694,3364,TOP,False,KR_6661194822
6,Nautilus,3860,3190,2055,3047,3023,1029,3364,UTILITY,False,KR_6661194822
7,Katarina,3115,1082,3152,2421,3020,0,3364,MIDDLE,False,KR_6661194822
8,Lucian,6675,6672,1018,1036,1036,3158,3363,BOTTOM,False,KR_6661194822
9,Nidalee,3152,3157,3135,1082,3916,3158,3364,JUNGLE,False,KR_6661194822
0,Renekton,3071,3044,6631,1054,3047,1037,3364,TOP,True,KR_6661141990
1,Ekko,3102,3152,2420,3020,3115,3041,3364,JUNGLE,True,KR_6661141990
2,Talon,3142,6693,2055,3158,3814,3035,3364,MIDDLE,True,KR_6661141990
3,Xayah,6675,6672,1038,3006,1053,0,3363,BOTTOM,True,KR_6661141990
4,Thresh,2055,2421,3857,2065,1028,3111,3364,UTILITY,True,KR_6661141990
5,Urgot,1055,2003,3047,6672,3067,3133,3363,TOP,False,KR_6661141990
6,LeeSin,6630,3133,2055,3047,1036,3067,3340,JUNGLE,False,KR_6661141990
7,Zoe,6655,3020,1052,1056,1082,0,3340,MIDDLE,False,KR_6661141990
8,Zeri,3087,6675,2055,3006,1018,1042,3363,BOTTOM,False,KR_6661141990
9,Rakan,3860,2055,1011,3105,0,3111,3364,UTILITY,False,KR_6661141990
0,Renekton,1055,6630,2420,3071,1029,3047,3340,TOP,True,KR_6659208012
1,Elise,4636,2420,0,3020,4645,1082,3364,JUNGLE,True,KR_6659208012
2,Leblanc,3802,2031,3108,3087,1026,3020,3364,MIDDLE,True,KR_6659208012
3,Kalista,3085,3006,3035,3153,3124,1055,3363,BOTTOM,True,KR_6659208012
4,Thresh,3857,3109,0,0,3001,3117,3364,UTILITY,True,KR_6659208012
5,Camille,3077,6632,1053,2422,3133,0,3363,TOP,False,KR_6659208012
6,Khazix,3179,2055,2422,3035,6691,3133,3364,JUNGLE,False,KR_6659208012
7,Azir,3115,4644,0,0,1056,3111,3363,MIDDLE,False,KR_6659208012
8,Draven,1055,1037,3074,3006,0,3508,3363,BOTTOM,False,KR_6659208012
9,Alistar,3860,3001,2055,0,3117,0,3364,UTILITY,False,KR_6659208012
0,Renekton,2031,6630,3044,3047,1028,1054,3340,TOP,True,KR_6659155688
1,LeeSin,0,3047,6630,2055,3071,0,3340,JUNGLE,True,KR_6659155688
2,Neeko,3152,2033,3157,0,1052,3020,3364,MIDDLE,True,KR_6659155688
3,Kaisa,1055,3087,3006,1037,1042,0,3363,BOTTOM,True,KR_6659155688
4,Blitzcrank,2065,2421,3859,0,0,3117,3364,UTILITY,True,KR_6659155688
5,Jax,1055,6632,3133,3111,3067,1036,3340,TOP,False,KR_6659155688
6,Elise,4636,0,3108,1102,3020,1082,3364,JUNGLE,False,KR_6659155688
7,Zed,3074,2031,1036,0,1036,2422,3364,MIDDLE,False,KR_6659155688
8,Samira,2055,3031,6676,3111,1036,1036,3363,BOTTOM,False,KR_6659155688
9,Nautilus,3859,3023,0,3111,1033,0,3364,UTILITY,False,KR_6659155688
0,Fiora,6631,3074,3044,3047,1037,1054,3340,TOP,False,KR_6659083318
1,Khazix,3179,6692,3158,3035,0,0,3364,JUNGLE,False,KR_6659083318
2,Azir,3115,4644,2421,3020,1056,3108,3363,MIDDLE,False,KR_6659083318
3,Lucian,1038,1018,1053,3006,6675,6672,3363,BOTTOM,False,KR_6659083318
4,Belveth,2055,2031,3857,1001,3071,1028,3364,UTILITY,False,KR_6659083318
5,Quinn,6671,3123,3035,3087,3006,1055,3363,TOP,True,KR_6659083318
6,LeeSin,3071,6630,2055,3053,3047,0,3340,JUNGLE,True,KR_6659083318
7,Galio,6656,3158,3157,2055,3916,1056,3363,MIDDLE,True,KR_6659083318
8,Ezreal,3078,3042,3133,0,1055,3158,3363,BOTTOM,True,KR_6659083318
9,Karma,2065,3853,3114,0,3158,3916,3364,UTILITY,True,KR_6659083318
0,Sett,1055,6631,3181,3047,1038,3133,3340,TOP,True,KR_6658982989
1,Kindred,0,3078,3067,3047,6672,3133,3364,JUNGLE,True,KR_6658982989
2,Neeko,3152,1058,3157,3158,0,1082,3340,MIDDLE,True,KR_6658982989
3,Draven,3074,1055,3508,0,0,1001,3363,BOTTOM,True,KR_6658982989
4,Thresh,3857,3190,0,3801,3023,3158,3364,UTILITY,True,KR_6658982989
5,Yorick,3070,2055,0,3074,6694,3158,3340,TOP,False,KR_6658982989
6,Nidalee,4636,2421,3191,3020,3108,1082,3364,JUNGLE,False,KR_6658982989
7,Jayce,3070,3142,1055,0,3133,3111,3364,MIDDLE,False,KR_6658982989
8,Xayah,6672,3006,6675,3086,1036,1055,3363,BOTTOM,False,KR_6658982989
9,Rakan,3860,1028,3916,0,3158,6667,3364,UTILITY,False,KR_6658982989
0,Zac,8020,3001,8001,3068,3076,3047,3364,TOP,False,KR_6657366686
1,Viego,3143,6631,2055,3111,3053,6672,3364,JUNGLE,False,KR_6657366686
2,Yone,3153,6672,3026,3006,3001,6673,3364,MIDDLE,False,KR_6657366686
3,Ezreal,6694,3078,3042,3110,3158,3026,3363,BOTTOM,False,KR_6657366686
4,Bard,3190,2421,4643,3853,3107,3009,3364,UTILITY,False,KR_6657366686
5,Riven,3161,6694,3074,3071,6692,3026,3364,TOP,True,KR_6657366686
6,Rell,0,3050,3109,6667,3076,3158,3364,JUNGLE,True,KR_6657366686
7,Orianna,2421,3089,1082,3165,3020,6653,3364,MIDDLE,True,KR_6657366686
8,Zeri,3087,6675,3026,3036,3085,3006,3363,BOTTOM,True,KR_6657366686
9,Braum,3109,0,2055,3860,6667,3158,3364,UTILITY,True,KR_6657366686
0,Renekton,3158,3193,6631,3133,1029,3053,3364,TOP,True,KR_6656065742
1,Nidalee,3108,2421,3020,4636,4645,3089,3364,JUNGLE,True,KR_6656065742
2,Lucian,3087,6675,3047,1038,1055,1018,3340,MIDDLE,True,KR_6656065742
3,Draven,3072,1037,1018,3134,3047,3078,3363,BOTTOM,True,KR_6656065742
4,Pyke,3857,1028,0,3134,3179,3117,3364,UTILITY,True,KR_6656065742
5,Gangplank,6675,3508,3047,3134,0,0,3363,TOP,False,KR_6656065742
6,LeeSin,6630,3047,3133,2055,3066,1037,3340,JUNGLE,False,KR_6656065742
7,Leblanc,4645,3087,0,3020,1082,4636,3364,MIDDLE,False,KR_6656065742
8,MissFortune,6676,3142,6694,3814,0,3009,3363,BOTTOM,False,KR_6656065742
9,Blitzcrank,6656,3860,1029,3117,1028,0,3364,UTILITY,False,KR_6656065742
0,Renekton,3053,3047,6630,1033,1054,1036,3364,TOP,False,KR_6656035288
1,Nidalee,1052,3020,1082,4645,4636,4632,3364,JUNGLE,False,KR_6656035288
2,Yone,3153,3091,2055,3006,3023,1033,3364,MIDDLE,False,KR_6656035288
3,Ashe,6672,3078,3006,3046,3155,2055,3363,BOTTOM,False,KR_6656035288
4,Braum,3190,8020,3857,2055,3047,0,3364,UTILITY,False,KR_6656035288
5,Garen,3742,6631,3006,3053,1029,0,3364,TOP,True,KR_6656035288
6,Taliyah,3135,6657,2055,3158,4645,3089,3364,JUNGLE,True,KR_6656035288
7,Azir,3115,4630,4644,3020,0,0,3363,MIDDLE,True,KR_6656035288
8,Aphelios,6672,6671,1018,2055,3006,1038,3363,BOTTOM,True,KR_6656035288
9,Alistar,3860,1057,2055,3001,3009,3067,3364,UTILITY,True,KR_6656035288
0,AurelionSol,2031,1056,3116,3802,0,2422,3340,MIDDLE,False,KR_6654596737
1,KSante,1054,3076,3047,3067,1029,0,3340,TOP,False,KR_6654596737
2,Graves,1103,6691,3133,2055,2422,0,3364,JUNGLE,False,KR_6654596737
3,Zeri,0,3087,1038,0,3006,0,3340,BOTTOM,False,KR_6654596737
4,Rakan,3158,3859,2055,4642,3067,0,3364,UTILITY,False,KR_6654596737
5,Darius,2031,1055,3742,6631,1033,3158,3364,TOP,True,KR_6654596737
6,Poppy,1102,3001,3066,3158,1031,0,3364,JUNGLE,True,KR_6654596737
7,Taliyah,3158,4644,0,1082,1058,3003,3363,MIDDLE,True,KR_6654596737
8,Kaisa,1055,6672,3006,1038,1036,0,3340,BOTTOM,True,KR_6654596737
9,Blitzcrank,2065,3859,2031,2055,0,3117,3364,UTILITY,True,KR_6654596737
0,Aatrox,1054,1036,6691,3047,0,0,3340,TOP,False,KR_6654571271
1,Jax,0,3078,3133,1102,0,2422,3340,JUNGLE,False,KR_6654571271
2,Sylas,3158,1082,2031,3067,3802,1056,3364,MIDDLE,False,KR_6654571271
3,Tristana,3133,2031,3006,0,1055,6672,3340,BOTTOM,False,KR_6654571271
4,Anivia,3853,1001,6657,0,1082,3070,3364,UTILITY,False,KR_6654571271
5,Renekton,1055,6630,0,3047,0,3123,3340,TOP,True,KR_6654571271
6,Poppy,3158,1102,0,3068,0,0,3364,JUNGLE,True,KR_6654571271
7,Gragas,1056,6656,3158,3108,3113,1052,3364,MIDDLE,True,KR_6654571271
8,Ezreal,3004,3158,3508,1055,1036,0,3363,BOTTOM,True,KR_6654571271
9,Rakan,3859,2055,3111,1029,1011,1033,3364,UTILITY,True,KR_6654571271
0,Renekton,1031,6631,2420,3053,3047,3153,3364,TOP,True,KR_6654517361
1,Elise,3020,1082,2055,3157,4636,4645,3364,JUNGLE,True,KR_6654517361
2,Camille,3074,3181,6632,1055,3053,3158,3363,MIDDLE,True,KR_6654517361
3,Sivir,3087,3071,6691,3158,6694,0,3363,BOTTOM,True,KR_6654517361
4,Rakan,2065,3860,2055,1057,3050,3111,3364,UTILITY,True,KR_6654517361
5,Gwen,3157,3115,1033,4633,0,3047,3364,TOP,False,KR_6654517361
6,Neeko,3152,0,3157,3020,4630,3089,3364,JUNGLE,False,KR_6654517361
7,Zed,1036,1036,3158,3074,3071,6691,3364,MIDDLE,False,KR_6654517361
8,Caitlyn,3094,3006,3095,3035,0,3031,3363,BOTTOM,False,KR_6654517361
9,Senna,3047,3864,3143,6662,0,3076,3364,UTILITY,False,KR_6654517361
0,KSante,3105,0,1054,6662,3068,3047,3364,TOP,False,KR_6654471572
1,Karthus,4645,2055,3020,0,0,6653,3340,JUNGLE,False,KR_6654471572
2,Leblanc,3087,2031,3108,3111,3802,3145,3364,MIDDLE,False,KR_6654471572
3,Sivir,3071,1036,3047,3087,3134,1036,3363,BOTTOM,False,KR_6654471572
4,Yuumi,3853,2065,2055,3114,3012,0,3364,UTILITY,False,KR_6654471572
5,Malphite,6662,8020,3105,1054,3047,3068,3340,TOP,True,KR_6654471572
6,JarvanIV,3071,2421,6630,3161,3111,0,3364,JUNGLE,True,KR_6654471572
7,Neeko,3152,1058,1056,3020,3102,1058,3340,MIDDLE,True,KR_6654471572
8,Zeri,3006,1038,1053,3087,6675,1018,3363,BOTTOM,True,KR_6654471572
9,Rakan,2065,3860,2055,3012,3114,3158,3364,UTILITY,True,KR_6654471572
0,KSante,6662,3047,3193,2055,3076,1011,3340,TOP,False,KR_6654184924
1,Nidalee,3152,3108,2421,4645,3020,1082,3364,JUNGLE,False,KR_6654184924
2,Tristana,1018,6672,3006,1083,6675,1053,3364,MIDDLE,False,KR_6654184924
3,Kaisa,1055,1037,3006,3115,1042,3087,3363,BOTTOM,False,KR_6654184924
4,Leona,3001,3860,2055,3076,1011,3117,3364,UTILITY,False,KR_6654184924
5,Fiora,6632,1055,3111,3074,3181,1037,3364,TOP,True,KR_6654184924
6,LeeSin,0,6630,2421,3071,0,3111,3340,JUNGLE,True,KR_6654184924
7,AurelionSol,3116,6653,4630,3020,3916,1026,3363,MIDDLE,True,KR_6654184924
8,Xayah,1055,6675,3006,6672,3035,1018,3363,BOTTOM,True,KR_6654184924
9,Rakan,6667,1028,3860,2055,3111,3024,3364,UTILITY,True,KR_6654184924
0,Jayce,3070,6692,2031,1036,3158,2055,3340,TOP,True,KR_6654134332
1,Karthus,2055,3020,6653,1058,1101,0,3364,JUNGLE,True,KR_6654134332
2,Yone,3006,3153,3001,0,1054,0,3364,MIDDLE,True,KR_6654134332
3,Ezreal,3004,3078,3158,0,0,0,3340,BOTTOM,True,KR_6654134332
4,Nautilus,3855,3111,6667,2031,2055,0,3364,UTILITY,True,KR_6654134332
5,Malphite,1056,6662,2031,3158,0,0,3340,TOP,False,KR_6654134332
6,RekSai,6631,2055,1103,3133,1036,3047,3364,JUNGLE,False,KR_6654134332
7,Cassiopeia,3802,1082,3070,1028,0,0,3340,MIDDLE,False,KR_6654134332
8,Zeri,1083,3087,1038,1036,1001,2055,3340,BOTTOM,False,KR_6654134332
9,Braum,3855,3047,0,1029,1033,1028,3364,UTILITY,False,KR_6654134332
0,Gangplank,3508,3047,0,6675,3035,6676,3363,TOP,True,KR_6654041515
1,Taliyah,2421,3089,3020,6655,1082,4645,3364,JUNGLE,True,KR_6654041515
2,Yasuo,6673,3153,0,3006,3001,0,3364,MIDDLE,True,KR_6654041515
3,Samira,3072,6691,6676,3036,6673,3047,3363,BOTTOM,True,KR_6654041515
4,Rell,3860,3109,0,3001,3023,3158,3364,UTILITY,True,KR_6654041515
5,Jax,3047,3193,1011,6632,1029,3071,3340,TOP,False,KR_6654041515
6,Poppy,2055,3068,3066,3001,1028,3158,3364,JUNGLE,False,KR_6654041515
7,Neeko,3152,2033,3089,3020,4645,1082,3364,MIDDLE,False,KR_6654041515
8,Kalista,3006,3153,3124,3085,3026,1055,3363,BOTTOM,False,KR_6654041515
9,Braum,3857,3047,2055,6667,3023,1028,3364,UTILITY,False,KR_6654041515
0,Fiora,6632,2421,3074,2055,1031,3047,3364,TOP,True,KR_6652559493
1,Maokai,8020,6667,2421,4401,0,3047,3364,JUNGLE,True,KR_6652559493
2,Tristana,3026,3031,3086,6672,3072,3006,3363,MIDDLE,True,KR_6652559493
3,Lucian,3158,3094,3026,6675,3508,1036,3363,BOTTOM,True,KR_6652559493
4,Velkoz,6653,0,1052,3853,4628,3020,3364,UTILITY,True,KR_6652559493
5,Jax,2421,3108,3078,3158,3161,2055,3340,TOP,False,KR_6652559493
6,Taliyah,3157,3916,0,4645,3020,6655,3364,JUNGLE,False,KR_6652559493
7,Jayce,6694,0,0,3158,6691,3042,3363,MIDDLE,False,KR_6652559493
8,Varus,2055,6694,1036,3042,6691,3009,3363,BOTTOM,False,KR_6652559493
9,Xerath,3853,6653,1058,3020,3116,1058,3364,UTILITY,False,KR_6652559493
0,Rumble,1058,4636,0,3020,0,1056,3340,TOP,False,KR_6652503805
1,Nocturne,3111,1103,6631,2055,3067,3133,3364,JUNGLE,False,KR_6652503805
2,Tristana,2031,6672,1083,3133,1055,3006,3363,MIDDLE,False,KR_6652503805
3,Xayah,6672,1018,3006,1055,1036,1038,3340,BOTTOM,False,KR_6652503805
4,Leona,3859,0,3001,1029,3023,3117,3364,UTILITY,False,KR_6652503805
5,Jax,2031,3158,6632,3082,0,0,3340,TOP,True,KR_6652503805
6,Lissandra,2421,6656,3158,1082,1056,3108,3363,MIDDLE,True,KR_6652503805
7,MasterYi,1102,3006,3153,6670,6691,0,3364,JUNGLE,True,KR_6652503805
8,Zeri,3133,2055,3087,1055,3006,1038,3363,BOTTOM,True,KR_6652503805
9,Rakan,6667,3859,2055,3047,0,0,3364,UTILITY,True,KR_6652503805
0,Yasuo,0,3006,1055,6673,6672,3031,3364,TOP,True,KR_6652460255
1,Nunu,4637,6667,0,3111,0,3041,3364,JUNGLE,True,KR_6652460255
2,Akshan,1055,3091,1042,1042,3047,6672,3364,MIDDLE,True,KR_6652460255
3,Varus,1055,2031,3006,3087,3115,4635,3363,BOTTOM,True,KR_6652460255
4,Rakan,2065,3860,3158,0,3114,3916,3364,UTILITY,True,KR_6652460255
5,Aatrox,3047,6691,0,1036,1036,3035,3364,TOP,False,KR_6652460255
6,Viego,6632,0,1036,3133,1028,2422,3364,JUNGLE,False,KR_6652460255
7,AurelionSol,3116,3802,3108,2422,1056,0,3340,MIDDLE,False,KR_6652460255
8,Kaisa,3115,3087,3006,1055,0,1037,3363,BOTTOM,False,KR_6652460255
9,Thresh,2055,3107,3857,2031,3158,3001,3364,UTILITY,False,KR_6652460255
0,Malphite,6656,3157,1052,0,3165,3020,3364,TOP,False,KR_6652170903
1,Viego,3026,1028,0,3047,3078,3071,3364,JUNGLE,False,KR_6652170903
2,Leblanc,3087,3100,3020,4636,1026,0,3364,MIDDLE,False,KR_6652170903
3,Xayah,6675,3156,1018,3046,6672,3006,3363,BOTTOM,False,KR_6652170903
4,Ashe,3179,3864,2055,6609,3158,3067,3364,UTILITY,False,KR_6652170903
5,Jax,3157,0,3053,3111,1033,6632,3340,TOP,True,KR_6652170903
6,Diana,6657,2421,1082,3110,3111,4637,3364,JUNGLE,True,KR_6652170903
7,Jayce,6691,3042,3026,6694,3161,3111,3363,MIDDLE,True,KR_6652170903
8,Kaisa,3087,2031,3115,3020,6655,1052,3363,BOTTOM,True,KR_6652170903
9,Soraka,3853,0,3107,3158,6617,1011,3364,UTILITY,True,KR_6652170903
0,KSante,3047,2055,3193,8020,3068,6662,3364,TOP,False,KR_6650489081
1,LeeSin,3047,6630,2421,2055,1038,3071,3340,JUNGLE,False,KR_6650489081
2,Taliyah,3040,4644,2421,1058,4645,3158,3363,MIDDLE,False,KR_6650489081
3,Sivir,3031,3046,3072,3006,3087,0,3363,BOTTOM,False,KR_6650489081
4,Lulu,2065,3853,2055,3158,3504,3916,3364,UTILITY,False,KR_6650489081
5,Garen,3053,6631,3033,0,3742,3047,3364,TOP,True,KR_6650489081
6,Ekko,3152,2420,3111,1082,3115,3089,3364,JUNGLE,True,KR_6650489081
7,Jayce,3042,6691,3161,3158,1038,6694,3363,MIDDLE,True,KR_6650489081
8,Kaisa,2420,6672,3046,3036,6675,3006,3363,BOTTOM,True,KR_6650489081
9,Pyke,3857,3179,2420,6691,2055,3117,3364,UTILITY,True,KR_6650489081
0,Camille,3074,6632,3044,3066,3111,1028,3364,TOP,True,KR_6650070889
1,Ivern,6616,3107,3158,1004,2055,6617,3364,JUNGLE,True,KR_6650070889
2,Qiyana,3158,6691,0,3042,6694,0,3364,MIDDLE,True,KR_6650070889
3,Samira,2421,6673,6691,3047,6676,1018,3363,BOTTOM,True,KR_6650070889
4,Maokai,0,3050,3860,1028,3001,3158,3364,UTILITY,True,KR_6650070889
5,Skarner,3082,6667,0,3158,1054,8020,3364,TOP,False,KR_6650070889
6,Khazix,6695,0,3179,3158,6691,0,3364,JUNGLE,False,KR_6650070889
7,Vex,1056,6656,2421,3020,1082,3108,3363,MIDDLE,False,KR_6650070889
8,Kaisa,6675,6672,1055,3046,0,3006,3363,BOTTOM,False,KR_6650070889
9,Alistar,3001,1033,3860,3023,0,3158,3364,UTILITY,False,KR_6650070889
0,Fiora,1054,3074,3044,3047,1037,3078,3364,TOP,False,KR_6649990111
1,Ekko,3152,3157,2055,3158,0,3115,3364,JUNGLE,False,KR_6649990111
2,Qiyana,3158,6691,2420,3042,6694,1038,3364,MIDDLE,False,KR_6649990111
3,Kaisa,6675,3046,2421,6672,3006,1031,3363,BOTTOM,False,KR_6649990111
4,Maokai,2055,1029,3860,8020,3001,3158,3364,UTILITY,False,KR_6649990111
5,Jayce,6694,3158,1036,6691,3042,1036,3340,TOP,True,KR_6649990111
6,Graves,6671,3111,3036,1018,1053,3179,3364,JUNGLE,True,KR_6649990111
7,Rumble,3152,3157,4637,3089,3009,4630,3364,MIDDLE,True,KR_6649990111
8,Yasuo,3078,3006,3153,1055,6672,1038,3363,BOTTOM,True,KR_6649990111
9,Alistar,3860,3158,2055,6667,1011,3076,3364,UTILITY,True,KR_6649990111
0,Jayce,1055,1036,3158,6691,3070,3133,3364,TOP,False,KR_6649044663
1,Nidalee,3145,2055,0,3020,4636,1058,3364,JUNGLE,False,KR_6649044663
2,Leblanc,2031,2055,1082,3087,3802,3020,3364,MIDDLE,False,KR_6649044663
3,Zeri,1083,3087,3006,6675,1036,0,3363,BOTTOM,False,KR_6649044663
4,Lulu,2031,3853,2065,2055,3158,1028,3364,UTILITY,False,KR_6649044663
5,Rengar,0,3158,6695,3074,6632,1055,3364,TOP,True,KR_6649044663
6,Taliyah,4645,3020,6655,3041,0,0,3364,JUNGLE,True,KR_6649044663
7,Tristana,3006,6672,1018,1038,1055,1083,3363,MIDDLE,True,KR_6649044663
8,Aphelios,3086,3006,1038,1036,6672,1055,3363,BOTTOM,True,KR_6649044663
9,Thresh,3857,3158,3001,2031,2055,1028,3364,UTILITY,True,KR_6649044663
0,Pantheon,2031,6630,1036,0,1001,0,3363,TOP,False,KR_6649012605
1,Poppy,1102,6632,0,3066,3111,0,3364,JUNGLE,False,KR_6649012605
2,TwistedFate,3158,6656,2033,1052,0,0,3340,MIDDLE,False,KR_6649012605
3,Xayah,1055,6672,3006,0,0,0,3340,BOTTOM,False,KR_6649012605
4,Rakan,3859,2031,3111,3067,2055,0,3364,UTILITY,False,KR_6649012605
5,Singed,1056,2031,3116,1082,3047,1028,3363,TOP,True,KR_6649012605
6,Karthus,2421,2055,1082,6653,3020,0,3364,JUNGLE,True,KR_6649012605
7,Tristana,6675,3006,0,1036,1055,6672,3363,MIDDLE,True,KR_6649012605
8,Kaisa,1055,6672,3133,1038,3006,0,3340,BOTTOM,True,KR_6649012605
9,Nautilus,3117,3860,0,3023,1033,0,3364,UTILITY,True,KR_6649012605
0,Renekton,1054,2055,6630,2031,3071,3111,3364,TOP,False,KR_6646532823
1,Taliyah,1082,3157,2055,3020,6655,4645,3364,JUNGLE,False,KR_6646532823
2,Zed,3074,6691,3158,1036,1036,2055,3364,MIDDLE,False,KR_6646532823
3,Sivir,3006,6672,2055,6675,1018,3035,3363,BOTTOM,False,KR_6646532823
4,Braum,1028,2031,2055,3860,3009,3001,3364,UTILITY,False,KR_6646532823
5,Ornn,3068,3076,7027,1011,1054,3047,3363,TOP,True,KR_6646532823
6,Maokai,2055,3158,6667,3076,1011,4637,3364,JUNGLE,True,KR_6646532823
7,Tristana,3072,6672,2055,7032,1055,3006,3363,MIDDLE,True,KR_6646532823
8,Ezreal,3158,1055,3042,1036,3078,1036,3363,BOTTOM,True,KR_6646532823
9,Seraphine,3011,6617,2055,3853,3158,1052,3364,UTILITY,True,KR_6646532823
0,Rumble,1052,4636,3165,3145,3009,3108,3364,TOP,True,KR_6646467565
1,Belveth,3047,3153,6665,6672,3133,1037,3364,JUNGLE,True,KR_6646467565
2,Yone,3153,3026,6671,6672,0,3006,3364,MIDDLE,True,KR_6646467565
3,Kaisa,3087,3124,3157,3115,3089,3020,3363,BOTTOM,True,KR_6646467565
4,Nautilus,6667,3860,0,3067,3158,1011,3364,UTILITY,True,KR_6646467565
5,Illaoi,3111,6662,2055,3193,0,3071,3340,TOP,False,KR_6646467565
6,RekSai,6631,2421,3071,2422,1031,3053,3364,JUNGLE,False,KR_6646467565
7,Azir,3115,4644,3135,3020,1058,3089,3363,MIDDLE,False,KR_6646467565
8,Tristana,3072,3046,3006,6672,6675,3156,3363,BOTTOM,False,KR_6646467565
9,Rakan,3860,0,2420,6667,3111,3916,3364,UTILITY,False,KR_6646467565
0,Hecarim,0,6632,3133,3047,3067,1036,3364,JUNGLE,False,KR_6645836277
1,Malphite,6662,2031,1031,0,6660,3047,3364,TOP,False,KR_6645836277
2,Chogath,3152,3108,2420,1082,1056,3111,3364,MIDDLE,False,KR_6645836277
3,Aphelios,1036,3006,6671,2055,3095,1018,3363,BOTTOM,False,KR_6645836277
4,Thresh,3860,3190,2055,1028,0,3117,3364,UTILITY,False,KR_6645836277
5,Jax,6632,3153,2055,3111,1036,1036,3340,TOP,True,KR_6645836277
6,Graves,3071,0,1036,6691,1036,3111,3364,JUNGLE,True,KR_6645836277
7,Neeko,3152,0,3157,1058,0,3158,3364,MIDDLE,True,KR_6645836277
8,Kaisa,1055,1042,1042,6675,6672,3006,3363,BOTTOM,True,KR_6645836277
9,Rakan,6667,3860,0,1028,1029,3111,3364,UTILITY,True,KR_6645836277
0,Renekton,1028,6630,3123,3044,1037,3047,3364,TOP,False,KR_6645766647
1,RekSai,6631,3053,0,0,2422,0,3364,JUNGLE,False,KR_6645766647
2,Azir,3115,4644,2055,1026,1056,3111,3363,MIDDLE,False,KR_6645766647
3,Samira,1001,6676,0,1055,6691,0,3363,BOTTOM,False,KR_6645766647
4,Alistar,6667,3111,3860,2055,0,0,3364,UTILITY,False,KR_6645766647
5,TwistedFate,6656,2424,2033,3100,1082,3111,3340,MIDDLE,True,KR_6645766647
6,Taliyah,3157,1082,0,0,6653,3020,3364,JUNGLE,True,KR_6645766647
7,Aatrox,3133,3047,3814,6691,1054,1036,3364,TOP,True,KR_6645766647
8,Zeri,1055,6675,3087,3006,3086,1043,3363,BOTTOM,True,KR_6645766647
9,Poppy,3857,0,2055,0,3742,3111,3364,UTILITY,True,KR_6645766647
0,Fiora,3077,1053,6632,3158,0,1054,3340,TOP,False,KR_6645668130
1,Taliyah,6655,2055,1101,3020,1052,0,3364,JUNGLE,False,KR_6645668130
2,Ahri,3020,6656,1056,1052,1082,1028,3363,MIDDLE,False,KR_6645668130
3,Kaisa,1055,3087,3115,2422,2055,0,3363,BOTTOM,False,KR_6645668130
4,Alistar,3105,3860,2055,0,1011,3158,3364,UTILITY,False,KR_6645668130
5,Renekton,6631,1054,2055,3071,1033,3047,3364,TOP,True,KR_6645668130
6,Nidalee,4645,2055,4636,3020,1082,1052,3364,JUNGLE,True,KR_6645668130
7,Tristana,6672,3031,0,3006,1055,0,3363,MIDDLE,True,KR_6645668130
8,Zeri,1055,3087,3006,1038,1018,0,3363,BOTTOM,True,KR_6645668130
9,Rell,3023,3158,3859,2055,1033,0,3364,UTILITY,True,KR_6645668130
0,Maokai,3001,2055,3158,3076,8020,3068,3363,TOP,False,KR_6645098824
1,Kindred,3078,3133,3047,6672,1036,0,3364,JUNGLE,False,KR_6645098824
2,Zilean,1026,3157,6656,3158,4629,1056,3363,MIDDLE,False,KR_6645098824
3,Swain,4637,3116,0,3047,6667,3916,3363,BOTTOM,False,KR_6645098824
4,Leona,2055,3857,3190,3050,0,3047,3364,UTILITY,False,KR_6645098824
5,Renekton,3071,6631,4401,3123,3044,3111,3364,TOP,True,KR_6645098824
6,RekSai,2420,6631,3053,3123,1031,3111,3364,JUNGLE,True,KR_6645098824
7,Tristana,6675,3006,3035,6672,1055,3072,3363,MIDDLE,True,KR_6645098824
8,Kaisa,3124,3135,3006,3157,3115,3087,3363,BOTTOM,True,KR_6645098824
9,Nautilus,3860,6667,3023,8020,3111,2055,3364,UTILITY,True,KR_6645098824
0,Zac,1054,6660,3158,1033,0,0,3340,TOP,False,KR_6645070880
1,Nidalee,3152,1101,1052,1052,1082,3158,3364,JUNGLE,False,KR_6645070880
2,Talon,3142,2031,2422,3134,1036,0,3364,MIDDLE,False,KR_6645070880
3,Kaisa,1055,3087,3020,1043,0,0,3363,BOTTOM,False,KR_6645070880
4,Blitzcrank,2403,3859,0,2055,3117,3067,3364,UTILITY,False,KR_6645070880
5,Sion,2033,3105,1028,3111,6660,3067,3364,TOP,True,KR_6645070880
6,LeeSin,0,1103,6630,3133,0,2422,3340,JUNGLE,True,KR_6645070880
7,Neeko,3152,2055,3157,0,1056,3020,3340,MIDDLE,True,KR_6645070880
8,Ezreal,3042,3078,0,0,0,2422,3363,BOTTOM,True,KR_6645070880
9,Bard,3851,3105,3009,1011,0,0,3364,UTILITY,True,KR_6645070880
0,Fiora,6631,3074,3044,1028,3111,1037,3340,TOP,False,KR_6642815262
1,RekSai,6631,3071,2055,1036,0,3111,3364,JUNGLE,False,KR_6642815262
2,Jayce,3133,6691,1036,3042,1055,3111,3340,MIDDLE,False,KR_6642815262
3,Cassiopeia,6656,3040,1052,3116,0,0,3363,BOTTOM,False,KR_6642815262
4,Leona,3001,2055,3860,1028,3111,1057,3364,UTILITY,False,KR_6642815262
5,Rumble,3152,4645,3041,4632,3158,3157,3340,TOP,True,KR_6642815262
6,Gragas,3041,2055,3157,3089,4636,3020,3364,JUNGLE,True,KR_6642815262
7,Yasuo,1055,6671,6673,1031,3133,3006,3363,MIDDLE,True,KR_6642815262
8,Ezreal,3133,3078,2055,3042,6694,3158,3363,BOTTOM,True,KR_6642815262
9,Braum,3190,3857,0,3023,3801,3111,3364,UTILITY,True,KR_6642815262
0,Nidalee,6662,3041,3047,3116,8020,3108,3340,TOP,True,KR_6642780428
1,Nunu,6667,2055,3110,0,3047,3068,3363,JUNGLE,True,KR_6642780428
2,Qiyana,6691,3042,3158,1036,6694,1036,3364,MIDDLE,True,KR_6642780428
3,Kaisa,6672,3036,2055,3006,3046,6675,3363,BOTTOM,True,KR_6642780428
4,Nautilus,0,3860,3001,1011,3111,1029,3364,UTILITY,True,KR_6642780428
5,Garen,6631,3046,3006,1054,3133,3067,3364,TOP,False,KR_6642780428
6,Ivern,3157,2065,3107,2055,3158,0,3364,JUNGLE,False,KR_6642780428
7,Jayce,6691,3071,2421,3042,6694,3158,3363,MIDDLE,False,KR_6642780428
8,Zeri,6675,3087,3006,3085,1036,0,3363,BOTTOM,False,KR_6642780428
9,Rakan,2055,2421,3860,6667,3108,3111,3364,UTILITY,False,KR_6642780428
0,Jayce,3161,6691,6694,3042,3814,3111,3363,TOP,False,KR_6641030974
1,Taliyah,6655,3157,0,4632,3020,4645,3364,JUNGLE,False,KR_6641030974
2,Akshan,3124,3091,6672,3111,0,0,3364,MIDDLE,False,KR_6641030974
3,Kaisa,1055,3115,3124,3087,3020,0,3363,BOTTOM,False,KR_6641030974
4,Thresh,3857,2055,3190,3009,3012,3114,3364,UTILITY,False,KR_6641030974
5,Nautilus,3860,2055,3190,8020,3111,1028,3364,UTILITY,True,KR_6641030974
6,Rumble,3157,0,0,4637,4636,3020,3364,JUNGLE,True,KR_6641030974
7,Neeko,3152,3089,2420,3020,4645,1082,3364,MIDDLE,True,KR_6641030974
8,Samira,1055,2421,3047,6676,6691,6673,3363,BOTTOM,True,KR_6641030974
9,Riven,2421,6630,3071,3133,1031,3047,3364,TOP,True,KR_6641030974
0,Nidalee,8020,3108,6662,3111,1082,3075,3340,TOP,True,KR_6641012089
1,JarvanIV,6630,0,3161,3047,3082,3024,3364,JUNGLE,True,KR_6641012089
2,Lissandra,4645,6656,2421,3020,1082,3191,3364,MIDDLE,True,KR_6641012089
3,Zeri,1055,3006,3035,6675,3087,1018,3363,BOTTOM,True,KR_6641012089
4,Braum,3001,2031,3860,2055,3023,3047,3364,UTILITY,True,KR_6641012089
5,Rumble,4636,3020,1011,1052,1026,0,3363,TOP,False,KR_6641012089
6,Viego,3111,3153,6670,3078,1043,0,3364,JUNGLE,False,KR_6641012089
7,KSante,6665,1057,3193,1054,3047,3066,3364,MIDDLE,False,KR_6641012089
8,Tristana,1055,1036,3006,6675,6672,1036,3363,BOTTOM,False,KR_6641012089
9,Thresh,3158,3023,3107,3857,2055,0,3364,UTILITY,False,KR_6641012089
0,Gangplank,3508,3026,3072,6676,6675,3158,3364,TOP,False,KR_6639340333
1,Pantheon,6696,6692,0,6693,0,3047,3364,JUNGLE,False,KR_6639340333
2,Vex,3157,2031,6656,0,1056,3020,3364,MIDDLE,False,KR_6639340333
3,Ashe,2055,3087,1053,3091,3078,3006,3363,BOTTOM,False,KR_6639340333
4,Nautilus,0,3857,0,3050,3001,3111,3364,UTILITY,False,KR_6639340333
5,Ryze,3143,3916,3158,1052,3040,6657,3364,TOP,True,KR_6639340333
6,Kindred,6672,3047,3078,6676,3026,1053,3364,JUNGLE,True,KR_6639340333
7,Neeko,3152,1058,3157,4645,3020,1058,3364,MIDDLE,True,KR_6639340333
8,Zeri,3085,2420,6673,3087,6675,3006,3363,BOTTOM,True,KR_6639340333
9,Blitzcrank,3860,3024,2055,2065,3117,3109,3364,UTILITY,True,KR_6639340333
0,Yone,3153,3123,6672,3066,3006,1028,3340,TOP,False,KR_6639299916
1,Graves,6676,3111,3814,2055,3036,3142,3364,JUNGLE,False,KR_6639299916
2,Neeko,3152,3089,3157,1056,0,3020,3364,MIDDLE,False,KR_6639299916
3,Kaisa,1055,6677,3087,1037,3115,3020,3363,BOTTOM,False,KR_6639299916
4,Thresh,3860,2031,2055,3190,3117,3801,3364,UTILITY,False,KR_6639299916
5,Zac,8020,3193,0,3001,3068,3047,3364,TOP,True,KR_6639299916
6,Hecarim,1038,3156,6333,3042,6632,3047,3364,JUNGLE,True,KR_6639299916
7,Orianna,6653,1058,1058,3111,2033,4645,3340,MIDDLE,True,KR_6639299916
8,Caitlyn,3031,3087,3094,3006,1018,1038,3363,BOTTOM,True,KR_6639299916
9,Alistar,6667,3860,3109,0,1028,3158,3364,UTILITY,True,KR_6639299916
0,Rumble,3157,1058,2055,4645,3020,4636,3364,JUNGLE,True,KR_6639093151
1,Fiora,3074,6632,0,3161,3181,3047,3364,TOP,True,KR_6639093151
2,Jayce,3026,6691,6694,3042,1038,3111,3363,MIDDLE,True,KR_6639093151
3,Caitlyn,1083,3036,3086,6672,3031,3006,3363,BOTTOM,True,KR_6639093151
4,Morgana,6653,2421,3853,3158,1029,3116,3364,UTILITY,True,KR_6639093151
5,Lissandra,6656,3157,4629,1058,3145,3020,3364,MIDDLE,False,KR_6639093151
6,Khazix,2055,3026,6694,3814,6691,3158,3364,JUNGLE,False,KR_6639093151
7,KSante,3075,6662,2055,3047,6660,1031,3364,TOP,False,KR_6639093151
8,Jhin,6671,1018,1038,3094,6676,3009,3363,BOTTOM,False,KR_6639093151
9,Alistar,3860,6667,2055,3024,3111,1029,3364,UTILITY,False,KR_6639093151
0,KSante,4401,0,3193,3068,6662,3111,3364,TOP,True,KR_6638158373
1,Khazix,3814,3179,3142,6694,3155,3111,3364,JUNGLE,True,KR_6638158373
2,Azir,3115,3020,2055,4644,0,1056,3364,MIDDLE,True,KR_6638158373
3,Ashe,0,3091,3006,6672,1042,3078,3363,BOTTOM,True,KR_6638158373
4,Milio,3853,2065,3107,2055,3158,1052,3364,UTILITY,True,KR_6638158373
5,Sion,3193,3068,6665,1037,3009,1028,3340,TOP,False,KR_6638158373
6,Taliyah,3020,2055,1082,3135,3145,6655,3364,JUNGLE,False,KR_6638158373
7,Neeko,3152,3089,2420,3158,4645,0,3364,MIDDLE,False,KR_6638158373
8,Tristana,6675,6672,3036,3134,0,3006,3363,BOTTOM,False,KR_6638158373
9,Blitzcrank,3023,3860,3024,3076,3001,3117,3364,UTILITY,False,KR_6638158373
0,Renekton,6630,1054,3053,3047,3071,0,3340,TOP,True,KR_6637651073
1,Khazix,6692,3071,6694,2055,0,3158,3364,JUNGLE,True,KR_6637651073
2,Leblanc,3100,3087,3089,3158,3145,4636,3364,MIDDLE,True,KR_6637651073
3,Jhin,6671,2015,3009,1055,3086,3095,3363,BOTTOM,True,KR_6637651073
4,Bard,3107,3853,2055,3190,3009,0,3364,UTILITY,True,KR_6637651073
5,Kled,1055,1036,6029,3047,3074,3067,3340,TOP,False,KR_6637651073
6,Vi,2421,3071,6333,6632,3155,3158,3364,JUNGLE,False,KR_6637651073
7,Ahri,2033,6656,2055,1056,4628,3158,3364,MIDDLE,False,KR_6637651073
8,Ezreal,3042,2055,1036,0,3078,3158,3363,BOTTOM,False,KR_6637651073
9,Nautilus,2055,3860,3001,3076,1011,3047,3364,UTILITY,False,KR_6637651073
0,Kayn,6691,3071,3070,3133,3111,1036,3364,TOP,False,KR_6637624059
1,RekSai,6631,0,3053,0,0,3111,3364,JUNGLE,False,KR_6637624059
2,Neeko,3152,3135,3157,1082,0,3158,3364,MIDDLE,False,KR_6637624059
3,Aphelios,1055,2055,6671,3006,1036,6672,3363,BOTTOM,False,KR_6637624059
4,Thresh,3859,2055,3190,0,0,3111,3364,UTILITY,False,KR_6637624059
5,Vladimir,3020,1056,1082,4636,3089,1052,3364,TOP,True,KR_6637624059
6,Maokai,8020,3916,6667,6660,4637,3158,3364,JUNGLE,True,KR_6637624059
7,Anivia,3111,6657,0,3040,0,0,3340,MIDDLE,True,KR_6637624059
8,Kalista,6673,0,3143,3124,3006,6672,3363,BOTTOM,True,KR_6637624059
9,Nautilus,3190,1028,3860,3109,3158,0,3364,UTILITY,True,KR_6637624059
0,Sion,3111,3084,1011,1028,3077,3181,3364,TOP,False,KR_6637479156
1,Taliyah,3135,3102,3089,6655,1082,3020,3364,JUNGLE,False,KR_6637479156
2,Talon,6691,2055,3035,3133,2422,3071,3364,MIDDLE,False,KR_6637479156
3,Ezreal,6694,3078,3077,1053,3158,3042,3363,BOTTOM,False,KR_6637479156
4,Blitzcrank,2065,3110,3860,2055,3117,1028,3364,UTILITY,False,KR_6637479156
5,Shen,3075,3068,0,3111,8020,1011,3363,TOP,True,KR_6637479156
6,Graves,0,6676,3142,3009,3095,6694,3364,JUNGLE,True,KR_6637479156
7,Neeko,3152,1058,3157,3158,3135,1058,3363,MIDDLE,True,KR_6637479156
8,Zeri,1055,3087,3006,6675,6673,3086,3363,BOTTOM,True,KR_6637479156
9,Rakan,3860,6667,2055,8001,3023,3158,3364,UTILITY,True,KR_6637479156
0,Yone,1055,3153,3001,6670,0,3006,3363,TOP,False,KR_6637155726
1,Lillia,3157,6653,4637,0,3047,0,3364,JUNGLE,False,KR_6637155726
2,Jayce,3158,6691,3026,3035,1055,3042,3363,MIDDLE,False,KR_6637155726
3,Tristana,6675,1018,6672,0,3047,1036,3363,BOTTOM,False,KR_6637155726
4,Rakan,3860,2065,2055,3158,3067,1011,3364,UTILITY,False,KR_6637155726
5,Rengar,3134,3071,3158,6632,3074,1055,3364,TOP,True,KR_6637155726
6,Qiyana,6676,6691,3158,6696,6694,3067,3364,JUNGLE,True,KR_6637155726
7,Akali,1054,3157,3152,3135,3020,0,3364,MIDDLE,True,KR_6637155726
8,Lucian,2015,6675,3508,6672,3086,3047,3363,BOTTOM,True,KR_6637155726
9,Leona,2055,2065,3857,2420,3158,3050,3364,UTILITY,True,KR_6637155726
0,Zac,6667,0,6660,3111,1031,8020,3364,TOP,False,KR_6637025874
1,Viego,3078,6672,3071,3047,3091,1031,3364,JUNGLE,False,KR_6637025874
2,Neeko,3152,3089,2420,3135,4645,3111,3364,MIDDLE,False,KR_6637025874
3,Kaisa,3153,3124,6673,6672,3006,1043,3363,BOTTOM,False,KR_6637025874
4,Alistar,3860,8001,2055,3009,3001,3066,3364,UTILITY,False,KR_6637025874
5,Maokai,4637,3068,8001,3111,3001,8020,3364,TOP,True,KR_6637025874
6,Shaco,6692,6676,3026,3009,6693,3036,3364,JUNGLE,True,KR_6637025874
7,Cassiopeia,3040,6656,3105,3116,1033,1029,3340,MIDDLE,True,KR_6637025874
8,Sivir,3036,3111,6691,3087,1038,3071,3363,BOTTOM,True,KR_6637025874
9,Braum,3857,3075,2055,3001,0,3111,3364,UTILITY,True,KR_6637025874
0,Jax,2421,6632,0,3158,1036,3161,3340,TOP,True,KR_6635438615
1,Shyvana,3053,3078,3158,3074,0,0,3364,JUNGLE,True,KR_6635438615
2,Lissandra,1058,3041,2421,3020,6655,3102,3364,MIDDLE,True,KR_6635438615
3,Xayah,6675,3006,1053,1018,1055,6672,3363,BOTTOM,True,KR_6635438615
4,Rakan,6667,3107,3860,2055,3158,0,3364,UTILITY,True,KR_6635438615
5,Fiora,6632,3133,1037,1001,2055,0,3340,TOP,False,KR_6635438615
6,JarvanIV,6630,1103,0,2422,3133,3067,3364,JUNGLE,False,KR_6635438615
7,Ahri,6656,2033,0,3145,3111,1058,3364,MIDDLE,False,KR_6635438615
8,Kaisa,3087,3115,3006,1052,1037,1055,3363,BOTTOM,False,KR_6635438615
9,Nautilus,3105,2055,3860,1011,3047,0,3364,UTILITY,False,KR_6635438615
0,Yone,0,6672,1018,3153,3006,0,3364,TOP,False,KR_6635373604
1,Nidalee,1082,3157,3152,3108,1033,3158,3364,JUNGLE,False,KR_6635373604
2,Tristana,3031,3006,0,6672,1036,1036,3363,MIDDLE,False,KR_6635373604
3,Samira,6676,6691,1001,1036,0,0,3363,BOTTOM,False,KR_6635373604
4,Alistar,2403,3860,3801,3001,2055,3158,3364,UTILITY,False,KR_6635373604
5,Malphite,6665,3047,3068,3110,0,0,3363,TOP,True,KR_6635373604
6,Viego,6632,6333,1033,0,1036,3047,3364,JUNGLE,True,KR_6635373604
7,Gragas,3108,6656,3157,1082,3158,3113,3364,MIDDLE,True,KR_6635373604
8,Zeri,3031,0,6672,1055,6673,3006,3363,BOTTOM,True,KR_6635373604
9,Rakan,3047,3860,6667,0,3916,0,3364,UTILITY,True,KR_6635373604
0,Gangplank,6676,3508,3036,6675,3072,3047,3364,TOP,False,KR_6635281520
1,LeeSin,3047,6630,2055,3133,3071,1037,3340,JUNGLE,False,KR_6635281520
2,Jayce,3111,3133,2055,3042,3035,6691,3364,MIDDLE,False,KR_6635281520
3,Seraphine,3116,3040,6657,3158,3011,2055,3363,BOTTOM,False,KR_6635281520
4,Nautilus,3860,2055,1011,3001,3082,3158,3364,UTILITY,False,KR_6635281520
5,Gnar,3078,0,3143,3133,3053,3047,3340,TOP,True,KR_6635281520
6,Rengar,6676,6691,3072,3508,3036,3158,3364,JUNGLE,True,KR_6635281520
7,Ahri,6656,4628,3916,3041,3089,3158,3364,MIDDLE,True,KR_6635281520
8,Lucian,3508,6694,3158,6675,0,3094,3363,BOTTOM,True,KR_6635281520
9,Milio,3853,2065,2055,6616,3113,3158,3364,UTILITY,True,KR_6635281520
0,Poppy,2033,6665,3111,3075,3068,3082,3364,TOP,True,KR_6635179623
1,Khazix,6691,3814,6694,3179,3158,3074,3364,JUNGLE,True,KR_6635179623
2,TwistedFate,2033,6656,3157,3111,1082,3100,3340,MIDDLE,True,KR_6635179623
3,Xayah,6675,3026,3006,3072,1018,6672,3363,BOTTOM,True,KR_6635179623
4,Rakan,3860,2065,2055,3504,3158,3012,3364,UTILITY,True,KR_6635179623
5,Renekton,6631,2055,1036,3153,3071,3047,3364,TOP,False,KR_6635179623
6,JarvanIV,3161,6630,0,3111,3133,3110,3364,JUNGLE,False,KR_6635179623
7,Gragas,6656,1058,3157,1058,3040,3158,3364,MIDDLE,False,KR_6635179623
8,Lucian,1055,6675,3508,3158,3094,1018,3363,BOTTOM,False,KR_6635179623
9,Milio,3860,2055,2065,3114,3158,3012,3364,UTILITY,False,KR_6635179623
0,Cassiopeia,6656,3040,0,1082,1011,1026,3363,TOP,False,KR_6631597170
1,Belveth,3748,1033,6631,1043,2055,3047,3364,JUNGLE,False,KR_6631597170
2,Tristana,6675,6672,1018,3111,1055,1036,3363,MIDDLE,False,KR_6631597170
3,Xayah,6675,6672,1018,1053,0,3006,3363,BOTTOM,False,KR_6631597170
4,Nautilus,2055,3001,3857,3076,3023,3117,3364,UTILITY,False,KR_6631597170
5,Rumble,3152,3916,1082,3009,4637,0,3363,TOP,True,KR_6631597170
6,Viego,3078,2421,2055,3047,3071,1038,3364,JUNGLE,True,KR_6631597170
7,Neeko,0,3135,3152,3157,1082,3158,3364,MIDDLE,True,KR_6631597170
8,Zeri,6675,3006,2421,3087,6673,1038,3363,BOTTOM,True,KR_6631597170
9,Alistar,3860,3158,1029,6667,2055,3023,3364,UTILITY,True,KR_6631597170
0,Gragas,3047,3157,3143,3070,0,6656,3363,TOP,False,KR_6631515701
1,Graves,3071,6691,2420,1031,3047,3033,3364,JUNGLE,False,KR_6631515701
2,Cassiopeia,3040,6657,4629,0,1058,3916,3364,MIDDLE,False,KR_6631515701
3,Ashe,1055,3153,3035,3078,6672,3006,3363,BOTTOM,False,KR_6631515701
4,Rakan,6667,3860,2055,3047,3801,3110,3364,UTILITY,False,KR_6631515701
5,Poppy,2033,6632,3111,4401,3076,1028,3364,TOP,True,KR_6631515701
6,LeeSin,2420,6630,2055,3111,3053,3071,3340,JUNGLE,True,KR_6631515701
7,Tristana,3139,6672,2420,3006,3031,3072,3363,MIDDLE,True,KR_6631515701
8,Zeri,6675,0,3072,3006,3036,3087,3363,BOTTOM,True,KR_6631515701
9,Nautilus,6667,0,2055,3860,3109,3047,3364,UTILITY,True,KR_6631515701
0,Jayce,6691,3156,3161,6694,3042,3026,3363,TOP,False,KR_6631437729
1,Taliyah,3102,6655,3089,3158,4645,1082,3364,JUNGLE,False,KR_6631437729
2,Tristana,3156,3139,2421,3111,6675,6672,3363,MIDDLE,False,KR_6631437729
3,Jinx,6672,6671,3072,2420,3085,3006,3363,BOTTOM,False,KR_6631437729
4,Thresh,3222,3857,3190,2055,3050,3158,3364,UTILITY,False,KR_6631437729
5,Kayle,3091,3143,3124,1043,3006,6672,3364,TOP,True,KR_6631437729
6,Ivern,3100,4629,2420,4636,3108,3158,3364,JUNGLE,True,KR_6631437729
7,Syndra,4645,6655,3157,3089,3135,3020,3363,MIDDLE,True,KR_6631437729
8,Xayah,6672,3072,3026,6675,3006,3046,3363,BOTTOM,True,KR_6631437729
9,Rakan,3109,2065,3860,4638,0,3111,3364,UTILITY,True,KR_6631437729
0,Gwen,3115,3916,2420,3047,4633,3108,3364,TOP,True,KR_6631068753
1,Viego,6672,3026,1036,1036,3078,2422,3364,JUNGLE,True,KR_6631068753
2,Talon,6692,6693,2055,3071,3133,3047,3364,MIDDLE,True,KR_6631068753
3,Kaisa,6675,3046,0,6672,3006,1055,3363,BOTTOM,True,KR_6631068753
4,Alistar,0,3050,3860,3001,3023,3158,3364,UTILITY,True,KR_6631068753
5,Irelia,3047,3091,3067,3105,1054,3153,3363,TOP,False,KR_6631068753
6,Nidalee,3152,3108,3157,3113,1082,3020,3364,JUNGLE,False,KR_6631068753
7,KSante,6662,3047,2055,1054,3068,1033,3364,MIDDLE,False,KR_6631068753
8,Vayne,1055,3087,3078,3006,3051,1042,3363,BOTTOM,False,KR_6631068753
9,Maokai,3857,3082,1028,0,6667,3047,3364,UTILITY,False,KR_6631068753
0,Camille,1055,1028,6632,3047,3044,1037,3364,TOP,True,KR_6629891089
1,Graves,6676,6691,3071,3047,1036,1036,3364,JUNGLE,True,KR_6629891089
2,Azir,4645,3020,3089,4644,3108,3115,3340,MIDDLE,True,KR_6629891089
3,Xayah,6675,1038,0,6672,3006,1055,3363,BOTTOM,True,KR_6629891089
4,Nautilus,3860,2055,3190,3047,3109,0,3364,UTILITY,True,KR_6629891089
5,Jax,3181,3071,0,0,6632,3047,3340,TOP,False,KR_6629891089
6,Tristana,3006,6675,2031,1036,1055,6672,3363,MIDDLE,False,KR_6629891089
7,MasterYi,1053,6672,3124,3047,1037,1018,3364,JUNGLE,False,KR_6629891089
8,Kaisa,3087,1082,6655,3006,3115,0,3363,BOTTOM,False,KR_6629891089
9,Pyke,3857,2055,3134,3117,3179,3133,3364,UTILITY,False,KR_6629891089
0,Fiora,2055,3111,6632,3074,3044,0,3364,TOP,True,KR_6628240629
1,Diana,3089,3152,3041,3157,3020,3115,3364,JUNGLE,True,KR_6628240629
2,Tristana,3031,3006,3026,6672,1055,1038,3340,MIDDLE,True,KR_6628240629
3,Aphelios,6672,6671,2421,3072,2055,3006,3363,BOTTOM,True,KR_6628240629
4,Alistar,3860,3190,3109,3050,0,3158,3364,UTILITY,True,KR_6628240629
5,Kayle,4633,3006,1028,3115,3091,0,3363,TOP,False,KR_6628240629
6,Khazix,3179,3142,3814,2421,6694,3158,3364,JUNGLE,False,KR_6628240629
7,Jayce,6692,3042,3047,6694,3814,1036,3363,MIDDLE,False,KR_6628240629
8,Kaisa,3115,1037,1055,3006,1042,3087,3363,BOTTOM,False,KR_6628240629
9,Rell,3190,2055,3860,3023,3158,1028,3364,UTILITY,False,KR_6628240629
0,Jax,3157,2055,0,6632,0,3158,3340,TOP,False,KR_6628220037
1,Viego,1101,3078,3047,2031,1043,1036,3364,JUNGLE,False,KR_6628220037
2,Lissandra,6656,1056,3158,3191,1052,0,3340,MIDDLE,False,KR_6628220037
3,Zeri,1083,3006,3087,6675,1018,0,3363,BOTTOM,False,KR_6628220037
4,Neeko,1052,0,3851,1026,3145,3020,3364,UTILITY,False,KR_6628220037
5,Jayce,1055,3042,3134,6692,0,3158,3363,TOP,True,KR_6628220037
6,Sylas,0,3157,4636,3041,3020,0,3513,JUNGLE,True,KR_6628220037
7,Tristana,3031,6672,2055,3006,3094,1038,3363,MIDDLE,True,KR_6628220037
8,Kaisa,2422,3087,3115,1042,1037,1055,3363,BOTTOM,True,KR_6628220037
9,Camille,6632,0,3857,2422,1028,0,3364,UTILITY,True,KR_6628220037
0,Rengar,3053,2031,6632,3047,3074,1029,3364,TOP,True,KR_6628143657
1,Nidalee,4636,4645,4630,3020,1082,1058,3364,JUNGLE,True,KR_6628143657
2,Jayce,3071,6694,3047,6691,3042,0,3363,MIDDLE,True,KR_6628143657
3,Kaisa,3124,3020,3115,4630,3087,1055,3363,BOTTOM,True,KR_6628143657
4,Rakan,3860,2065,2423,2055,3023,3158,3364,UTILITY,True,KR_6628143657
5,Maokai,3068,3047,1054,3076,8020,3023,3364,TOP,False,KR_6628143657
6,Poppy,6632,3742,3066,3158,0,1057,3364,JUNGLE,False,KR_6628143657
7,Tristana,3006,1055,3072,6672,1029,3031,3363,MIDDLE,False,KR_6628143657
8,Samira,6691,6676,6673,1038,1036,1001,3363,BOTTOM,False,KR_6628143657
9,Taric,3860,3107,3190,2055,3070,3158,3364,UTILITY,False,KR_6628143657
0,Jax,2031,6632,3161,0,3111,0,3340,TOP,False,KR_6628036321
1,Nidalee,3152,1082,2055,4645,1058,3020,3364,JUNGLE,False,KR_6628036321
2,Poppy,1054,6632,3111,3068,0,0,3364,MIDDLE,False,KR_6628036321
3,Ashe,1055,6672,3086,3078,1043,3006,3363,BOTTOM,False,KR_6628036321
4,Nautilus,3860,2055,2421,3001,1029,3047,3364,UTILITY,False,KR_6628036321
5,Malphite,6662,3110,8020,3047,1056,1028,3364,TOP,True,KR_6628036321
6,Kindred,2055,1036,3071,6672,3078,3047,3364,JUNGLE,True,KR_6628036321
7,Leblanc,3087,4636,3135,3158,3100,0,3364,MIDDLE,True,KR_6628036321
8,Zeri,3072,3087,3006,6675,0,0,3363,BOTTOM,True,KR_6628036321
9,Karma,2065,3853,6616,3504,3158,3108,3364,UTILITY,True,KR_6628036321
0,Rengar,3066,2055,0,6632,3074,3047,3364,TOP,False,KR_6626380027
1,LeeSin,3071,6630,3111,3044,1028,2055,3340,JUNGLE,False,KR_6626380027
2,Annie,0,3145,3020,1058,3116,6653,3364,MIDDLE,False,KR_6626380027
3,Kaisa,3124,3087,3115,3006,0,0,3363,BOTTOM,False,KR_6626380027
4,Thresh,3857,2065,3023,0,3158,0,3364,UTILITY,False,KR_6626380027
5,Poppy,3076,4401,2033,3105,3047,3068,3364,TOP,True,KR_6626380027
6,Nidalee,4636,3157,0,3020,4645,1082,3364,JUNGLE,True,KR_6626380027
7,Tristana,3031,1055,2421,3006,6672,1031,3363,MIDDLE,True,KR_6626380027
8,Xayah,6672,3006,6675,3046,0,0,3363,BOTTOM,True,KR_6626380027
9,Rakan,3111,2065,2055,3860,3023,1029,3364,UTILITY,True,KR_6626380027
0,KSante,3067,3047,3075,2055,3057,1031,3364,TOP,False,KR_6620398592
1,Shaco,1103,6676,3006,3134,3133,0,3364,JUNGLE,False,KR_6620398592
2,Azir,1026,6655,3020,1082,1056,3108,3340,MIDDLE,False,KR_6620398592
3,Kaisa,3115,1052,0,3087,1055,3006,3363,BOTTOM,False,KR_6620398592
4,Rakan,2055,2065,3860,3023,0,3158,3364,UTILITY,False,KR_6620398592
5,Renekton,1006,1006,1006,1006,1006,1006,3340,TOP,True,KR_6620398592
6,RekSai,2420,6631,2055,3071,3053,3111,3364,JUNGLE,True,KR_6620398592
7,Anivia,3040,2055,3082,6657,3024,3020,3363,MIDDLE,True,KR_6620398592
8,Samira,3111,6671,3036,1038,6676,1053,3363,BOTTOM,True,KR_6620398592
9,Nautilus,3111,3001,3860,0,8020,1028,3364,UTILITY,True,KR_6620398592
0,Renekton,6630,3071,3053,1057,3026,3111,3364,TOP,False,KR_6616698164
1,LeeSin,2055,6630,2421,6333,3158,3071,3340,JUNGLE,False,KR_6616698164
2,Annie,0,3152,4645,3157,1082,3020,3364,MIDDLE,False,KR_6616698164
3,Ashe,3087,3078,3085,1053,1043,3006,3363,BOTTOM,False,KR_6616698164
4,Xerath,2055,6655,3853,3145,4628,3020,3364,UTILITY,False,KR_6616698164
5,Camille,3078,6333,3133,3053,3047,2055,3364,TOP,True,KR_6616698164
6,Shaco,6693,6692,3026,3036,3814,3009,3364,JUNGLE,True,KR_6616698164
7,Leblanc,4636,3087,3100,3111,3089,1026,3364,MIDDLE,True,KR_6616698164
8,Varus,3042,2421,3142,6694,3158,3814,3363,BOTTOM,True,KR_6616698164
9,Heimerdinger,3853,3152,3916,4645,3020,3145,3364,UTILITY,True,KR_6616698164
0,Rumble,3152,3020,4630,1082,1056,4645,3364,TOP,True,KR_6614838753
1,Sejuani,3067,1033,0,6667,3068,3047,3364,JUNGLE,True,KR_6614838753
2,Azir,3115,4644,1026,3158,1056,4630,3363,MIDDLE,True,KR_6614838753
3,Draven,1055,6676,3078,3047,1036,0,3363,BOTTOM,True,KR_6614838753
4,Belveth,3857,3111,3071,3023,0,0,3364,UTILITY,True,KR_6614838753
5,Aatrox,2055,3133,1054,3156,6691,3111,3364,TOP,False,KR_6614838753
6,Nocturne,3082,3111,6631,1011,0,2055,3363,JUNGLE,False,KR_6614838753
7,Orianna,3145,6653,2033,3020,1082,0,3364,MIDDLE,False,KR_6614838753
8,Kalista,3006,3153,3124,3086,1055,1043,3363,BOTTOM,False,KR_6614838753
9,Rell,3860,1028,3001,1029,3111,0,3364,UTILITY,False,KR_6614838753
0,KSante,6662,6660,2031,3076,1029,3047,3340,TOP,True,KR_6614712388
1,Karthus,4645,6653,1082,1052,3916,3020,3340,JUNGLE,True,KR_6614712388
2,Tristana,3031,1055,1038,3006,1053,6672,3363,MIDDLE,True,KR_6614712388
3,Twitch,1055,1042,1042,3124,3153,3006,3363,BOTTOM,True,KR_6614712388
4,Galio,3860,3190,0,3067,1001,1011,3364,UTILITY,True,KR_6614712388
5,Aatrox,1036,3133,0,1054,6691,3047,3364,TOP,False,KR_6614712388
6,LeeSin,6630,1103,1036,3111,1037,1036,3340,JUNGLE,False,KR_6614712388
7,Lissandra,3191,6656,3020,3108,2420,1056,3363,MIDDLE,False,KR_6614712388
8,Samira,1055,6691,3134,1037,1001,1018,3363,BOTTOM,False,KR_6614712388
9,Rell,2055,0,0,0,0,0,3364,UTILITY,False,KR_6614712388
0,Renekton,6630,3047,2420,2055,3053,1031,3364,TOP,False,KR_6614643048
1,LeeSin,6630,3071,0,3047,3133,1028,3340,JUNGLE,False,KR_6614643048
2,Annie,3152,1058,2424,3158,1056,3116,3340,MIDDLE,False,KR_6614643048
3,Kaisa,3115,3020,3087,1042,1037,1055,3363,BOTTOM,False,KR_6614643048
4,Nautilus,3047,3860,3001,2031,0,0,3364,UTILITY,False,KR_6614643048
5,Olaf,3047,3053,6630,0,1028,3066,3340,TOP,True,KR_6614643048
6,Viego,2055,3078,2421,6672,1033,3047,3364,JUNGLE,True,KR_6614643048
7,Leblanc,1082,4645,6655,3111,2055,1058,3364,MIDDLE,True,KR_6614643048
8,Xayah,3035,2031,6675,3006,6672,1055,3363,BOTTOM,True,KR_6614643048
9,Milio,2065,3860,0,3011,1004,3158,3364,UTILITY,True,KR_6614643048
0,Rengar,4401,2421,3071,3047,6609,6632,3363,TOP,True,KR_6613141064
1,Sylas,0,4645,3089,4636,1082,3020,3364,JUNGLE,True,KR_6613141064
2,Zed,3074,6691,3071,3158,0,0,3364,MIDDLE,True,KR_6613141064
3,Xayah,3072,6672,3006,2055,6675,3035,3363,BOTTOM,True,KR_6613141064
4,Rakan,3860,2065,2055,3158,1028,3050,3364,UTILITY,True,KR_6613141064
5,Fiora,3047,3074,0,1037,3123,6632,3340,TOP,False,KR_6613141064
6,RekSai,6631,3071,1037,3133,1031,3047,3364,JUNGLE,False,KR_6613141064
7,Rumble,3152,1058,3157,1058,3020,4645,3364,MIDDLE,False,KR_6613141064
8,Jinx,3094,6671,3095,0,0,3006,3363,BOTTOM,False,KR_6613141064
9,Blitzcrank,3107,2065,3860,2055,3117,0,3364,UTILITY,False,KR_6613141064
0,Renekton,6630,3047,1055,3071,1028,1036,3340,TOP,False,KR_6613114174
1,Elise,1026,2055,1052,4645,4636,3020,3364,JUNGLE,False,KR_6613114174
2,Jayce,2031,3158,3179,3042,0,6691,3340,MIDDLE,False,KR_6613114174
3,Xayah,6675,6672,3006,1018,1036,0,3363,BOTTOM,False,KR_6613114174
4,Maokai,3742,3857,2055,1011,0,3047,3364,UTILITY,False,KR_6613114174
5,Garen,1054,6631,3742,3111,3053,2055,3364,TOP,True,KR_6613114174
6,Kindred,3111,6672,2055,3078,3133,0,3364,JUNGLE,True,KR_6613114174
7,Ahri,3102,3108,6656,3041,3145,3158,3364,MIDDLE,True,KR_6613114174
8,Kalista,6673,6672,3124,1038,3006,1053,3363,BOTTOM,True,KR_6613114174
9,Rakan,3860,3158,6667,3012,2055,3114,3364,UTILITY,True,KR_6613114174
0,Aatrox,6692,1033,3053,3111,1028,0,3364,TOP,True,KR_6613088042
1,Viego,3133,3078,3111,3071,1031,1037,3364,JUNGLE,True,KR_6613088042
2,Leblanc,3102,3087,4636,3020,2055,0,3364,MIDDLE,True,KR_6613088042
3,Aphelios,6671,2420,3006,1018,3072,6672,3363,BOTTOM,True,KR_6613088042
4,Alistar,3111,6667,3859,2055,3067,3211,3364,UTILITY,True,KR_6613088042
5,Rumble,0,3157,0,3916,4636,3009,3364,TOP,False,KR_6613088042
6,Khazix,3158,2055,6692,3134,3179,3035,3364,JUNGLE,False,KR_6613088042
7,Xerath,4645,6655,1026,1082,1056,3020,3363,MIDDLE,False,KR_6613088042
8,Varus,3142,6694,3042,3158,3123,0,3363,BOTTOM,False,KR_6613088042
9,Nautilus,3190,3860,3076,1028,3111,0,3364,UTILITY,False,KR_6613088042
0,Jax,1052,4632,3157,6632,3111,3123,3340,TOP,False,KR_6611136580
1,Sejuani,6667,3047,2055,3110,1028,0,3364,JUNGLE,False,KR_6611136580
2,Yone,3072,3153,3006,0,0,0,3364,MIDDLE,False,KR_6611136580
3,Kaisa,1042,1042,1052,3115,3087,3006,3363,BOTTOM,False,KR_6611136580
4,Rell,3001,3023,3158,3860,2055,0,3364,UTILITY,False,KR_6611136580
5,DrMundo,1054,3047,0,3076,3068,6667,3363,TOP,True,KR_6611136580
6,Kindred,1018,6670,0,1042,3047,3078,3364,JUNGLE,True,KR_6611136580
7,Neeko,3152,1058,3157,3020,1056,3041,3364,MIDDLE,True,KR_6611136580
8,Draven,1018,3072,3036,6676,3078,3006,3363,BOTTOM,True,KR_6611136580
9,Braum,3857,3109,3190,0,3047,1028,3364,UTILITY,True,KR_6611136580
0,MasterYi,1055,1053,1001,1043,0,0,3340,TOP,False,KR_6607745524
1,Diana,2422,1082,3152,1102,0,0,3364,JUNGLE,False,KR_6607745524
2,Yasuo,1055,2055,3006,1043,1053,1037,3340,MIDDLE,False,KR_6607745524
3,Ezreal,1055,3051,3070,3057,3067,2422,3340,BOTTOM,False,KR_6607745524
4,Yuumi,3851,0,2003,4642,3012,0,3340,UTILITY,False,KR_6607745524
5,Renekton,6630,0,3133,1028,3047,1055,3364,TOP,True,KR_6607745524
6,Taliyah,0,0,6655,3020,1101,1082,3364,JUNGLE,True,KR_6607745524
7,Yone,6673,1055,2055,3086,1054,3006,3364,MIDDLE,True,KR_6607745524
8,Aphelios,6672,1055,1042,3006,1036,1038,3340,BOTTOM,True,KR_6607745524
9,Blitzcrank,3067,3859,2055,3802,3117,0,3364,UTILITY,True,KR_6607745524
0,Jax,3161,6632,0,3047,1029,0,3340,TOP,False,KR_6606323993
1,Viego,3047,3071,3078,0,1036,6672,3364,JUNGLE,False,KR_6606323993
2,Qiyana,6691,6693,2055,3035,1036,3111,3364,MIDDLE,False,KR_6606323993
3,Vayne,3124,3153,3006,1036,1036,0,3363,BOTTOM,False,KR_6606323993
4,Braum,2055,3857,3190,1028,3047,1029,3364,UTILITY,False,KR_6606323993
5,Sett,3053,6630,3133,3047,1038,0,3364,TOP,True,KR_6606323993
6,Graves,0,6630,3134,3033,3067,3047,3364,JUNGLE,True,KR_6606323993
7,Lissandra,6656,3089,3157,3158,1056,1052,3364,MIDDLE,True,KR_6606323993
8,Kaisa,6672,3006,2420,6675,3046,1055,3363,BOTTOM,True,KR_6606323993
9,Nautilus,3860,3109,0,3117,3001,0,3364,UTILITY,True,KR_6606323993
0,Akali,0,3152,3157,3916,3135,3020,3364,TOP,False,KR_6606298094
1,LeeSin,6630,0,3156,2421,3071,3047,3340,JUNGLE,False,KR_6606298094
2,Azir,3089,4644,3157,3135,3115,3020,3363,MIDDLE,False,KR_6606298094
3,Xayah,3006,3072,1042,6672,6675,3046,3363,BOTTOM,False,KR_6606298094
4,Rakan,3860,6667,2055,3109,3047,1052,3364,UTILITY,False,KR_6606298094
5,Jax,6632,3193,3156,3158,3066,3181,3340,TOP,True,KR_6606298094
6,Maokai,6667,3157,0,3158,4637,8020,3364,JUNGLE,True,KR_6606298094
7,Zed,6694,2420,6691,3814,3158,3074,3364,MIDDLE,True,KR_6606298094
8,Aphelios,6671,3006,6672,3156,3072,3094,3363,BOTTOM,True,KR_6606298094
9,Zyra,3860,3190,4643,8001,1057,3047,3364,UTILITY,True,KR_6606298094
0,Sion,1054,3076,3068,1001,0,0,3340,TOP,True,KR_6571202211
1,Khazix,3142,3814,2055,0,0,2422,3513,JUNGLE,True,KR_6571202211
2,Leblanc,1082,3087,0,3145,3020,3108,3340,MIDDLE,True,KR_6571202211
3,MissFortune,3158,3142,3134,2031,2010,0,3363,BOTTOM,True,KR_6571202211
4,Blitzcrank,3859,2031,3067,3117,4642,2055,3364,UTILITY,True,KR_6571202211
5,Fiora,6632,3077,3158,0,0,1054,3363,TOP,False,KR_6571202211
6,Neeko,3152,3020,0,0,1101,0,3364,JUNGLE,False,KR_6571202211
7,Tristana,3087,2031,3111,3133,0,0,3363,MIDDLE,False,KR_6571202211
8,Ashe,6672,0,1055,1018,3006,0,3363,BOTTOM,False,KR_6571202211
9,Braum,2031,3859,2055,3047,3023,1033,3364,UTILITY,False,KR_6571202211
0,Akali,1052,1026,2055,3152,4645,3020,3364,TOP,False,KR_6571172707
1,Viego,3078,3053,1018,1036,3111,0,3364,JUNGLE,False,KR_6571172707
2,Leblanc,4636,3057,1082,3087,3108,3111,3363,MIDDLE,False,KR_6571172707
3,Jinx,6671,3006,3051,1055,6672,0,3363,BOTTOM,False,KR_6571172707
4,Rakan,2065,3111,3860,2055,3023,0,3364,UTILITY,False,KR_6571172707
5,Rumble,2421,4637,4636,3020,1056,0,3364,TOP,True,KR_6571172707
6,Graves,6676,6691,1038,3071,6673,3111,3364,JUNGLE,True,KR_6571172707
7,Lissandra,6656,4645,3020,1082,0,3157,3364,MIDDLE,True,KR_6571172707
8,Kaisa,6691,1043,3006,3508,1036,3108,3363,BOTTOM,True,KR_6571172707
9,Zac,3860,1011,3075,3001,3158,2055,3364,UTILITY,True,KR_6571172707
0,Jax,6632,3158,3153,1029,1027,0,3340,TOP,True,KR_6571144034
1,LeeSin,6630,3071,0,3111,3155,1036,3340,JUNGLE,True,KR_6571144034
2,Leblanc,2055,3087,3041,3020,3100,4636,3363,MIDDLE,True,KR_6571144034
3,Jhin,1037,1038,3087,3095,3009,2055,3363,BOTTOM,True,KR_6571144034
4,Alistar,3860,8001,2065,3158,0,0,3364,UTILITY,True,KR_6571144034
5,Fiora,3133,1036,6632,1037,0,3158,3340,TOP,False,KR_6571144034
6,Viego,3078,1043,6670,2055,3047,0,3364,JUNGLE,False,KR_6571144034
7,Azir,2031,4644,1058,3020,1056,3145,3340,MIDDLE,False,KR_6571144034
8,Kaisa,3115,2055,3006,3087,0,0,3363,BOTTOM,False,KR_6571144034
9,Rakan,3860,0,0,3111,1011,3105,3364,UTILITY,False,KR_6571144034
0,KSante,2055,3193,0,3047,3075,6662,3364,TOP,True,KR_6571090546
1,Graves,3026,6630,0,3047,3071,3179,3364,JUNGLE,True,KR_6571090546
2,Taliyah,3158,3157,1058,1058,6655,3040,3363,MIDDLE,True,KR_6571090546
3,Samira,1038,3047,6673,3026,3031,6676,3363,BOTTOM,True,KR_6571090546
4,Rell,3001,4638,3860,3109,3066,3158,3364,UTILITY,True,KR_6571090546
5,Fiora,3181,3158,2055,3074,1036,6632,3363,TOP,False,KR_6571090546
6,LeeSin,3047,6630,2421,1037,3133,3071,3340,JUNGLE,False,KR_6571090546
7,Azir,3115,3020,3089,3041,1056,4644,3363,MIDDLE,False,KR_6571090546
8,Tristana,6675,3036,6672,1055,3006,1038,3363,BOTTOM,False,KR_6571090546
9,Alistar,3001,3857,0,1031,3047,3066,3364,UTILITY,False,KR_6571090546
0,Gangplank,0,2031,6675,2055,3508,3047,3364,TOP,True,KR_6571015162
1,Viego,1102,3078,3133,2422,3067,2055,3364,JUNGLE,True,KR_6571015162
2,Azir,2031,1056,3020,1042,4644,1052,3340,MIDDLE,True,KR_6571015162
3,Samira,1055,6676,2031,3047,0,6691,3363,BOTTOM,True,KR_6571015162
4,Rakan,3859,2031,0,3158,3023,1033,3364,UTILITY,True,KR_6571015162
5,Riven,6630,1036,1054,3158,3133,3067,3340,TOP,False,KR_6571015162
6,Maokai,1101,3158,2055,1011,1026,1052,3364,JUNGLE,False,KR_6571015162
7,Tristana,1055,6672,2031,1001,1083,1036,3364,MIDDLE,False,KR_6571015162
8,Ezreal,3158,1083,3070,3078,3133,1055,3340,BOTTOM,False,KR_6571015162
9,Alistar,3023,0,3859,3158,0,0,3364,UTILITY,False,KR_6571015162
0,Elise,3089,2055,4636,1082,3020,3108,3364,JUNGLE,True,KR_6570953367
1,Rengar,6632,2031,1055,3047,3742,3067,3364,TOP,True,KR_6570953367
2,Tristana,6675,6672,3035,3111,0,3072,3363,MIDDLE,True,KR_6570953367
3,Kaisa,3115,3124,0,3006,3087,1058,3363,BOTTOM,True,KR_6570953367
4,Rell,3859,3023,2055,3158,3001,0,3364,UTILITY,True,KR_6570953367
5,KSante,6660,1028,1029,6665,3047,1054,3340,TOP,False,KR_6570953367
6,RekSai,6631,0,1103,1036,3047,3133,3364,JUNGLE,False,KR_6570953367
7,Azir,4645,1082,2055,3020,1056,4644,3363,MIDDLE,False,KR_6570953367
8,Ezreal,3042,3155,3078,3158,1055,3035,3363,BOTTOM,False,KR_6570953367
9,Nautilus,3860,3001,2055,3111,3023,1029,3364,UTILITY,False,KR_6570953367
0,Jayce,1036,6692,1055,3133,3047,3042,3363,TOP,False,KR_6569899401
1,LeeSin,3071,6630,3044,3047,2055,0,3340,JUNGLE,False,KR_6569899401
2,Azir,4645,6655,2421,1082,1056,3020,3363,MIDDLE,False,KR_6569899401
3,Kalista,3006,0,0,3124,3153,6673,3363,BOTTOM,False,KR_6569899401
4,Sett,3857,2031,0,3742,3047,3023,3364,UTILITY,False,KR_6569899401
5,Irelia,6630,3047,3091,1029,3153,3133,3363,TOP,True,KR_6569899401
6,Poppy,8001,3001,3077,3158,3068,2055,3364,JUNGLE,True,KR_6569899401
7,Akshan,6672,6671,1036,6676,3134,3111,3363,MIDDLE,True,KR_6569899401
8,Varus,2055,3087,1055,4633,3020,3115,3363,BOTTOM,True,KR_6569899401
9,Nautilus,0,3001,3859,3023,3158,3024,3364,UTILITY,True,KR_6569899401
0,Ornn,1028,1029,1033,3068,3111,3076,3340,TOP,False,KR_6567321374
1,MonkeyKing,3071,6632,2055,3047,0,0,3364,JUNGLE,False,KR_6567321374
2,Leblanc,4636,3087,3158,1082,3108,3113,3364,MIDDLE,False,KR_6567321374
3,Xayah,1055,6672,6675,1036,2422,0,3363,BOTTOM,False,KR_6567321374
4,Rakan,2055,2065,3860,3023,0,3158,3364,UTILITY,False,KR_6567321374
5,Renekton,6630,3071,1031,3111,1038,1054,3340,TOP,True,KR_6567321374
6,Sejuani,1031,6660,2055,3047,6667,0,3364,JUNGLE,True,KR_6567321374
7,Tristana,1055,6675,1053,3111,1018,3087,3364,MIDDLE,True,KR_6567321374
8,Kaisa,0,3087,3006,3124,1055,3115,3363,BOTTOM,True,KR_6567321374
9,Nautilus,3860,0,1028,3001,3047,1029,3364,UTILITY,True,KR_6567321374
0,Gragas,6656,0,4629,3102,1056,3158,3364,TOP,True,KR_6567306079
1,RekSai,0,3111,6631,3071,1028,3044,3364,JUNGLE,True,KR_6567306079
2,Azir,0,3102,2420,6655,1056,3020,3363,MIDDLE,True,KR_6567306079
3,Kaisa,6672,3036,3006,1055,6675,3085,3363,BOTTOM,True,KR_6567306079
4,Rell,3109,3001,3860,0,0,3158,3364,UTILITY,True,KR_6567306079
5,Jax,6632,3111,2055,3157,3161,0,3340,TOP,False,KR_6567306079
6,Zac,1033,3068,3001,1029,8020,3158,3364,JUNGLE,False,KR_6567306079
7,Leblanc,3087,3100,3158,4632,4636,3108,3364,MIDDLE,False,KR_6567306079
8,Xayah,1053,1055,6675,6672,3006,0,3363,BOTTOM,False,KR_6567306079
9,Annie,3853,6656,2055,3116,3158,1082,3364,UTILITY,False,KR_6567306079
0,Renekton,6630,3071,3082,1028,0,3111,3340,TOP,False,KR_6567282296
1,Ivern,6616,3107,2055,6617,3158,0,3364,JUNGLE,False,KR_6567282296
2,Leblanc,1082,3087,0,3100,3111,4636,3364,MIDDLE,False,KR_6567282296
3,Ashe,1055,2055,3006,3078,1042,6672,3363,BOTTOM,False,KR_6567282296
4,Heimerdinger,3853,3152,2055,3020,3116,1028,3364,UTILITY,False,KR_6567282296
5,Gragas,6657,3068,8020,2055,1029,3158,3364,TOP,True,KR_6567282296
6,RekSai,2055,3071,6631,1037,3026,3111,3364,JUNGLE,True,KR_6567282296
7,Lissandra,4628,6656,0,3157,3111,4632,3364,MIDDLE,True,KR_6567282296
8,Varus,1038,3124,6672,3091,1053,3006,3363,BOTTOM,True,KR_6567282296
9,Nautilus,3190,3860,3107,0,3111,3023,3364,UTILITY,True,KR_6567282296
0,Jax,6632,3161,0,3108,3191,3158,3340,TOP,True,KR_6567255113
1,Diana,3157,3152,0,3020,4645,1026,3364,JUNGLE,True,KR_6567255113
2,Tristana,6675,3006,0,6672,1055,1053,3363,MIDDLE,True,KR_6567255113
3,Xayah,1055,6675,1018,3006,3036,6672,3363,BOTTOM,True,KR_6567255113
4,Soraka,3107,0,3853,2031,6617,3158,3364,UTILITY,True,KR_6567255113
5,Rumble,1056,4636,3916,3020,1082,1011,3364,TOP,False,KR_6567255113
6,Vi,6632,1036,2055,0,6609,2422,3364,JUNGLE,False,KR_6567255113
7,Leblanc,3087,3113,4636,1082,3020,3108,3364,MIDDLE,False,KR_6567255113
8,Samira,3035,6676,6691,1036,1001,0,3363,BOTTOM,False,KR_6567255113
9,Alistar,3001,3860,2055,3158,3076,1028,3364,UTILITY,False,KR_6567255113
0,Fiora,3074,6632,3158,3044,0,0,3363,TOP,True,KR_6564111796
1,Nunu,0,3065,6667,2055,1082,3111,3364,JUNGLE,True,KR_6564111796
2,Leblanc,3108,3087,1052,3158,4636,1082,3364,MIDDLE,True,KR_6564111796
3,Kaisa,0,2031,3115,2422,1042,3087,3363,BOTTOM,True,KR_6564111796
4,Rakan,2065,3860,0,3158,1033,1028,3364,UTILITY,True,KR_6564111796
5,KSante,1054,6662,1001,1029,1029,0,3340,TOP,False,KR_6564111796
6,Nidalee,3191,2420,1082,3135,4636,3020,3364,JUNGLE,False,KR_6564111796
7,Tristana,3087,3133,1018,0,0,3111,3363,MIDDLE,False,KR_6564111796
8,Ziggs,1058,2031,3067,6653,3070,3020,3363,BOTTOM,False,KR_6564111796
9,Rell,1028,3158,3860,0,3001,0,3364,UTILITY,False,KR_6564111796
0,Kennen,1055,1052,4632,3145,1001,1026,3340,TOP,False,KR_6564089646
1,Viego,1102,6632,0,1036,0,2422,3364,JUNGLE,False,KR_6564089646
2,Tristana,2031,1053,1001,6672,1083,1042,3340,MIDDLE,False,KR_6564089646
3,Xayah,1036,6672,1036,1038,1055,3006,3340,BOTTOM,False,KR_6564089646
4,Rakan,3859,1004,3067,2055,3111,1052,3364,UTILITY,False,KR_6564089646
5,Malphite,1056,3111,6660,3105,1028,3067,3364,TOP,True,KR_6564089646
6,Graves,1103,6691,3134,6670,2422,1036,3364,JUNGLE,True,KR_6564089646
7,Leblanc,2031,3108,3020,1082,0,3087,3364,MIDDLE,True,KR_6564089646
8,Kaisa,3115,3087,1037,1055,2422,1036,3340,BOTTOM,True,KR_6564089646
9,Nautilus,3859,3190,3047,0,1029,1028,3364,UTILITY,True,KR_6564089646
0,Renekton,6631,2055,1054,1011,3047,3082,3340,TOP,True,KR_6564047831
1,Vi,1036,6632,3143,3158,0,0,3513,JUNGLE,True,KR_6564047831
2,Leblanc,3152,3020,1082,0,3087,1052,3364,MIDDLE,True,KR_6564047831
3,Aphelios,2031,6672,1038,3006,1036,3086,3364,BOTTOM,True,KR_6564047831
4,Rakan,3860,0,2065,1028,0,3158,3364,UTILITY,True,KR_6564047831
5,Quinn,6671,0,0,3006,3087,0,3363,TOP,False,KR_6564047831
6,LeeSin,6630,2055,1028,3133,0,3047,3340,JUNGLE,False,KR_6564047831
7,Tristana,6671,3006,3072,0,0,0,3363,MIDDLE,False,KR_6564047831
8,Varus,1036,3142,0,3158,3070,3133,3363,BOTTOM,False,KR_6564047831
9,Heimerdinger,3853,0,0,3020,0,3116,3364,UTILITY,False,KR_6564047831
0,KSante,1011,3193,3068,1054,3111,6662,3364,TOP,True,KR_6564012050
1,RekSai,6631,3047,0,3044,1028,3071,3364,JUNGLE,True,KR_6564012050
2,Azir,6655,4645,3108,3020,1026,1043,3363,MIDDLE,True,KR_6564012050
3,Ashe,1055,3078,3087,3006,3046,1018,3363,BOTTOM,True,KR_6564012050
4,Rakan,2065,0,3860,3067,1011,3111,3364,UTILITY,True,KR_6564012050
5,Jax,3071,6632,3111,1052,0,0,3340,TOP,False,KR_6564012050
6,Viego,3133,6632,1036,3067,3111,2055,3364,JUNGLE,False,KR_6564012050
7,Akali,3152,3108,3087,1052,1054,3020,3364,MIDDLE,False,KR_6564012050
8,Ezreal,3042,3078,0,1055,0,3158,3363,BOTTOM,False,KR_6564012050
9,Shaco,3853,6656,2055,4005,3158,1052,3364,UTILITY,False,KR_6564012050
0,Jayce,1055,3142,0,3042,3134,3158,3364,TOP,False,KR_6563964315
1,Neeko,3152,0,3157,3020,1082,0,3364,JUNGLE,False,KR_6563964315
2,Zoe,6655,3020,3145,1082,3108,1056,3340,MIDDLE,False,KR_6563964315
3,Kaisa,2055,0,1055,3115,3087,3006,3363,BOTTOM,False,KR_6563964315
4,Alistar,2055,3859,3157,3117,0,0,3364,UTILITY,False,KR_6563964315
5,Ryze,3040,3089,0,3047,0,6657,3340,TOP,True,KR_6563964315
6,Kindred,2055,3111,3051,1043,3078,6672,3364,JUNGLE,True,KR_6563964315
7,Sylas,3102,4645,6656,1082,3111,0,3364,MIDDLE,True,KR_6563964315
8,Xayah,2055,3035,6672,6675,3006,1018,3363,BOTTOM,True,KR_6563964315
9,Rakan,3111,2065,3853,3742,0,0,3364,UTILITY,True,KR_6563964315
0,Renekton,6630,2420,2055,3053,3111,3071,3364,TOP,True,KR_6563910013
1,Viego,2055,1037,3026,3078,6672,3111,3364,JUNGLE,True,KR_6563910013
2,Leblanc,4636,3087,2055,3158,3041,3100,3364,MIDDLE,True,KR_6563910013
3,Kalista,6673,3085,1036,1055,3124,3006,3363,BOTTOM,True,KR_6563910013
4,Rell,0,3860,3075,3158,3001,1028,3364,UTILITY,True,KR_6563910013
5,Poppy,3047,6665,3068,1054,3076,1028,3364,TOP,False,KR_6563910013
6,FiddleSticks,3157,2055,3152,3020,3916,1082,3330,JUNGLE,False,KR_6563910013
7,Tristana,6672,1018,1053,3111,6675,1055,3363,MIDDLE,False,KR_6563910013
8,Ashe,2055,3006,6672,3046,3051,3078,3363,BOTTOM,False,KR_6563910013
9,Janna,2065,0,3860,3158,3504,0,3364,UTILITY,False,KR_6563910013
0,XinZhao,1055,3071,3047,3133,1036,0,3340,TOP,False,KR_6563085696
1,Ekko,3152,1082,2055,3057,3020,3113,3364,JUNGLE,False,KR_6563085696
2,Vex,6656,2421,2033,3108,3111,1082,3364,MIDDLE,False,KR_6563085696
3,Aphelios,1083,1037,6671,3006,3072,6676,3363,BOTTOM,False,KR_6563085696
4,TahmKench,3047,3860,3190,1028,0,0,3364,UTILITY,False,KR_6563085696
5,Renekton,3071,3047,6630,0,0,0,3364,TOP,True,KR_6563085696
6,Vi,2421,6632,0,1029,3071,3158,3364,JUNGLE,True,KR_6563085696
7,Leblanc,3041,3087,3113,3108,3111,4636,3364,MIDDLE,True,KR_6563085696
8,Kaisa,1055,3087,3006,3115,0,0,3363,BOTTOM,True,KR_6563085696
9,Heimerdinger,3116,3853,4005,3020,3916,0,3364,UTILITY,True,KR_6563085696
0,Rumble,0,3020,3157,1058,4636,4637,3363,TOP,False,KR_6563041090
1,Rengar,6676,0,0,6691,3508,3158,3364,JUNGLE,False,KR_6563041090
2,Jayce,6694,1036,1054,6691,3042,3111,3364,MIDDLE,False,KR_6563041090
3,Aphelios,3006,6671,1018,3036,6672,1055,3363,BOTTOM,False,KR_6563041090
4,Milio,2065,3860,0,3158,3504,0,3364,UTILITY,False,KR_6563041090
5,Jax,3047,2055,3157,3110,6632,0,3340,TOP,True,KR_6563041090
6,LeeSin,2055,6630,3071,6333,0,3047,3340,JUNGLE,True,KR_6563041090
7,Neeko,3152,1058,3157,3020,4645,1082,3340,MIDDLE,True,KR_6563041090
8,Kaisa,3115,3087,2421,3124,3191,3006,3363,BOTTOM,True,KR_6563041090
9,Nautilus,3860,3143,0,2421,3001,3047,3364,UTILITY,True,KR_6563041090
0,KSante,1011,3193,3076,6662,3047,3068,3364,TOP,True,KR_6562988665
1,Nocturne,1029,6631,2421,3091,3110,3158,3363,JUNGLE,True,KR_6562988665
2,Leblanc,4636,3087,3135,3111,3100,3041,3364,MIDDLE,True,KR_6562988665
3,Aphelios,6671,0,3006,6672,3072,0,3363,BOTTOM,True,KR_6562988665
4,Rell,3860,8001,3801,6667,2055,3111,3364,UTILITY,True,KR_6562988665
5,Poppy,2033,6665,3110,3047,0,3068,3363,TOP,False,KR_6562988665
6,Viego,2055,6632,3071,3053,0,3047,3364,JUNGLE,False,KR_6562988665
7,Annie,6653,2421,1056,3158,3041,3165,3364,MIDDLE,False,KR_6562988665
8,Kaisa,3006,6655,3087,1058,3135,3115,3363,BOTTOM,False,KR_6562988665
9,Rakan,2065,2055,3860,3109,0,3111,3364,UTILITY,False,KR_6562988665
0,Renekton,3047,6630,3071,1054,3044,1037,3364,TOP,True,KR_6562662076
1,Poppy,1028,1028,0,6632,1036,3047,3364,JUNGLE,True,KR_6562662076
2,Taliyah,4644,3158,2424,3040,3191,1052,3340,MIDDLE,True,KR_6562662076
3,Kaisa,1055,3115,2422,3087,3802,1042,3364,BOTTOM,True,KR_6562662076
4,Rakan,3860,2065,2055,2031,3023,3158,3364,UTILITY,True,KR_6562662076
5,KSante,1054,6662,3076,1011,3047,0,3364,TOP,False,KR_6562662076
6,RekSai,3814,6631,3133,1102,2422,3067,3364,JUNGLE,False,KR_6562662076
7,Annie,1026,3152,1052,3158,1082,1056,3364,MIDDLE,False,KR_6562662076
8,Tristana,1055,1038,6672,3006,1036,1036,3363,BOTTOM,False,KR_6562662076
9,Blitzcrank,3857,6656,0,0,3066,3117,3364,UTILITY,False,KR_6562662076
0,Rengar,3071,1036,1036,6692,3047,1042,3364,TOP,False,KR_6562631024
1,FiddleSticks,2421,2055,3152,1082,3020,3191,3330,JUNGLE,False,KR_6562631024
2,Rakan,2065,3860,3107,2055,3158,2424,3364,UTILITY,False,KR_6562631024
3,Samira,6691,1055,6676,1018,1001,1036,3363,BOTTOM,False,KR_6562631024
4,Zed,0,1054,3158,6691,3074,3071,3363,MIDDLE,False,KR_6562631024
5,Riven,6630,1054,3111,3071,3133,1037,3364,TOP,True,KR_6562631024
6,RekSai,0,6631,0,3742,3814,2422,3364,JUNGLE,True,KR_6562631024
7,Leblanc,4636,3087,3100,1082,0,3158,3364,MIDDLE,True,KR_6562631024
8,Kaisa,3124,2421,6676,1055,6672,3006,3363,BOTTOM,True,KR_6562631024
9,Alistar,3117,3860,3109,3001,0,0,3364,UTILITY,True,KR_6562631024
0,Gnar,3143,2055,3044,3047,3078,8020,3364,TOP,True,KR_6562570942
1,LeeSin,3026,0,6630,3111,3156,3071,3340,JUNGLE,True,KR_6562570942
2,Tristana,6672,3072,6671,3156,3111,3036,3363,MIDDLE,True,KR_6562570942
3,Aphelios,2420,6671,6672,3072,3156,3006,3363,BOTTOM,True,KR_6562570942
4,Rell,3860,2065,0,4401,1028,3111,3364,UTILITY,True,KR_6562570942
5,Quinn,6671,3036,3006,3072,3134,3087,3364,TOP,False,KR_6562570942
6,MonkeyKing,3044,6632,1028,3071,6333,3047,3364,JUNGLE,False,KR_6562570942
7,Leblanc,4636,3087,3089,3135,3158,3100,3364,MIDDLE,False,KR_6562570942
8,Kaisa,3087,1055,3020,3124,3115,4630,3363,BOTTOM,False,KR_6562570942
9,Shaco,3853,6656,3157,2055,4005,3158,3364,UTILITY,False,KR_6562570942
0,Poppy,2033,3067,3111,3105,6660,1028,3340,TOP,False,KR_6562543351
1,Kindred,3078,6672,2422,0,0,0,3364,JUNGLE,False,KR_6562543351
2,Azir,2031,2055,1052,3111,6655,3108,3363,MIDDLE,False,KR_6562543351
3,Xayah,1055,6675,3006,1053,6672,2055,3363,BOTTOM,False,KR_6562543351
4,Rakan,3860,2065,2055,1028,1029,3111,3364,UTILITY,False,KR_6562543351
5,Vladimir,1056,4636,3158,4629,3145,1058,3364,TOP,True,KR_6562543351
6,Shaco,0,6692,3006,3057,1036,1036,3364,JUNGLE,True,KR_6562543351
7,Leblanc,1082,3087,2055,3100,4636,3158,3364,MIDDLE,True,KR_6562543351
8,Ashe,3087,3078,0,3006,0,1055,3363,BOTTOM,True,KR_6562543351
9,Braum,3857,0,3190,3047,0,0,3364,UTILITY,True,KR_6562543351
0,Renekton,1055,6630,2055,3143,1028,3047,3340,TOP,False,KR_6562479973
1,Elise,3020,4636,2055,3145,1082,0,3364,JUNGLE,False,KR_6562479973
2,Azir,2031,4644,3108,3020,1056,4645,3363,MIDDLE,False,KR_6562479973
3,Kaisa,3115,0,3020,3802,3087,1055,3363,BOTTOM,False,KR_6562479973
4,Blitzcrank,6656,3857,0,3009,3067,0,3364,UTILITY,False,KR_6562479973
5,Quinn,6671,3087,6672,1018,2055,3006,3363,TOP,True,KR_6562479973
6,Ivern,6616,3158,3114,0,3041,6617,3364,JUNGLE,True,KR_6562479973
7,Yone,2055,1054,6671,3072,1042,3006,3364,MIDDLE,True,KR_6562479973
8,MissFortune,6676,3142,6694,3156,3158,2055,3363,BOTTOM,True,KR_6562479973
9,Rell,8001,3001,3860,0,3111,3916,3364,UTILITY,True,KR_6562479973
0,Rengar,2031,3047,3076,6632,6670,1055,3364,TOP,True,KR_6562447013
1,LeeSin,6630,2055,3067,1103,3111,0,3340,JUNGLE,True,KR_6562447013
2,Neeko,3152,1052,3191,1082,1056,3158,3364,MIDDLE,True,KR_6562447013
3,Kaisa,0,3006,1026,1043,3087,1055,3363,BOTTOM,True,KR_6562447013
4,Nautilus,3001,0,3860,1028,0,3047,3364,UTILITY,True,KR_6562447013
5,Renekton,6630,3133,3076,1054,3047,1028,3340,TOP,False,KR_6562447013
6,Nidalee,1101,4636,0,3020,3145,1082,3513,JUNGLE,False,KR_6562447013
7,Akshan,2031,1054,3087,3020,3086,1036,3340,MIDDLE,False,KR_6562447013
8,Xayah,1083,0,2422,1018,6672,1038,3340,BOTTOM,False,KR_6562447013
9,Braum,0,3859,3190,1001,1033,0,3364,UTILITY,False,KR_6562447013
0,Fiora,6631,3074,3133,3047,1054,1037,3363,TOP,True,KR_6562195786
1,Khazix,3814,3179,1036,3158,0,6692,3364,JUNGLE,True,KR_6562195786
2,Leblanc,3100,3087,4636,3158,1058,1082,3364,MIDDLE,True,KR_6562195786
3,Ashe,0,1018,1053,3087,3078,3006,3363,BOTTOM,True,KR_6562195786
4,Braum,3857,1029,2055,3047,3001,1011,3364,UTILITY,True,KR_6562195786
5,Tryndamere,1055,3006,6672,6675,3074,3035,3364,TOP,False,KR_6562195786
6,Nidalee,3157,4636,3145,1082,2055,3020,3364,JUNGLE,False,KR_6562195786
7,Tristana,2055,0,3111,6675,1053,3087,3363,MIDDLE,False,KR_6562195786
8,Xayah,1055,6672,6675,1038,1018,3006,3363,BOTTOM,False,KR_6562195786
9,Rakan,2065,2055,3860,1028,3011,3158,3364,UTILITY,False,KR_6562195786
0,KSante,3105,1054,2031,1001,3067,1028,3340,TOP,False,KR_6562120996
1,Graves,6029,3179,1036,0,2422,1036,3364,JUNGLE,False,KR_6562120996
2,Azir,2031,6653,0,1001,1056,0,3363,MIDDLE,False,KR_6562120996
3,Kaisa,3087,2422,1042,1026,0,0,3340,BOTTOM,False,KR_6562120996
4,Leona,3859,0,2031,1028,3047,0,3364,UTILITY,False,KR_6562120996
5,Gwen,3047,2031,0,1056,1043,4633,3340,TOP,True,KR_6562120996
6,Ivern,0,0,0,3067,1102,3158,3364,JUNGLE,True,KR_6562120996
7,Yone,6671,2031,1054,1053,1018,3006,3340,MIDDLE,True,KR_6562120996
8,Varus,1055,3124,3006,6672,1042,1042,3363,BOTTOM,True,KR_6562120996
9,Rakan,2065,2055,3859,1028,0,3111,3364,UTILITY,True,KR_6562120996
0,Jax,1054,2031,6632,3071,1052,3158,3340,TOP,True,KR_6562047636
1,Vi,3071,2055,2421,6632,3111,0,3364,JUNGLE,True,KR_6562047636
2,Leblanc,3100,3041,1052,4636,3020,3087,3364,MIDDLE,True,KR_6562047636
3,Kaisa,3145,3087,1055,3115,3006,3124,3363,BOTTOM,True,KR_6562047636
4,Leona,3860,3001,3111,3050,2055,0,3364,UTILITY,True,KR_6562047636
5,Fiora,3077,6632,3133,1029,1054,3047,3364,TOP,False,KR_6562047636
6,Ivern,2055,3107,1082,6617,3158,0,3364,JUNGLE,False,KR_6562047636
7,Azir,3145,4644,1082,3020,1056,1058,3363,MIDDLE,False,KR_6562047636
8,Aphelios,1055,6671,2055,3006,6676,0,3363,BOTTOM,False,KR_6562047636
9,Rakan,3860,3190,0,3023,0,3111,3364,UTILITY,False,KR_6562047636
0,Renekton,6630,3044,1037,3111,1028,1054,3363,TOP,True,KR_6561962432
1,Taliyah,0,1082,4644,4645,3135,3020,3364,JUNGLE,True,KR_6561962432
2,Pantheon,3142,2055,3071,3111,0,0,3364,MIDDLE,True,KR_6561962432
3,Aphelios,3072,6671,2421,1038,3006,6672,3363,BOTTOM,True,KR_6561962432
4,Leona,3001,3857,2055,1057,3066,3047,3364,UTILITY,True,KR_6561962432
5,Kennen,3152,1082,2055,3020,3135,3087,3364,TOP,False,KR_6561962432
6,MonkeyKing,1031,2421,2055,3071,3111,6632,3364,JUNGLE,False,KR_6561962432
7,Neeko,3152,2055,3157,3020,1056,1058,3363,MIDDLE,False,KR_6561962432
8,Samira,1036,3072,6691,6676,6673,3009,3363,BOTTOM,False,KR_6561962432
9,Rell,1029,2055,3860,3050,3001,3111,3364,UTILITY,False,KR_6561962432
0,Kennen,1055,3152,2055,3020,3087,3089,3364,TOP,True,KR_6561894945
1,MonkeyKing,3026,3155,3133,3071,3111,6632,3364,JUNGLE,True,KR_6561894945
2,Taliyah,6653,3040,2055,4629,1052,3158,3364,MIDDLE,True,KR_6561894945
3,Samira,6673,6691,6676,3134,1001,0,3363,BOTTOM,True,KR_6561894945
4,Rell,3067,3109,2065,3860,0,3158,3364,UTILITY,True,KR_6561894945
5,Jayce,3158,6691,3042,6694,0,0,3340,TOP,False,KR_6561894945
6,Nidalee,3152,3020,2055,4645,1082,1058,3364,JUNGLE,False,KR_6561894945
7,KSante,0,1054,6665,3075,3111,3105,3364,MIDDLE,False,KR_6561894945
8,Kaisa,1055,3087,2055,3124,3006,3115,3363,BOTTOM,False,KR_6561894945
9,Rakan,3001,3860,2055,3012,3114,3158,3364,UTILITY,False,KR_6561894945
0,Tryndamere,3006,6672,6675,1054,0,1018,3364,TOP,True,KR_6561839388
1,Kindred,3111,3091,1036,6671,6672,1036,3364,JUNGLE,True,KR_6561839388
2,Azir,3115,1056,4644,3111,1082,3145,3363,MIDDLE,True,KR_6561839388
3,Xayah,6675,6672,3036,2055,1038,3006,3363,BOTTOM,True,KR_6561839388
4,Rakan,3860,2065,2055,1028,3023,3111,3364,UTILITY,True,KR_6561839388
5,Renekton,6630,3133,3067,3047,6333,1055,3364,TOP,False,KR_6561839388
6,Nidalee,3152,3020,2055,3145,1052,0,3364,JUNGLE,False,KR_6561839388
7,Kennen,3152,2031,3020,1054,2015,1042,3364,MIDDLE,False,KR_6561839388
8,Kaisa,2031,3087,2422,3115,1042,0,3363,BOTTOM,False,KR_6561839388
9,Rell,0,3860,2055,0,3001,3158,3364,UTILITY,False,KR_6561839388
0,Jayce,3004,3047,1083,1055,2055,6692,3363,TOP,True,KR_6561572253
1,LeeSin,6630,1028,2055,3133,1103,3047,3340,JUNGLE,True,KR_6561572253
2,Neeko,3152,0,2421,3020,1056,1052,3340,MIDDLE,True,KR_6561572253
3,Swain,6653,1052,2422,0,1056,0,3340,BOTTOM,True,KR_6561572253
4,Rakan,3859,3067,4642,3158,0,0,3364,UTILITY,True,KR_6561572253
5,Irelia,1054,3153,0,0,1083,0,3363,TOP,False,KR_6561572253
6,Rengar,6691,1101,1036,2422,1036,0,3364,JUNGLE,False,KR_6561572253
7,Zeri,3087,1052,1001,0,0,0,3340,MIDDLE,False,KR_6561572253
8,Varus,3087,3006,1042,1052,0,0,3340,BOTTOM,False,KR_6561572253
9,Milio,3504,2055,0,3859,2422,0,3364,UTILITY,False,KR_6561572253
0,Olaf,2420,3071,6630,3156,1055,3047,3364,TOP,True,KR_6561532295
1,RekSai,6631,2421,1038,3071,1029,3047,3364,JUNGLE,True,KR_6561532295
2,Neeko,1052,3152,3157,1082,3158,1056,3340,MIDDLE,True,KR_6561532295
3,Samira,6691,6673,6676,1038,1053,3047,3363,BOTTOM,True,KR_6561532295
4,Janna,3853,3107,2055,3108,6620,3158,3364,UTILITY,True,KR_6561532295
5,Jax,6632,2031,3047,3071,2420,3191,3340,TOP,False,KR_6561532295
6,Khazix,6693,0,3814,3047,0,6691,3364,JUNGLE,False,KR_6561532295
7,Azir,1058,4644,0,3158,1056,3115,3363,MIDDLE,False,KR_6561532295
8,Ezreal,3133,0,0,3078,3042,2422,3363,BOTTOM,False,KR_6561532295
9,Alistar,3860,0,2055,3117,1028,3001,3364,UTILITY,False,KR_6561532295
0,Nautilus,8020,3050,6660,3111,3001,2139,3363,MIDDLE,True,KR_6561481644
1,Graves,6676,0,3142,3047,3133,3067,3364,JUNGLE,True,KR_6561481644
2,Quinn,1036,6671,3087,6672,1018,3006,3363,TOP,True,KR_6561481644
3,Kaisa,6655,3115,1082,3020,3087,3089,3363,BOTTOM,True,KR_6561481644
4,Milio,3853,2065,2055,2420,3158,3504,3364,UTILITY,True,KR_6561481644
5,Renekton,3143,4401,6631,0,3047,0,3364,TOP,False,KR_6561481644
6,Kindred,3071,3047,1043,6672,3078,2055,3364,JUNGLE,False,KR_6561481644
7,Ahri,6656,1058,3157,3041,4645,3158,3364,MIDDLE,False,KR_6561481644
8,Varus,4633,3087,3115,1058,0,3047,3363,BOTTOM,False,KR_6561481644
9,Braum,3190,3860,2055,3050,0,3047,3364,UTILITY,False,KR_6561481644
0,Fiora,3181,6632,6333,0,3074,3111,3340,TOP,True,KR_6561442476
1,Kindred,0,1037,3111,3091,3071,3078,3364,JUNGLE,True,KR_6561442476
2,Annie,3152,2055,3157,3020,3116,3089,3364,MIDDLE,True,KR_6561442476
3,Aphelios,1055,6671,3006,6672,3072,0,3363,BOTTOM,True,KR_6561442476
4,Milio,2065,3853,3504,2055,3158,3114,3364,UTILITY,True,KR_6561442476
5,Maokai,3001,6660,3076,3111,3110,1057,3363,TOP,False,KR_6561442476
6,Graves,3142,1028,3134,3156,3071,3047,3364,JUNGLE,False,KR_6561442476
7,Neeko,3152,2421,3145,3089,1082,3158,3364,MIDDLE,False,KR_6561442476
8,Kaisa,6672,3124,3087,3006,3156,1053,3363,BOTTOM,False,KR_6561442476
9,Pyke,3117,3857,3179,3814,1036,0,3364,UTILITY,False,KR_6561442476
0,Rumble,1056,3047,4636,3191,2421,0,3340,TOP,True,KR_6561416164
1,Evelynn,1102,3152,3020,3041,1052,0,3513,JUNGLE,True,KR_6561416164
2,Tristana,2031,6671,0,3087,1001,1053,3363,MIDDLE,True,KR_6561416164
3,Draven,1055,2031,3078,6676,3047,0,3363,BOTTOM,True,KR_6561416164
4,Pyke,3855,2031,2055,3158,3134,3179,3364,UTILITY,True,KR_6561416164
5,Tryndamere,6672,0,3006,0,0,0,3340,TOP,False,KR_6561416164
6,LeeSin,6630,1103,0,1036,3158,0,3340,JUNGLE,False,KR_6561416164
7,Leblanc,3087,3145,2031,1001,3108,0,3364,MIDDLE,False,KR_6561416164
8,Varus,2010,6672,1055,1037,3006,0,3340,BOTTOM,False,KR_6561416164
9,Rakan,3067,4642,2055,3859,0,3158,3364,UTILITY,False,KR_6561416164
0,Renekton,3157,3084,3193,3053,3748,3047,3364,TOP,False,KR_6556914181
1,Ivern,3222,3107,3041,6617,6616,3158,3364,JUNGLE,False,KR_6556914181
2,Neeko,3152,2055,3157,3158,3135,3089,3364,MIDDLE,False,KR_6556914181
3,MissFortune,6672,3036,3026,3156,3031,3046,3363,BOTTOM,False,KR_6556914181
4,Rakan,3860,2065,3222,4638,3050,3111,3364,UTILITY,False,KR_6556914181
5,Kennen,3089,0,4636,3020,3165,4645,3364,TOP,True,KR_6556914181
6,Kindred,3078,0,3111,3091,6672,3071,3364,JUNGLE,True,KR_6556914181
7,Annie,3152,1058,3157,3158,3135,3116,3364,MIDDLE,True,KR_6556914181
8,Sivir,3046,3072,3139,3085,6675,3036,3363,BOTTOM,True,KR_6556914181
9,Blitzcrank,3050,2065,3857,4638,3076,3117,3364,UTILITY,True,KR_6556914181
0,Jax,1054,2031,6632,3047,0,0,3340,TOP,False,KR_6556858226
1,LeeSin,1103,6630,0,3133,0,2422,3340,JUNGLE,False,KR_6556858226
2,Tristana,2031,6672,3006,2055,1055,1042,3363,MIDDLE,False,KR_6556858226
3,Kaisa,2031,1052,1055,1043,3087,2422,3340,BOTTOM,False,KR_6556858226
4,Blitzcrank,3802,3859,2055,3067,3111,0,3364,UTILITY,False,KR_6556858226
5,Renekton,3123,6630,2055,3047,1055,3044,3340,TOP,True,KR_6556858226
6,Ivern,0,3158,1102,4642,3067,1082,3364,JUNGLE,True,KR_6556858226
7,Azir,2031,2420,3020,1082,6653,1056,3363,MIDDLE,True,KR_6556858226
8,Draven,1055,3078,6676,1038,1053,2422,3363,BOTTOM,True,KR_6556858226
9,Leona,3855,2031,3023,0,3047,1033,3364,UTILITY,True,KR_6556858226
0,Ivern,0,0,3115,3116,1056,3009,3363,TOP,True,KR_6556172923
1,Sylas,3157,2055,0,3020,3041,4636,3364,JUNGLE,True,KR_6556172923
2,Qiyana,6694,6691,2055,3814,0,3158,3364,MIDDLE,True,KR_6556172923
3,Kaisa,6672,6675,1042,3006,1042,1055,3363,BOTTOM,True,KR_6556172923
4,Blitzcrank,3857,2065,3024,3916,3023,3009,3364,UTILITY,True,KR_6556172923
5,KSante,1029,1033,3105,6662,3111,1054,3364,TOP,False,KR_6556172923
6,Nidalee,3152,2420,3191,4645,3108,3020,3364,JUNGLE,False,KR_6556172923
7,Renekton,6630,3133,1036,3047,3067,1055,3364,MIDDLE,False,KR_6556172923
8,Cassiopeia,6656,3040,1052,3157,0,0,3364,BOTTOM,False,KR_6556172923
9,Nautilus,1057,2055,3860,3001,3067,3047,3364,UTILITY,False,KR_6556172923
0,Renekton,6630,1054,3044,3111,1037,0,3364,TOP,True,KR_6555517360
1,Poppy,3001,3076,2055,1102,3158,6660,3364,JUNGLE,True,KR_6555517360
2,Azir,2031,4644,0,3020,1056,3089,3363,MIDDLE,True,KR_6555517360
3,Kaisa,3133,0,3046,3006,6672,1055,3363,BOTTOM,True,KR_6555517360
4,Nautilus,3001,3859,0,3111,1028,0,3364,UTILITY,True,KR_6555517360
5,Zac,1054,3076,3047,3001,3068,0,3364,TOP,False,KR_6555517360
6,Vi,1103,2055,3111,3076,6632,3071,3364,JUNGLE,False,KR_6555517360
7,Taliyah,2033,3067,2424,3070,3111,6653,3364,MIDDLE,False,KR_6555517360
8,Tristana,6672,1018,0,3006,0,3133,3340,BOTTOM,False,KR_6555517360
9,Leona,3859,2031,2055,3001,0,3047,3364,UTILITY,False,KR_6555517360
0,Kennen,1052,3020,2031,3087,1026,3145,3364,TOP,False,KR_6555494475
1,Nocturne,6631,3071,1036,0,3047,0,3363,JUNGLE,False,KR_6555494475
2,Zoe,2031,3087,6655,3020,1052,1082,3363,MIDDLE,False,KR_6555494475
3,Tristana,1083,3006,6672,3133,1018,1036,3363,BOTTOM,False,KR_6555494475
4,Rell,0,3860,2055,1029,3158,3001,3364,UTILITY,False,KR_6555494475
5,Sion,1054,2055,6665,3068,1028,3111,3364,TOP,True,KR_6555494475
6,RekSai,6631,3111,3071,2420,0,0,3364,JUNGLE,True,KR_6555494475
7,Orianna,1056,6655,3070,1082,3020,0,3363,MIDDLE,True,KR_6555494475
8,Aphelios,6671,0,1083,1053,6672,3006,3363,BOTTOM,True,KR_6555494475
9,Alistar,3860,0,3190,3158,3023,0,3364,UTILITY,True,KR_6555494475
0,Gragas,6656,3158,2055,2031,1056,1052,3340,TOP,False,KR_6555461620
1,Kindred,3078,1101,2055,6670,0,2422,3364,JUNGLE,False,KR_6555461620
2,Tristana,1055,6670,2031,1053,1001,1043,3340,MIDDLE,False,KR_6555461620
3,Ezreal,3087,2010,2422,3145,3108,0,3363,BOTTOM,False,KR_6555461620
4,Renata,3853,4642,3158,3067,2055,0,3364,UTILITY,False,KR_6555461620
5,Gwen,1056,2031,0,3158,1026,4635,3340,TOP,True,KR_6555461620
6,Talon,6693,3142,0,2422,0,0,3364,JUNGLE,True,KR_6555461620
7,Leblanc,4636,2055,1082,3087,3158,0,3364,MIDDLE,True,KR_6555461620
8,Kaisa,3087,3115,3802,2422,1026,1082,3363,BOTTOM,True,KR_6555461620
9,Nautilus,1029,3859,2055,1029,3001,3047,3364,UTILITY,True,KR_6555461620
0,Aatrox,2055,6630,3067,3158,1054,3133,3364,TOP,False,KR_6555430520
1,RekSai,6631,3047,2055,3071,3044,1028,3364,JUNGLE,False,KR_6555430520
2,TwistedFate,3152,3087,3157,3158,3113,1082,3340,MIDDLE,False,KR_6555430520
3,Kaisa,3006,3124,3087,1043,1026,3108,3363,BOTTOM,False,KR_6555430520
4,Nautilus,3001,3860,0,3023,1028,3047,3364,UTILITY,False,KR_6555430520
5,Zac,8020,3001,3068,3076,1028,3047,3364,TOP,True,KR_6555430520
6,Talon,6693,3142,0,3047,3134,3814,3364,JUNGLE,True,KR_6555430520
7,Malphite,3068,1056,6665,8020,1082,3158,3364,MIDDLE,True,KR_6555430520
8,Ezreal,6694,1036,1055,3078,3042,3158,3363,BOTTOM,True,KR_6555430520
9,Braum,3857,3190,2055,0,3050,3111,3364,UTILITY,True,KR_6555430520
0,Renekton,6630,3047,3026,3071,0,0,3364,TOP,False,KR_6555381449
1,Sejuani,3143,2055,6667,1057,3158,3068,3364,JUNGLE,False,KR_6555381449
2,Leblanc,4636,3087,1058,3158,3041,3100,3364,MIDDLE,False,KR_6555381449
3,Aphelios,3036,6671,1038,3006,3095,1055,3363,BOTTOM,False,KR_6555381449
4,TahmKench,3190,2055,1011,3860,3076,3111,3364,UTILITY,False,KR_6555381449
5,Tristana,6672,6675,3072,3051,1043,3111,3363,MIDDLE,True,KR_6555381449
6,Vi,0,6632,3026,3071,3155,3111,3364,JUNGLE,True,KR_6555381449
7,KSante,1028,3193,0,3076,6662,3047,3364,TOP,True,KR_6555381449
8,Varus,4644,3089,3115,3087,3102,3006,3363,BOTTOM,True,KR_6555381449
9,Nautilus,0,3860,4638,3109,3001,3111,3364,UTILITY,True,KR_6555381449
0,Akshan,3095,6677,1037,3047,0,0,3363,TOP,False,KR_6555340562
1,Kindred,3078,1101,3006,1042,0,0,3364,JUNGLE,False,KR_6555340562
2,TwistedFate,2031,3087,1082,0,3111,1028,3340,MIDDLE,False,KR_6555340562
3,Ziggs,1058,3020,0,3070,3067,6653,3363,BOTTOM,False,KR_6555340562
4,Nautilus,3860,3111,2055,3023,1033,0,3364,UTILITY,False,KR_6555340562
5,KSante,2010,1054,6662,3111,6660,1031,3364,TOP,True,KR_6555340562
6,Khazix,3179,6691,3111,3134,0,0,3364,JUNGLE,True,KR_6555340562
7,Leblanc,2031,0,1082,3111,4636,3087,3364,MIDDLE,True,KR_6555340562
8,Samira,1055,6676,1001,1036,1018,0,3363,BOTTOM,True,KR_6555340562
9,Rell,3111,3859,0,3067,3023,0,3364,UTILITY,True,KR_6555340562
0,Renekton,6631,3044,2055,0,3047,1054,3364,TOP,True,KR_6555302740
1,Ivern,2065,2055,0,0,1102,3117,3364,JUNGLE,True,KR_6555302740
2,TwistedFate,2031,3087,0,1001,1082,0,3340,MIDDLE,True,KR_6555302740
3,Kaisa,3006,0,3802,1026,3115,3087,3363,BOTTOM,True,KR_6555302740
4,Rell,3859,3001,2055,3066,3047,1029,3364,UTILITY,True,KR_6555302740
5,Varus,1083,3087,1001,1042,3108,0,3340,TOP,False,KR_6555302740
6,RekSai,6631,0,0,1036,2422,1103,3364,JUNGLE,False,KR_6555302740
7,Zoe,2033,2015,1082,3111,6655,1036,3363,MIDDLE,False,KR_6555302740
8,Kalista,6673,3006,1055,1042,0,0,3340,BOTTOM,False,KR_6555302740
9,Rakan,2031,3111,3859,3067,1029,0,3364,UTILITY,False,KR_6555302740
0,Gnar,3078,3181,3071,3047,3051,1043,3363,TOP,True,KR_6554004521
1,Poppy,3001,0,1011,3158,3068,3076,3364,JUNGLE,True,KR_6554004521
2,Leblanc,3158,3087,3089,4636,3100,1082,3364,MIDDLE,True,KR_6554004521
3,Ziggs,3089,4645,1082,1026,3020,6653,3363,BOTTOM,True,KR_6554004521
4,Rakan,3011,2065,3107,3860,2055,3158,3364,UTILITY,True,KR_6554004521
5,Jax,3078,2420,3191,3071,3158,0,3340,TOP,False,KR_6554004521
6,Vi,2055,3071,6667,3067,3111,1033,3364,JUNGLE,False,KR_6554004521
7,Ahri,1082,4632,6656,3158,4628,1056,3364,MIDDLE,False,KR_6554004521
8,Zeri,3100,3087,3006,4636,3115,1033,3340,BOTTOM,False,KR_6554004521
9,Yuumi,3853,2065,2055,3504,1004,0,3364,UTILITY,False,KR_6554004521
0,Gnar,3078,3111,0,3044,1028,0,3364,TOP,True,KR_6553980825
1,Ivern,1102,2055,2065,4642,3158,1052,3364,JUNGLE,True,KR_6553980825
2,Kaisa,2031,3087,1001,1082,3115,1042,3363,MIDDLE,True,KR_6553980825
3,Xayah,6672,1038,2031,3006,3086,1036,3363,BOTTOM,True,KR_6553980825
4,Blitzcrank,2055,3855,2031,3117,3067,3802,3364,UTILITY,True,KR_6553980825
5,Jax,2031,1054,3133,3057,3067,3158,3340,TOP,False,KR_6553980825
6,Maokai,0,3158,3145,4637,1082,1101,3364,JUNGLE,False,KR_6553980825
7,Leblanc,2033,1026,1082,1056,3158,3802,3364,MIDDLE,False,KR_6553980825
8,Draven,6676,1053,2031,1055,3078,1001,3363,BOTTOM,False,KR_6553980825
9,Milio,3851,2065,2031,2055,3158,0,3364,UTILITY,False,KR_6553980825
0,Jax,3111,3133,2031,3067,1054,3057,3340,TOP,False,KR_6553949839
1,Kaisa,3115,3006,6677,2055,1101,0,3340,JUNGLE,False,KR_6553949839
2,Viktor,6655,1056,3145,0,1082,3020,3363,MIDDLE,False,KR_6553949839
3,Aphelios,1055,2031,1083,3006,6670,1043,3340,BOTTOM,False,KR_6553949839
4,Rell,2403,3859,2055,3023,3158,1033,3364,UTILITY,False,KR_6553949839
5,Gragas,3158,2055,6656,3191,0,0,3364,TOP,True,KR_6553949839
6,Nautilus,3023,3859,1027,3001,1029,3158,3364,UTILITY,True,KR_6553949839
7,Leblanc,3087,4636,0,1082,3057,3158,3364,MIDDLE,True,KR_6553949839
8,Xayah,6671,3004,0,1055,3006,6672,3363,BOTTOM,True,KR_6553949839
9,Viego,1102,2055,3047,6672,0,6632,3364,JUNGLE,True,KR_6553949839
0,Varus,4633,3111,2055,3115,1026,0,3340,TOP,False,KR_6552554093
1,Kindred,3078,3051,1033,3111,6672,0,3364,JUNGLE,False,KR_6552554093
2,Ezreal,3087,6655,3057,3020,1052,3113,3363,MIDDLE,False,KR_6552554093
3,Sivir,3133,2031,3087,1038,3006,0,3363,BOTTOM,False,KR_6552554093
4,Maokai,1028,0,0,3857,3047,3742,3364,UTILITY,False,KR_6552554093
5,Zac,6660,1031,8020,3001,1054,3047,3364,TOP,True,KR_6552554093
6,MonkeyKing,0,6632,2055,3071,0,3047,3364,JUNGLE,True,KR_6552554093
7,Kaisa,3191,3124,2421,3006,3115,3087,3340,MIDDLE,True,KR_6552554093
8,Ashe,2031,1043,3078,3087,6670,3006,3363,BOTTOM,True,KR_6552554093
9,Rakan,3860,2065,2055,3023,3111,1028,3364,UTILITY,True,KR_6552554093
0,Zac,1054,3023,1033,0,6660,3047,3340,TOP,False,KR_6552530450
1,Karthus,1101,1001,1082,1029,3802,3108,3364,JUNGLE,False,KR_6552530450
2,Ezreal,3051,3057,3067,3070,1055,3158,3363,MIDDLE,False,KR_6552530450
3,Kaisa,1037,2031,3006,6670,3134,1055,3340,BOTTOM,False,KR_6552530450
4,Nautilus,2031,3859,2055,1028,3111,1029,3364,UTILITY,False,KR_6552530450
5,Poppy,2033,6660,2055,1055,6632,1001,3340,TOP,True,KR_6552530450
6,Kindred,3111,6672,3078,0,1018,0,3513,JUNGLE,True,KR_6552530450
7,Yasuo,6671,0,1055,3006,1042,1038,3364,MIDDLE,True,KR_6552530450
8,Ziggs,3145,3108,0,3020,6653,1056,3363,BOTTOM,True,KR_6552530450
9,Rakan,2065,3859,2055,2031,3111,0,3364,UTILITY,True,KR_6552530450
0,KSante,3193,3082,6662,3047,1054,4401,3364,TOP,False,KR_6552503083
1,LeeSin,3111,6630,2420,3071,1038,3053,3340,JUNGLE,False,KR_6552503083
2,Ezreal,3057,2031,6655,3087,3020,3108,3363,MIDDLE,False,KR_6552503083
3,Xayah,1033,3094,3006,6672,6675,3072,3363,BOTTOM,False,KR_6552503083
4,Rakan,3860,2065,2055,3109,3111,1011,3364,UTILITY,False,KR_6552503083
5,Varus,3157,3115,4633,2055,3047,0,3363,TOP,True,KR_6552503083
6,Kindred,3071,2055,3047,6672,3078,0,3364,JUNGLE,True,KR_6552503083
7,Leblanc,4636,3087,3135,1082,3158,3100,3364,MIDDLE,True,KR_6552503083
8,Zeri,0,1038,3085,3006,6675,3087,3363,BOTTOM,True,KR_6552503083
9,Nautilus,3860,3109,2055,3158,3001,1011,3364,UTILITY,True,KR_6552503083
0,Gnar,3078,3053,4401,3047,3066,3044,3363,TOP,True,KR_6552434862
1,MonkeyKing,6632,3071,3047,3053,0,0,3364,JUNGLE,True,KR_6552434862
2,Ezreal,3089,3087,3135,3100,6655,3020,3363,MIDDLE,True,KR_6552434862
3,Xayah,3026,3036,6672,3006,3086,6675,3363,BOTTOM,True,KR_6552434862
4,Braum,3857,3190,3109,2055,3111,1011,3364,UTILITY,True,KR_6552434862
5,Renekton,3143,6630,3071,3053,3026,3047,3364,TOP,False,KR_6552434862
6,Sejuani,3143,6665,8001,3068,0,3047,3364,JUNGLE,False,KR_6552434862
7,Ahri,3089,6656,4628,3108,2421,3158,3364,MIDDLE,False,KR_6552434862
8,Kaisa,3089,3087,3124,3115,3006,3026,3363,BOTTOM,False,KR_6552434862
9,Nautilus,2421,3860,0,3109,3001,3047,3364,UTILITY,False,KR_6552434862
0,Jax,3111,3181,6632,2055,1054,1029,3340,TOP,True,KR_6552395481
1,Nidalee,1052,3157,3041,4645,4636,3020,3364,JUNGLE,True,KR_6552395481
2,Leblanc,4636,3087,0,3111,3100,1082,3364,MIDDLE,True,KR_6552395481
3,Leona,3860,3190,3082,2055,3047,0,3364,UTILITY,True,KR_6552395481
4,Jinx,6671,0,3006,1038,3095,1018,3363,BOTTOM,True,KR_6552395481
5,Kennen,3152,3020,4630,1055,3102,1082,3363,TOP,False,KR_6552395481
6,Kindred,3078,3051,6672,3111,0,0,3364,JUNGLE,False,KR_6552395481
7,Annie,0,0,1082,4645,3111,6655,3364,MIDDLE,False,KR_6552395481
8,Xayah,1036,6675,3072,3006,6672,3086,3363,BOTTOM,False,KR_6552395481
9,Rakan,1004,3860,2055,2065,3012,3111,3364,UTILITY,False,KR_6552395481
0,Kennen,1026,1052,0,3020,3087,3145,3340,TOP,True,KR_6552332429
1,Nunu,1028,1102,0,2055,3047,6667,3513,JUNGLE,True,KR_6552332429
2,Kaisa,2031,3087,3108,1026,3020,1043,3340,MIDDLE,True,KR_6552332429
3,Ezreal,1036,3133,1055,3078,3070,3158,3363,BOTTOM,True,KR_6552332429
4,Rakan,3859,2055,3158,3114,3012,6667,3364,UTILITY,True,KR_6552332429
5,KSante,3067,1054,1031,1057,3057,3111,3340,TOP,False,KR_6552332429
6,Talon,1102,3142,0,2422,3134,0,3364,JUNGLE,False,KR_6552332429
7,Lucian,3095,1038,0,3158,3086,0,3364,MIDDLE,False,KR_6552332429
8,Varus,1043,0,0,1042,3087,3006,3340,BOTTOM,False,KR_6552332429
9,Renata,0,3851,0,3067,4642,3158,3364,UTILITY,False,KR_6552332429
0,Jayce,6694,3133,3142,3158,3042,1055,3364,TOP,True,KR_6551074906
1,Vi,6667,2420,0,1057,3047,3071,3364,JUNGLE,True,KR_6551074906
2,Annie,3152,3116,3089,3041,3135,3158,3364,MIDDLE,True,KR_6551074906
3,Draven,6676,3078,0,3072,3026,3006,3363,BOTTOM,True,KR_6551074906
4,Heimerdinger,3853,2055,3152,3020,3116,0,3364,UTILITY,True,KR_6551074906
5,Leblanc,3087,3100,1052,4636,3020,0,3364,TOP,False,KR_6551074906
6,LeeSin,6630,3071,2055,3111,3133,1037,3340,JUNGLE,False,KR_6551074906
7,Tristana,3111,3051,3072,3087,6675,1043,3363,MIDDLE,False,KR_6551074906
8,Kaisa,3124,2421,3087,3115,3089,3006,3363,BOTTOM,False,KR_6551074906
9,Rell,3109,2055,3860,3001,1029,3111,3364,UTILITY,False,KR_6551074906
0,Renekton,3044,6630,1037,1028,3047,1054,3364,TOP,True,KR_6551063006
1,Kindred,6672,0,3006,3078,3067,1036,3364,JUNGLE,True,KR_6551063006
2,Annie,3152,3157,0,0,1082,3158,3364,MIDDLE,True,KR_6551063006
3,Xayah,6672,3072,6675,0,0,3006,3363,BOTTOM,True,KR_6551063006
4,Rakan,3504,2065,3860,4638,3158,0,3364,UTILITY,True,KR_6551063006
5,Jax,3071,2031,6632,0,0,2422,3340,TOP,False,KR_6551063006
6,Talon,6693,3142,3134,2422,0,0,3364,JUNGLE,False,KR_6551063006
7,Neeko,3152,2033,2421,3108,3111,1052,3364,MIDDLE,False,KR_6551063006
8,Aphelios,6672,1036,3086,1083,1038,3006,3363,BOTTOM,False,KR_6551063006
9,Milio,3860,2065,2055,3158,0,0,3364,UTILITY,False,KR_6551063006
0,Chogath,3152,1029,0,3047,0,1054,3363,TOP,False,KR_6551025675
1,Kindred,6672,3051,3057,3067,0,3047,3364,JUNGLE,False,KR_6551025675
2,Azir,2031,0,1082,3116,3020,4644,3363,MIDDLE,False,KR_6551025675
3,Xayah,6672,6671,3072,0,0,3006,3363,BOTTOM,False,KR_6551025675
4,Rakan,3860,2065,2055,3012,1004,3158,3364,UTILITY,False,KR_6551025675
5,Rumble,1058,4636,4637,1082,3020,3145,3364,TOP,True,KR_6551025675
6,Talon,6693,3142,2422,3814,3134,1036,3364,JUNGLE,True,KR_6551025675
7,Jayce,3142,3042,0,0,1055,3158,3340,MIDDLE,True,KR_6551025675
8,Aphelios,6671,6672,1036,1018,1083,3006,3363,BOTTOM,True,KR_6551025675
9,Thresh,0,2065,3857,3158,3023,1028,3364,UTILITY,True,KR_6551025675
0,Kennen,0,3152,3135,3020,3089,0,3364,TOP,False,KR_6550987582
1,Kindred,1028,6672,3047,3078,3033,1036,3364,JUNGLE,False,KR_6550987582
2,Talon,6692,2055,3814,1036,3158,6693,3364,MIDDLE,False,KR_6550987582
3,Lucian,3047,6675,3035,6672,1018,0,3363,BOTTOM,False,KR_6550987582
4,Rell,3860,3001,2055,3023,3111,1029,3364,UTILITY,False,KR_6550987582
5,Maokai,6667,1011,3068,3082,0,3047,3364,TOP,True,KR_6550987582
6,Khazix,6691,3179,0,2422,3814,0,3364,JUNGLE,True,KR_6550987582
7,Jayce,3142,3042,6694,3026,0,3158,3363,MIDDLE,True,KR_6550987582
8,Aphelios,6672,2421,6671,6676,3006,1038,3363,BOTTOM,True,KR_6550987582
9,Thresh,2065,3109,3857,0,3158,0,3364,UTILITY,True,KR_6550987582
0,Gragas,4645,6656,4629,3020,0,0,3364,TOP,False,KR_6550942554
1,Kindred,2055,6672,1043,2422,1033,3078,3364,JUNGLE,False,KR_6550942554
2,Ahri,3108,6656,3158,1082,3087,3113,3364,MIDDLE,False,KR_6550942554
3,Varus,3006,3124,2031,6670,1043,0,3363,BOTTOM,False,KR_6550942554
4,Milio,2031,2055,2065,3009,3114,3853,3364,UTILITY,False,KR_6550942554
5,Jax,3111,3191,2421,6632,1052,0,3340,TOP,True,KR_6550942554
6,Khazix,6691,3814,3179,3158,6693,3035,3364,JUNGLE,True,KR_6550942554
7,Neeko,3152,2033,3157,3158,1082,1058,3364,MIDDLE,True,KR_6550942554
8,Ziggs,6653,3020,4628,1056,0,0,3363,BOTTOM,True,KR_6550942554
9,Senna,3864,3124,3087,0,0,3009,3364,UTILITY,True,KR_6550942554
0,Irelia,3047,6631,3153,3051,1033,1043,3364,TOP,False,KR_6550894354
1,MonkeyKing,6632,3071,1033,1036,0,2422,3364,JUNGLE,False,KR_6550894354
2,Ahri,6656,3041,3157,3158,1058,3102,3364,MIDDLE,False,KR_6550894354
3,Kaisa,1052,3124,1043,1036,6672,3006,3363,BOTTOM,False,KR_6550894354
4,Rell,3860,3001,3067,2055,3158,0,3364,UTILITY,False,KR_6550894354
5,Yasuo,3153,6673,6671,3133,1031,3006,3363,TOP,True,KR_6550894354
6,Vi,3047,0,1033,6632,6333,3071,3364,JUNGLE,True,KR_6550894354
7,Heimerdinger,6653,3916,3157,3116,3135,3020,3363,MIDDLE,True,KR_6550894354
8,Ziggs,6653,3020,3157,0,4645,1082,3363,BOTTOM,True,KR_6550894354
9,Rakan,3860,2065,2421,2055,3050,3158,3364,UTILITY,True,KR_6550894354
0,Renekton,3053,1028,6630,1036,0,3047,3340,TOP,False,KR_6550839086
1,Nidalee,3191,2421,1082,4645,4636,3158,3364,JUNGLE,False,KR_6550839086
2,Sion,3068,3047,2055,3082,1054,6665,3364,MIDDLE,False,KR_6550839086
3,Varus,1042,2055,0,3124,6672,3047,3363,BOTTOM,False,KR_6550839086
4,Galio,3860,0,1028,3742,1029,3158,3364,UTILITY,False,KR_6550839086
5,Rumble,3089,2031,3020,1056,4645,4636,3364,TOP,True,KR_6550839086
6,Vi,3071,6632,3111,3026,1036,2055,3364,JUNGLE,True,KR_6550839086
7,Zed,0,1036,3158,3074,3071,6694,3363,MIDDLE,True,KR_6550839086
8,Kaisa,3087,3115,3124,3006,1036,2055,3363,BOTTOM,True,KR_6550839086
9,Rakan,3222,3860,2055,2420,3158,2065,3364,UTILITY,True,KR_6550839086
0,KSante,1054,6662,3075,3105,3047,1033,3340,TOP,True,KR_6549497053
1,Kindred,6671,3140,3111,3072,6672,1018,3364,JUNGLE,True,KR_6549497053
2,Yasuo,3095,1036,6671,3006,1036,0,3364,MIDDLE,True,KR_6549497053
3,Leblanc,2031,3087,0,4636,3020,0,3364,BOTTOM,True,KR_6549497053
4,Rell,3860,3190,2055,3158,3023,1028,3364,UTILITY,True,KR_6549497053
5,DrMundo,3084,3047,3076,0,0,0,3340,TOP,False,KR_6549497053
6,Vi,1103,6632,3047,3133,3067,1036,3364,JUNGLE,False,KR_6549497053
7,Ahri,6656,2033,3158,1082,3145,3108,3364,MIDDLE,False,KR_6549497053
8,MissFortune,1055,6672,3006,3051,0,0,3363,BOTTOM,False,KR_6549497053
9,Rakan,3860,2065,2055,3111,0,0,3364,UTILITY,False,KR_6549497053
0,Gragas,6656,3158,2055,3040,3916,1052,3364,TOP,True,KR_6549443393
1,LeeSin,6630,3053,0,3111,3071,1031,3340,JUNGLE,True,KR_6549443393
2,Leblanc,3100,3087,0,3111,3041,4636,3364,MIDDLE,True,KR_6549443393
3,Varus,1055,6692,3004,3035,1036,1001,3363,BOTTOM,True,KR_6549443393
4,Rakan,3860,2065,2055,3050,3111,3023,3364,UTILITY,True,KR_6549443393
5,Sejuani,6665,3158,3068,3110,2055,0,3364,TOP,False,KR_6549443393
6,JarvanIV,6630,0,1028,1057,3071,3111,3364,JUNGLE,False,KR_6549443393
7,Ryze,2420,6656,2033,3108,3111,3040,3363,MIDDLE,False,KR_6549443393
8,Xayah,0,6675,6672,3006,0,0,3363,BOTTOM,False,KR_6549443393
9,Blitzcrank,6656,3860,2055,3009,1028,0,3364,UTILITY,False,KR_6549443393
0,Fiora,6630,1036,3047,3123,3074,3181,3340,TOP,False,KR_6549373129
1,Poppy,2055,3193,1028,6632,1028,3047,3364,JUNGLE,False,KR_6549373129
2,Lissandra,3157,0,1058,3145,6653,3158,3363,MIDDLE,False,KR_6549373129
3,Samira,1055,3035,6676,6691,1001,0,3364,BOTTOM,False,KR_6549373129
4,Nautilus,3860,2055,3047,3001,3023,1029,3364,UTILITY,False,KR_6549373129
5,DrMundo,3068,3084,3075,3047,1028,1033,3340,TOP,True,KR_6549373129
6,Vi,2421,3071,2055,6632,1029,3047,3364,JUNGLE,True,KR_6549373129
7,Taliyah,6655,0,3020,1058,1058,3040,3363,MIDDLE,True,KR_6549373129
8,Aphelios,6671,6672,0,3006,1055,3072,3363,BOTTOM,True,KR_6549373129
9,Renata,2065,3107,3853,0,3158,2055,3364,UTILITY,True,KR_6549373129
0,KSante,3068,3105,6662,3111,1033,1029,3364,TOP,True,KR_6545688574
1,Gragas,4645,4636,0,1082,0,3158,3364,JUNGLE,True,KR_6545688574
2,Jayce,3142,3042,6694,1036,1036,3158,3363,MIDDLE,True,KR_6545688574
3,Varus,6691,2031,3042,3158,3134,1037,3363,BOTTOM,True,KR_6545688574
4,Alistar,3860,0,3109,3158,3001,0,3364,UTILITY,True,KR_6545688574
5,Skarner,3023,3801,0,6667,3158,0,3340,TOP,False,KR_6545688574
6,LeeSin,6630,3071,2055,3133,0,3047,3340,JUNGLE,False,KR_6545688574
7,Azir,2420,3116,2055,4644,1082,3020,3363,MIDDLE,False,KR_6545688574
8,Xayah,6672,1053,6671,1018,0,3006,3363,BOTTOM,False,KR_6545688574
9,Rakan,3860,3023,2065,3024,0,3158,3364,UTILITY,False,KR_6545688574
0,KSante,1054,1028,0,3047,1029,6662,3364,TOP,True,KR_6545675240
1,JarvanIV,6630,0,3133,1028,1103,3047,3364,JUNGLE,True,KR_6545675240
2,Galio,2031,6656,1082,1052,3047,1056,3364,MIDDLE,True,KR_6545675240
3,Jinx,6672,2031,1018,3006,0,1083,3340,BOTTOM,True,KR_6545675240
4,Karma,2065,3851,2031,0,0,3158,3364,UTILITY,True,KR_6545675240
5,Jayce,2031,6692,2055,3070,1055,0,3340,TOP,False,KR_6545675240
6,Viego,6672,3067,0,3133,3057,2422,3364,JUNGLE,False,KR_6545675240
7,Katarina,1026,3108,1043,1054,1082,3020,3364,MIDDLE,False,KR_6545675240
8,Ezreal,3078,3158,0,1036,1055,3070,3340,BOTTOM,False,KR_6545675240
9,Senna,2055,0,3864,0,3009,3179,3364,UTILITY,False,KR_6545675240
0,Gwen,1058,3047,0,3135,4633,4645,3364,TOP,False,KR_6545637672
1,Vi,3071,6632,3047,0,8020,0,3364,JUNGLE,False,KR_6545637672
2,Jayce,3142,3158,3133,3042,3035,3161,3363,MIDDLE,False,KR_6545637672
3,Ziggs,3020,6653,3135,0,4645,3916,3363,BOTTOM,False,KR_6545637672
4,Rakan,3050,2065,3860,2055,3023,3111,3364,UTILITY,False,KR_6545637672
5,KSante,3193,4401,3111,3068,6662,3082,3364,TOP,True,KR_6545637672
6,LeeSin,6630,2421,3111,1038,3156,3071,3340,JUNGLE,True,KR_6545637672
7,Galio,3860,3190,0,8001,3047,3023,3364,UTILITY,True,KR_6545637672
8,Twitch,3085,3157,0,3153,3124,3006,3363,BOTTOM,True,KR_6545637672
9,Azir,1056,3089,3157,3020,3115,4644,3363,MIDDLE,True,KR_6545637672
0,Skarner,0,0,0,6667,3158,3110,3340,TOP,False,KR_6545599710
1,Maokai,6667,6660,1103,1028,3047,1029,3364,JUNGLE,False,KR_6545599710
2,Jayce,3142,2031,3042,1036,1054,3158,3363,MIDDLE,False,KR_6545599710
3,Aphelios,3095,1037,6671,0,0,3006,3363,BOTTOM,False,KR_6545599710
4,Milio,2065,3158,1028,3860,2055,2003,3364,UTILITY,False,KR_6545599710
5,Tryndamere,3035,6631,2055,3181,3006,3133,3340,TOP,True,KR_6545599710
6,LeeSin,6630,2055,3111,3156,3071,1036,3340,JUNGLE,True,KR_6545599710
7,Annie,3152,2421,2055,3116,1082,3020,3364,MIDDLE,True,KR_6545599710
8,MissFortune,6676,3142,2421,3814,3035,3158,3363,BOTTOM,True,KR_6545599710
9,Blitzcrank,3860,2065,3012,2055,1029,3009,3364,UTILITY,True,KR_6545599710
0,Renekton,1037,6630,3156,1055,3111,3133,3364,TOP,True,KR_6545558823
1,Kindred,1033,3078,3051,0,3111,6672,3364,JUNGLE,True,KR_6545558823
2,Annie,3152,3116,1052,1056,3158,0,3364,MIDDLE,True,KR_6545558823
3,Aphelios,6671,2420,1038,3087,3006,1055,3363,BOTTOM,True,KR_6545558823
4,Rell,2055,3067,3860,1057,3001,3047,3364,UTILITY,True,KR_6545558823
5,Rumble,1056,2031,2421,4636,4630,3009,3364,TOP,False,KR_6545558823
6,Vi,2055,3071,6632,0,3047,0,3364,JUNGLE,False,KR_6545558823
7,Neeko,3152,2033,4645,1052,3041,3020,3364,MIDDLE,False,KR_6545558823
8,Xayah,6672,3006,1038,3133,1029,0,3363,BOTTOM,False,KR_6545558823
9,Rakan,2065,3860,2424,0,0,3111,3364,UTILITY,False,KR_6545558823
0,Rumble,1026,4636,3145,3009,4630,4637,3364,TOP,False,KR_6545486746
1,Elise,4630,3152,3102,1082,4645,3020,3364,JUNGLE,False,KR_6545486746
2,Jayce,3042,6692,2055,3161,3133,3158,3363,MIDDLE,False,KR_6545486746
3,Aphelios,3072,6671,6672,3035,1018,3006,3363,BOTTOM,False,KR_6545486746
4,Milio,2065,3860,0,3158,6616,3114,3364,UTILITY,False,KR_6545486746
5,Gragas,6657,2421,3121,3158,8020,3108,3364,TOP,True,KR_6545486746
6,Yasuo,3155,3006,3190,3153,6672,1031,3364,MIDDLE,True,KR_6545486746
7,Maokai,6667,3158,4637,1082,3075,2055,3364,JUNGLE,True,KR_6545486746
8,Jinx,3094,3072,6671,6672,3006,3156,3363,BOTTOM,True,KR_6545486746
9,Rell,3860,2055,3107,3109,3001,1001,3364,UTILITY,True,KR_6545486746
0,Gragas,3157,2055,6656,3145,1058,3158,3364,TOP,False,KR_6545055473
1,Vi,2055,1031,2421,6667,3071,3111,3364,JUNGLE,False,KR_6545055473
2,Azir,2055,3089,3157,3020,1056,6655,3363,MIDDLE,False,KR_6545055473
3,Aphelios,1055,6671,3035,3006,6672,3072,3363,BOTTOM,False,KR_6545055473
4,Heimerdinger,2055,3853,3116,3802,3020,1011,3364,UTILITY,False,KR_6545055473
5,Maokai,2424,6667,3158,4637,8020,0,3364,JUNGLE,True,KR_6545055473
6,Gnar,3078,3181,2055,1033,3111,3071,3363,TOP,True,KR_6545055473
7,Jayce,3142,3042,3133,3158,6694,3134,3363,MIDDLE,True,KR_6545055473
8,Lucian,2421,6675,6676,3094,6672,3158,3363,BOTTOM,True,KR_6545055473
9,Milio,3860,2065,6616,2055,3158,3504,3364,UTILITY,True,KR_6545055473
0,Yasuo,1055,3046,1053,3006,1038,0,3364,TOP,True,KR_6543960694
1,Nidalee,1101,1082,3020,4636,1052,2055,3513,JUNGLE,True,KR_6543960694
2,Sion,2033,3111,0,1031,6660,6665,3364,MIDDLE,True,KR_6543960694
3,Ashe,3051,3006,6672,3057,1028,1055,3340,BOTTOM,True,KR_6543960694
4,Milio,2065,3860,3158,2055,1004,0,3364,UTILITY,True,KR_6543960694
5,Gragas,0,3070,2031,1056,6657,3158,3363,TOP,False,KR_6543960694
6,Viego,1102,6632,1053,1037,1043,2422,3364,JUNGLE,False,KR_6543960694
7,Annie,2055,6653,1052,1056,3020,3916,3364,MIDDLE,False,KR_6543960694
8,Aphelios,6672,1038,3006,0,0,0,3363,BOTTOM,False,KR_6543960694
9,Nautilus,3859,3001,2055,0,3009,0,3364,UTILITY,False,KR_6543960694
0,Rumble,3009,4636,3916,1056,3145,0,3364,TOP,True,KR_6543924805
1,RekSai,3023,1028,6631,3742,0,3047,3364,JUNGLE,True,KR_6543924805
2,Gragas,3157,6656,0,3158,1056,0,3364,MIDDLE,True,KR_6543924805
3,Aphelios,3072,6671,1018,3006,1036,3095,3363,BOTTOM,True,KR_6543924805
4,Milio,3853,0,3067,3504,3158,1004,3364,UTILITY,True,KR_6543924805
5,Camille,0,3044,6632,1028,3111,1054,3364,TOP,False,KR_6543924805
6,Elise,2055,1102,1058,3020,3145,4636,3364,JUNGLE,False,KR_6543924805
7,Yasuo,1055,6671,3095,3006,1036,0,3364,MIDDLE,False,KR_6543924805
8,Kaisa,1038,6672,1018,1001,0,3133,3363,BOTTOM,False,KR_6543924805
9,Yuumi,3853,6620,3114,2055,3113,0,3364,UTILITY,False,KR_6543924805
0,Jayce,6694,3142,0,1038,3042,3158,3363,TOP,False,KR_6543857854
1,Neeko,3152,4645,3157,1052,0,3020,3364,JUNGLE,False,KR_6543857854
2,KSante,0,6662,3193,3068,0,3047,3364,MIDDLE,False,KR_6543857854
3,Kaisa,3035,0,3087,6675,3115,3006,3363,BOTTOM,False,KR_6543857854
4,Nautilus,3001,3050,2055,3860,3111,0,3364,UTILITY,False,KR_6543857854
5,Malphite,6665,2421,0,8020,3068,3111,3340,TOP,True,KR_6543857854
6,Kindred,0,3078,6673,3111,6672,0,3364,JUNGLE,True,KR_6543857854
7,Zed,6694,6691,0,6693,3158,3071,3364,MIDDLE,True,KR_6543857854
8,Ziggs,6653,1056,3020,1058,1058,4645,3363,BOTTOM,True,KR_6543857854
9,Leona,1028,3860,0,1057,3047,3001,3364,UTILITY,True,KR_6543857854
0,KSante,6662,3068,0,3047,3075,0,3364,TOP,True,KR_6542610005
1,JarvanIV,6630,0,0,1038,3071,3047,3364,JUNGLE,True,KR_6542610005
2,Ahri,6656,3102,2420,3041,1058,3158,3364,MIDDLE,True,KR_6542610005
3,Kaisa,3026,3124,3036,1036,6672,3006,3363,BOTTOM,True,KR_6542610005
4,Alistar,3009,3001,3075,3860,0,2055,3364,UTILITY,True,KR_6542610005
5,Vi,2420,6632,3071,2055,1029,3158,3364,TOP,False,KR_6542610005
6,Graves,6692,6676,1053,0,3071,3047,3364,JUNGLE,False,KR_6542610005
7,Galio,2033,6656,3157,0,3111,3916,3363,MIDDLE,False,KR_6542610005
8,Sivir,3086,3087,0,6675,3006,3036,3363,BOTTOM,False,KR_6542610005
9,Braum,3190,3855,3076,0,0,3047,3364,UTILITY,False,KR_6542610005
0,Renekton,1054,6631,3053,2055,1037,3111,3364,TOP,False,KR_6542574952
1,Vi,1029,0,2055,6632,3071,3158,3364,JUNGLE,False,KR_6542574952
2,Ahri,6656,1082,0,3158,1056,3102,3364,MIDDLE,False,KR_6542574952
3,Jinx,6671,1042,0,6672,1018,3006,3363,BOTTOM,False,KR_6542574952
4,Milio,3853,2065,2055,1052,1004,3158,3364,UTILITY,False,KR_6542574952
5,Kennen,3157,3152,2139,0,3020,0,3364,TOP,True,KR_6542574952
6,Kindred,3031,3094,6672,3047,2055,0,3364,JUNGLE,True,KR_6542574952
7,Taliyah,4644,3157,3145,3040,3158,0,3363,MIDDLE,True,KR_6542574952
8,Aphelios,6671,2055,3140,3006,3072,6672,3363,BOTTOM,True,KR_6542574952
9,Lulu,2065,3853,2055,3504,3011,3158,3364,UTILITY,True,KR_6542574952
0,Renekton,1054,0,6631,3044,3153,3158,3364,TOP,True,KR_6542559106
1,Poppy,0,0,6665,1029,3047,0,3364,JUNGLE,True,KR_6542559106
2,Gragas,6656,3158,3191,3108,1056,3040,3364,MIDDLE,True,KR_6542559106
3,Tristana,6672,6675,3006,3134,1083,1037,3364,BOTTOM,True,KR_6542559106
4,Rakan,2065,3860,2055,1011,3158,3067,3364,UTILITY,True,KR_6542559106
5,Belveth,1054,2031,3074,3009,1028,0,3364,TOP,False,KR_6542559106
6,Nidalee,3152,0,3020,1102,1052,0,3364,JUNGLE,False,KR_6542559106
7,Irelia,1054,3051,3153,3111,0,0,3340,MIDDLE,False,KR_6542559106
8,Ezreal,3133,3070,1036,3078,1055,3158,3340,BOTTOM,False,KR_6542559106
9,FiddleSticks,3853,3157,2055,3067,3158,0,3330,UTILITY,False,KR_6542559106
0,KSante,6662,0,3143,3111,1054,3193,3364,TOP,True,KR_6542504552
1,Khazix,3179,6691,0,3814,3111,3035,3364,JUNGLE,True,KR_6542504552
2,Ahri,6656,2055,3157,3041,3111,3108,3364,MIDDLE,True,KR_6542504552
3,Kalista,0,0,1055,3085,3124,3006,3363,BOTTOM,True,KR_6542504552
4,Rakan,3860,2065,3114,3111,1028,0,3364,UTILITY,True,KR_6542504552
5,Gragas,1058,3067,6656,3158,0,3070,3364,TOP,False,KR_6542504552
6,Vi,3071,3047,2055,6667,0,0,3364,JUNGLE,False,KR_6542504552
7,Lissandra,3157,3916,6656,3020,1052,1056,3364,MIDDLE,False,KR_6542504552
8,Aphelios,6671,3036,1018,3006,6672,2055,3363,BOTTOM,False,KR_6542504552
9,Renata,3860,2065,2055,3158,3012,1004,3364,UTILITY,False,KR_6542504552
0,Cassiopeia,2055,6656,1026,1052,3040,0,3363,TOP,True,KR_6542464697
1,LeeSin,6630,3044,0,1028,1102,3047,3340,JUNGLE,True,KR_6542464697
2,Azir,2031,1058,0,3020,1056,6655,3363,MIDDLE,True,KR_6542464697
3,Tristana,1083,6672,0,1038,1036,3006,3363,BOTTOM,True,KR_6542464697
4,Milio,3853,2065,2031,0,1052,3158,3364,UTILITY,True,KR_6542464697
5,Jayce,3158,1036,2031,3142,3133,3070,3340,TOP,False,KR_6542464697
6,Belveth,6672,1033,2422,0,3071,1029,3364,JUNGLE,False,KR_6542464697
7,Katarina,1082,3115,3020,0,0,0,3364,MIDDLE,False,KR_6542464697
8,Aphelios,1036,2031,0,6672,1055,3006,3340,BOTTOM,False,KR_6542464697
9,Yuumi,3851,6620,0,1004,0,0,3364,UTILITY,False,KR_6542464697
0,Sejuani,3105,3158,3068,0,3121,0,3340,TOP,False,KR_6542408294
1,MonkeyKing,3133,3111,2055,6632,1036,3067,3364,JUNGLE,False,KR_6542408294
2,Azir,4645,6655,3145,1026,1056,3020,3340,MIDDLE,False,KR_6542408294
3,Ezreal,1055,3078,3158,3042,1036,1036,3363,BOTTOM,False,KR_6542408294
4,Rell,3001,3860,2055,1028,3801,3158,3364,UTILITY,False,KR_6542408294
5,Jax,3111,6632,3071,0,3044,3066,3340,TOP,True,KR_6542408294
6,Volibear,3742,3111,2055,6662,1033,0,3364,JUNGLE,True,KR_6542408294
7,AurelionSol,3116,1028,0,6653,1026,3020,3363,MIDDLE,True,KR_6542408294
8,Zeri,6672,1038,6675,3085,1053,3006,3363,BOTTOM,True,KR_6542408294
9,Yuumi,3853,2055,3504,1052,6620,0,3364,UTILITY,True,KR_6542408294
0,Jayce,6692,2422,3133,3070,1055,0,3364,TOP,False,KR_6541252522
1,Graves,0,3134,3142,2422,1102,1036,3364,JUNGLE,False,KR_6541252522
2,Azir,2031,6655,1058,3020,1056,1082,3363,MIDDLE,False,KR_6541252522
3,Draven,2422,3051,3072,3057,1055,1083,3340,BOTTOM,False,KR_6541252522
4,Rell,3859,3001,2055,3158,0,0,3364,UTILITY,False,KR_6541252522
5,Gnar,1054,3047,3078,3076,1011,0,3363,TOP,True,KR_6541252522
6,Nidalee,0,0,4636,3020,3145,1058,3513,JUNGLE,True,KR_6541252522
7,Talon,6691,3074,3158,3134,0,0,3364,MIDDLE,True,KR_6541252522
8,Aphelios,1038,3086,1036,3006,3095,1083,3363,BOTTOM,True,KR_6541252522
9,Milio,2055,2065,3860,3114,0,3158,3364,UTILITY,True,KR_6541252522
0,Gnar,1054,3111,3075,3078,3051,1043,3363,TOP,False,KR_6541223290
1,Sejuani,3068,1057,0,0,3111,3001,3364,JUNGLE,False,KR_6541223290
2,Talon,3074,3155,3158,3071,3134,1036,3364,MIDDLE,False,KR_6541223290
3,Draven,3078,3006,3036,1055,3086,3072,3363,BOTTOM,False,KR_6541223290
4,Milio,3113,2065,3860,1004,2055,3158,3364,UTILITY,False,KR_6541223290
5,Jax,3071,3157,6632,3047,0,0,3340,TOP,True,KR_6541223290
6,Zac,6667,3068,0,8020,1082,3158,3364,JUNGLE,True,KR_6541223290
7,Ryze,6656,3040,3742,3158,3110,0,3363,MIDDLE,True,KR_6541223290
8,Ezreal,3133,3035,0,3042,3078,3158,3363,BOTTOM,True,KR_6541223290
9,Pyke,3857,0,3179,3134,3133,3117,3364,UTILITY,True,KR_6541223290
0,KSante,1057,0,2055,3111,6665,3068,3364,TOP,True,KR_6541186953
1,Vi,6667,3071,2055,0,0,3111,3364,JUNGLE,True,KR_6541186953
2,Neeko,3152,3089,2424,4645,3102,3020,3363,MIDDLE,True,KR_6541186953
3,Tristana,6675,6672,3006,0,1038,1036,3363,BOTTOM,True,KR_6541186953
4,Milio,2031,2055,2065,3158,3504,3853,3364,UTILITY,True,KR_6541186953
5,Gwen,4633,2421,2055,3158,3115,1052,3340,TOP,False,KR_6541186953
6,Sejuani,3047,2055,3068,3001,1028,0,3364,JUNGLE,False,KR_6541186953
7,Talon,0,0,0,3133,3074,3111,3364,MIDDLE,False,KR_6541186953
8,Zeri,3085,1028,0,0,3006,3078,3363,BOTTOM,False,KR_6541186953
9,Yuumi,3853,6620,3114,3113,2055,0,3364,UTILITY,False,KR_6541186953
0,KSante,2055,3047,3068,1029,1054,6662,3364,TOP,False,KR_6541148692
1,Khazix,6691,2055,2422,0,0,3179,3364,JUNGLE,False,KR_6541148692
2,Syndra,6655,1058,1052,1082,1056,3020,3364,MIDDLE,False,KR_6541148692
3,Kaisa,6675,3085,3095,1018,1053,3006,3363,BOTTOM,False,KR_6541148692
4,Pyke,2055,3133,3134,3111,3179,3857,3364,UTILITY,False,KR_6541148692
5,Garen,2055,1036,6631,1028,3742,3006,3363,TOP,True,KR_6541148692
6,Elise,3041,3157,0,1058,4636,3020,3364,JUNGLE,True,KR_6541148692
7,Ezreal,3158,3078,3157,3042,3035,1036,3363,MIDDLE,True,KR_6541148692
8,Seraphine,1056,3040,2055,3116,4644,3158,3363,BOTTOM,True,KR_6541148692
9,Rakan,2065,3107,1028,3860,0,3158,3364,UTILITY,True,KR_6541148692
0,Sion,6665,3143,6660,3047,3105,1033,3364,TOP,False,KR_6541094742
1,Graves,3142,0,0,6676,3071,3047,3364,JUNGLE,False,KR_6541094742
2,Neeko,3152,4645,2424,3102,3020,3089,3363,MIDDLE,False,KR_6541094742
3,Lucian,6675,3047,3036,6672,1018,3086,3363,BOTTOM,False,KR_6541094742
4,Lulu,3504,2065,2055,3853,3158,3114,3364,UTILITY,False,KR_6541094742
5,Gragas,3121,6656,0,3110,3158,1057,3364,TOP,True,KR_6541094742
6,Khazix,6694,3814,3142,3026,0,3158,3364,JUNGLE,True,KR_6541094742
7,Ahri,4628,3089,6656,3102,3041,3111,3364,MIDDLE,True,KR_6541094742
8,Caitlyn,0,6671,3036,3006,1038,3094,3363,BOTTOM,True,KR_6541094742
9,Nami,3853,3114,3009,6620,4005,3916,3364,UTILITY,True,KR_6541094742
0,Sion,3801,3067,1011,3068,6665,3047,3364,TOP,True,KR_6537255337
1,Kindred,3047,6672,3071,0,0,3078,3364,JUNGLE,True,KR_6537255337
2,Gragas,6656,1052,3157,3158,1056,3089,3364,MIDDLE,True,KR_6537255337
3,Kaisa,6672,3006,3124,6673,1036,1036,3363,BOTTOM,True,KR_6537255337
4,Blitzcrank,6656,2055,3857,3117,3011,0,3364,UTILITY,True,KR_6537255337
5,Jayce,6692,3042,6694,3158,0,0,3363,TOP,False,KR_6537255337
6,Khazix,3814,3179,3035,6691,6695,3047,3364,JUNGLE,False,KR_6537255337
7,Ahri,6656,1058,1058,1056,3158,3102,3363,MIDDLE,False,KR_6537255337
8,Ezreal,1055,6694,3158,0,3078,3042,3363,BOTTOM,False,KR_6537255337
9,Yuumi,4005,3916,3853,1004,6620,2055,3364,UTILITY,False,KR_6537255337
0,Jax,3181,3071,3078,3047,3044,1037,3340,TOP,True,KR_6536678803
1,RekSai,6631,2421,1038,8020,3742,3111,3364,JUNGLE,True,KR_6536678803
2,Gragas,6656,3089,3157,3040,3108,3158,3364,MIDDLE,True,KR_6536678803
3,Lucian,6671,6676,6694,3094,3072,3158,3363,BOTTOM,True,KR_6536678803
4,Nami,3853,2065,0,3916,3158,4005,3364,UTILITY,True,KR_6536678803
5,Ornn,3110,3105,2055,3047,3068,3067,3364,TOP,False,KR_6536678803
6,Viego,6632,3026,2055,3071,6672,3047,3364,JUNGLE,False,KR_6536678803
7,Neeko,3152,3157,0,3158,4645,3089,3364,MIDDLE,False,KR_6536678803
8,Aphelios,1038,7006,1053,3036,3006,3095,3363,BOTTOM,False,KR_6536678803
9,Milio,2065,3107,3853,2055,3158,3504,3364,UTILITY,False,KR_6536678803
0,KSante,3105,3143,6662,1029,1033,3047,3364,TOP,False,KR_6536031180
1,Kindred,2055,2422,6671,3094,0,6672,3364,JUNGLE,False,KR_6536031180
2,Ahri,6656,4628,4630,1082,3158,3089,3364,MIDDLE,False,KR_6536031180
3,Zeri,3078,3006,3748,0,3085,0,3363,BOTTOM,False,KR_6536031180
4,Yuumi,3853,0,6620,4005,1052,0,3364,UTILITY,False,KR_6536031180
5,Viego,3071,3026,0,3047,0,6632,3364,JUNGLE,True,KR_6536031180
6,Gnar,1055,1029,3071,3078,1011,3047,3363,TOP,True,KR_6536031180
7,Gragas,3102,6656,3157,3041,1058,3158,3364,MIDDLE,True,KR_6536031180
8,Aphelios,3072,3095,6671,1018,3006,1036,3363,BOTTOM,True,KR_6536031180
9,Blitzcrank,6656,0,3860,8001,0,3117,3364,UTILITY,True,KR_6536031180
0,Renekton,6631,3066,3047,1054,0,0,3364,TOP,True,KR_6534059604
1,Viego,1102,6632,3133,3047,0,0,3364,JUNGLE,True,KR_6534059604
2,Syndra,2033,4644,2424,1058,3020,1052,3363,MIDDLE,True,KR_6534059604
3,Taliyah,3020,6655,1082,1056,1058,0,3363,BOTTOM,True,KR_6534059604
4,Rakan,3859,2055,0,1011,3105,3158,3364,UTILITY,True,KR_6534059604
5,Qiyana,2031,1036,3133,3070,6692,2422,3340,TOP,False,KR_6534059604
6,Kindred,1101,6672,1036,3086,2422,0,3364,JUNGLE,False,KR_6534059604
7,Neeko,2033,1026,3145,1082,1001,1052,3340,MIDDLE,False,KR_6534059604
8,Draven,1001,3067,1055,3134,3057,3051,3340,BOTTOM,False,KR_6534059604
9,Pyke,3134,3117,3855,3133,0,0,3364,UTILITY,False,KR_6534059604
0,Rumble,3152,3157,3165,3020,4630,0,3364,MIDDLE,False,KR_6534033014
1,Khazix,6695,3142,3814,6693,3158,6694,3364,JUNGLE,False,KR_6534033014
2,Irelia,3026,0,6630,3047,3153,1055,3364,TOP,False,KR_6534033014
3,Lucian,6672,3158,3094,3072,1029,6675,3363,BOTTOM,False,KR_6534033014
4,Nami,4005,2065,2055,3853,3158,3012,3364,UTILITY,False,KR_6534033014
5,KSante,3143,3193,8001,0,3158,6662,3364,TOP,True,KR_6534033014
6,Nidalee,3152,4645,3157,3020,0,0,3364,JUNGLE,True,KR_6534033014
7,Renekton,3142,3155,3153,3047,3071,3067,3364,MIDDLE,True,KR_6534033014
8,Aphelios,6671,2421,6672,6676,3072,3006,3363,BOTTOM,True,KR_6534033014
9,Milio,3853,2065,3109,2055,3504,3158,3364,UTILITY,True,KR_6534033014
0,Gnar,3078,3181,0,1054,0,3111,3363,TOP,False,KR_6533986823
1,Kindred,2055,6672,3078,3047,1036,0,3364,JUNGLE,False,KR_6533986823
2,Neeko,3152,2033,2420,4630,3020,1056,3364,MIDDLE,False,KR_6533986823
3,Varus,6671,6672,1053,1018,0,3006,3363,BOTTOM,False,KR_6533986823
4,Renata,3853,2065,2055,3158,1052,3114,3364,UTILITY,False,KR_6533986823
5,Kennen,2421,3152,3135,3020,1082,3108,3364,TOP,True,KR_6533986823
6,MonkeyKing,0,6632,3071,3026,3111,0,3364,JUNGLE,True,KR_6533986823
7,Syndra,6655,3111,3040,3916,0,0,3363,MIDDLE,True,KR_6533986823
8,Zeri,3748,3140,1038,3085,3006,3078,3363,BOTTOM,True,KR_6533986823
9,Rakan,2065,3860,0,3023,3111,3801,3364,UTILITY,True,KR_6533986823
